StudentID,Age,StudyHours,Attendance,PreviousGPA,AssignmentsCompleted,SleepHours,InternetHours,Scholarship,Program,FinalGrade
STU-10522,-0.2,-0.20432220039292745,-0.1161555593626868,0.37017994858611764,-0.7981099656357392,-0.4606060606060609,-0.3246977547495683,1.0,3.0,3.96
STU-10947,2.1,-0.33634577603143434,0.9713894123693666,1.059125964010282,-0.46305841924398655,-0.3090909090909094,0.5135290731145653,0.0,4.0,5.09
STU-11352,0.6,0.22475442043222002,0.49511735480555036,0.34961439588688925,0.3548109965635737,-0.2,0.1312607944732298,0.0,1.0,4.37
STU-12298,0.8,1.3783889980353636,-0.253212266575296,-0.6580976863753218,0.1387457044673536,-0.5272727272727272,0.0023028209556706478,0.0,1.0,4.02
STU-13527,-0.6,-0.9005893909626721,-1.0454000342641774,-0.9151670951156817,-1.010738831615121,-0.4424242424242426,-0.3914795624640185,0.0,2.0,3.24
STU-11440,-0.4,0.28447937131630663,0.0,0.9871465295629819,0.2615979381443296,-0.7939393939393941,-0.14968336211859518,1.0,3.0,4.65
STU-11553,-0.2,2.124165029469548,0.8076066472502985,1.3059125964010276,0.5270618556701032,0.6121212121212113,-0.6563039723661486,1.0,4.0,6.63
STU-13546,0.4,0.4322200392927309,-1.5285249271886252,0.791773778920308,-0.11383161512027522,0.13939393939393907,0.7576280944156593,1.0,3.0,4.97
STU-14415,2.1,-0.6145383104125738,0.19016618125749468,-0.9562982005141393,0.14304123711340208,-0.006060606060606468,0.0,0.0,1.0,4.17
STU-11738,0.4,-1.2762278978389001,-0.6438238821312324,-0.2879177377892033,-1.5927835051546404,0.7636363636363628,1.4185377086931497,1.0,0.0,2.83
STU-11735,-1.0,-0.4463654223968566,0.24430358060647478,-0.5758354755784066,-0.23067010309278382,0.8545454545454539,-0.5043177892918826,0.0,4.0,4.32
STU-10686,0.6,-1.1363457760314344,-0.8309062874764442,0.30848329048843165,-1.2727663230240558,1.951515151515151,0.47207829591249284,0.0,4.0,3.11
STU-14277,1.8,0.6428290766208252,-0.11821140997087602,-0.30848329048843254,0.0,0.3878787878787876,-1.0316637881404722,0.0,1.0,3.73
STU-11715,1.4,0.41335952848723007,-0.8425561075895162,0.3393316195372742,0.1262886597938144,-0.27272727272727276,-0.24870466321243528,0.0,2.0,4.24
STU-14530,-0.6,-0.16502946954813374,-0.07366798012677862,0.5347043701799481,0.011168384879724701,-1.0848484848484847,-0.6908462867012091,0.0,3.0,4.09
STU-14655,0.8,-0.7277013752455797,0.05585060818913712,0.49357326478149044,-0.46262886597938213,0.054545454545454446,0.2579159470351181,0.0,3.0,4.62
STU-13555,0.6,-0.9304518664047152,0.0,-1.069408740359897,-0.6095360824742271,0.0,0.14738054116292473,0.0,2.0,3.05
STU-12994,-0.4,-0.3457760314341846,-0.8076066472503005,-0.6272493573264784,-0.7452749140893479,0.9999999999999994,0.7138744962579162,1.0,1.0,2.58
STU-10322,0.4,-0.037721021611002006,-0.4094569127976706,-0.16452442159383046,-0.21005154639175272,0.09090909090909056,1.4461715601611977,0.0,1.0,2.61
STU-10564,1.2,0.7607072691552064,-0.37108103477813986,0.15424164524421538,0.5270618556701032,-0.6848484848484846,-0.7783534830166955,0.0,2.0,4.25
STU-13999,-1.0,-0.3064833005893909,-0.9467192050710989,1.0694087403598962,-0.8629725085910659,0.25454545454545446,0.2694300518134715,0.0,0.0,4.52
STU-10173,0.4,0.33320235756385064,0.5732396779167377,1.3059125964010276,-0.5150343642611691,-0.13939393939393963,0.31318364997121484,0.0,0.0,4.76
STU-14145,0.2,2.054223968565816,0.9988007538118888,1.1722365038560407,0.33161512027491424,0.6787878787878787,0.7345998848589524,0.0,2.0,6.2
STU-13109,0.4,-0.46994106090373294,-0.3361315744389251,-0.3496143958868902,-0.018470790378007175,-0.21818181818181834,-0.3937823834196892,0.0,2.0,3.91
STU-12215,-0.8,0.24990176817288803,0.8960082234024319,0.061696658097685965,0.5270618556701032,-1.2848484848484847,-0.9188255613126081,1.0,2.0,4.99
STU-11673,0.4,-0.8565815324165031,-1.2496145280109654,-0.8946015424164524,-1.9776632302405512,1.0242424242424242,0.8267127230857804,0.0,3.0,2.57
STU-12193,-0.4,-0.45893909626719065,0.29981154702758167,0.17480719794344463,-0.6499140893470798,0.5393939393939391,-0.1842256764536557,0.0,3.0,4.32
STU-14617,0.2,0.17760314341846772,-0.2422477299982875,0.09254498714652941,0.5270618556701032,-1.3333333333333333,0.8313183649971216,1.0,4.0,3.71
STU-10533,-0.4,0.18546168958742631,0.18125749528867444,-0.8431876606683806,0.0,-0.4,0.5549798503166382,0.0,4.0,3.98
STU-14192,-0.2,-0.776424361493124,-0.6157272571526478,-1.470437017994859,-1.3316151202749151,1.1757575757575758,0.43983880253310315,0.0,3.0,2.52
STU-11985,-0.2,-1.7288801571709236,-1.264005482268289,-0.740359897172237,-0.664948453608248,0.23030303030303018,-0.4237190558434082,1.0,0.0,3.46
STU-13649,0.4,0.8660117878192538,-0.39986294329278793,0.9871465295629819,0.5270618556701032,0.9090909090909084,-1.061600460564191,0.0,2.0,5.11
STU-14038,-0.8,0.25147347740667975,0.4615384615384605,-0.4318766066838054,0.5270618556701032,-0.42424242424242425,0.4052964881980426,1.0,3.0,4.29
STU-13059,0.8,0.13831041257367402,-1.7841356861401412,0.730077120822622,-0.27061855670103097,0.01818181818181779,0.7461139896373057,1.0,0.0,3.58
STU-13506,0.2,0.0,0.0,-0.44215938303341956,0.12070446735395206,0.6060606060606054,0.4651698330454809,0.0,2.0,2.74
STU-11411,1.0,0.05343811394891944,-0.5026554737022448,1.1516709511568113,-1.1997422680412382,-1.7515151515151515,0.8175014392630974,0.0,0.0,4.03
STU-13000,-0.4,0.7811394891944989,0.3196847695734104,-0.09254498714653031,0.5270618556701032,0.7090909090909083,-0.4697754749568222,0.0,4.0,4.38
STU-10378,0.0,-0.4165029469548135,-0.573924961452802,0.8123393316195363,0.08032646048109929,-0.8787878787878787,-0.7023603914795625,0.0,1.0,3.89
STU-13326,-1.0,0.6506876227897841,0.1915367483296205,0.7197943444730068,0.4652061855670105,-0.4121212121212124,-0.27864133563615434,1.0,1.0,5.15
STU-11192,1.0,-1.5025540275049118,0.22991262634915124,-0.18508997429305973,-0.7637457044673545,0.04242424242424205,-0.7944732297063903,0.0,3.0,3.69
STU-12137,1.0,-0.2907662082514735,-1.1365427445605625,0.41131105398457524,-0.48754295532646114,-1.0848484848484847,1.5014392630972946,0.0,4.0,4.01
STU-10611,-0.6,0.7968565815324167,0.2689737879047444,0.8226221079691514,0.5270618556701032,-0.40606060606060596,0.01842256764536559,1.0,2.0,5.26
STU-10420,-0.2,-0.8424361493123774,0.15384615384615316,-0.9254498714652959,-0.5889175257731966,-0.38787878787878816,-0.4812895797351756,0.0,0.0,2.66
STU-11914,0.4,0.3724950884086443,0.9988007538118888,0.997429305912596,0.5270618556701032,-0.7818181818181816,-0.3937823834196892,0.0,4.0,5.1
STU-12156,1.4,0.21846758349705317,-0.705499400376907,0.21593830334190225,-0.25128865979381493,0.09696969696969704,-0.14047207829591238,1.0,4.0,4.04
STU-13582,0.0,0.8235756385068761,0.28679115984238396,0.0,0.5270618556701032,-1.0121212121212118,-0.6033390903857225,1.0,2.0,4.6
STU-12642,0.2,0.2829076620825149,0.09217063560047864,0.1439588688946012,0.40807560137457066,1.0848484848484847,1.2872769142199199,0.0,1.0,4.92
STU-13706,0.0,0.0,-0.5053966078464974,-0.668380462724936,0.5270618556701032,-0.21818181818181834,-1.0846286701208983,0.0,3.0,3.76
STU-14913,-0.4,-0.1948919449901769,0.0,-0.9357326478149101,-0.3170103092783511,-0.8727272727272728,-0.6355785837651123,1.0,2.0,3.12
STU-10549,0.6,1.4098231827111984,0.9988007538118888,-0.6272493573264784,0.5270618556701032,-0.4545454545454545,0.9395509499136446,0.0,1.0,4.55
STU-10758,-1.0,0.6129666011787821,-0.5177317114956318,-0.06169665809768688,0.5270618556701032,-0.8484848484848485,1.5221646516983307,0.0,4.0,4.2
STU-11896,0.4,-0.088015717092338,-0.541716635257839,-0.46272493573264795,-1.1121134020618564,0.36363636363636337,-0.011514104778353443,0.0,1.0,2.94
STU-12682,-0.8,0.19332023575638516,0.5478841870824046,0.0,0.042525773195876096,-0.7090909090909089,0.23258491652274035,0.0,2.0,4.91
STU-10071,1.4,-0.8455795677799608,-1.304437210896009,-0.8637532133676099,-0.7289518900343647,-0.7515151515151515,-0.683937823834197,1.0,2.0,2.87
STU-12224,-1.0,0.08015717092337915,0.8178859002912446,-0.5244215938303348,0.5270618556701032,-0.3696969696969698,-0.3062751871042027,0.0,3.0,3.61
STU-13314,-1.0,0.4667976424361495,0.0,-0.5244215938303348,-0.17482817869415848,0.21818181818181778,-0.35002878526194586,0.0,3.0,3.88
STU-11726,-0.8,-0.776424361493124,-0.6266917937296563,-0.5552699228791773,-0.21048109965635775,-0.2424242424242426,0.8911917098445598,0.0,1.0,2.99
STU-14904,1.2,-1.7288801571709236,-0.12300839472331786,-1.2133676092544992,-0.6666666666666675,0.3393939393939391,-1.093839953943581,0.0,1.0,2.51
STU-14527,-1.0,-0.6569744597249509,0.6493061504197357,-1.007712082262211,0.0,-0.15757575757575795,-0.27864133563615434,0.0,1.0,3.38
STU-13050,-0.2,0.22475442043222002,-0.3306493061504209,-0.4832904884318772,0.13745704467353972,0.01818181818181779,1.6188831318365,0.0,4.0,5.09
STU-12544,0.0,-0.6711198428290767,-1.4723316772314554,-0.8226221079691522,-0.8724226804123717,0.42424242424242425,0.17271157167530227,0.0,4.0,3.19
STU-10627,0.4,0.6931237721021613,-1.0556792873051235,-0.0514138817480727,0.2306701030927832,0.24242424242424204,1.0569948186528502,1.0,4.0,3.98
STU-10691,-0.4,-0.7434184675834973,-2.1162412198046945,-0.18508997429305973,-0.951030927835052,0.7090909090909083,-0.8981001727115718,0.0,2.0,1.65
STU-10450,0.6,0.1964636542239686,0.3717663183142013,-1.3264781491002569,0.0,-0.7939393939393941,-0.14507772020725387,0.0,2.0,3.93
STU-14977,0.0,0.41021611001964636,0.43207126948775004,0.29820051413881654,0.0,0.3393939393939391,0.0,1.0,3.0,5.5
STU-13284,0.0,-1.2007858546168961,-0.5746102449888645,-1.7686375321336765,-0.564862542955327,-0.03030303030303019,-0.9050086355785838,0.0,4.0,2.24
STU-13671,0.2,-0.2640471512770137,-0.20524241905088259,0.24678663239074478,-1.2551546391752586,0.6181818181818183,-0.36384571099597013,0.0,0.0,3.39
STU-13436,0.4,-0.23575638506876231,-1.109131403118041,-0.3804627249357327,-0.40764604810996624,0.15757575757575742,-0.5342544617156016,1.0,3.0,4.75
STU-10371,-1.0,0.8172888015717092,0.2641768031523035,0.21593830334190225,0.04123711340206161,1.0909090909090906,-0.3822682786413357,1.0,2.0,4.81
STU-14491,-0.4,-0.581532416502947,0.31625835189309537,-0.15424164524421627,0.0,1.1939393939393936,-0.27864133563615434,0.0,4.0,4.01
STU-10787,-0.2,-0.7292730844793713,-0.07572383073496783,-0.60668380462725,-1.0124570446735404,0.9272727272727272,-0.6125503742084053,0.0,3.0,3.54
STU-11541,-0.6,-1.5921414538310414,-1.051567586088745,-0.11311053984575867,-1.1550687285223376,-0.31515151515151535,-0.9925158318940703,1.0,3.0,2.94
STU-13577,0.4,-0.5736738703339883,-0.7164639369539155,-0.7300771208226229,0.5270618556701032,-0.5393939393939396,0.24409902130109398,0.0,4.0,3.54
STU-13293,1.0,-0.01886051080550086,-0.12986123008394793,-0.17480719794344554,0.3049828178694157,-0.21818181818181834,-0.584916522740357,0.0,0.0,4.05
STU-11502,-1.0,0.6019646365422398,-0.23676546170978327,-0.21593830334190317,0.03651202749140871,1.3757575757575757,-0.5826137017846863,0.0,0.0,4.38
STU-11248,-0.2,-0.05815324165029458,-1.2091827993832454,1.00771208226221,-0.20231958762886643,0.22424242424242427,-0.29245826137017844,0.0,3.0,3.95
STU-11483,-0.2,0.0,-1.0392324824396098,-1.1516709511568122,-1.2646048109965644,0.5333333333333331,0.0,1.0,0.0,2.97
STU-11197,0.8,0.0,-0.28199417508994407,0.39074550128534685,-0.6915807560137465,-0.9454545454545455,2.1565918249856075,1.0,3.0,4.03
STU-12355,-0.4,-0.9021611001964639,-1.0323796470789797,0.010282776349614175,0.006443298969071802,-0.33939393939393964,0.5020149683362121,0.0,3.0,2.9
STU-13295,0.0,-0.4683693516699412,-0.8076066472503005,0.0,-0.3994845360824743,-0.40606060606060596,-0.37305699481865295,1.0,1.0,4.48
STU-11954,0.2,-0.8471512770137526,-0.12712009593969628,0.45244215938303284,-0.33805841924398666,0.48484848484848464,-0.013816925734024092,1.0,4.0,4.98
STU-10190,-1.0,-1.5009823182711202,-1.5744389241048489,0.45244215938303284,-1.9398625429553278,0.16363636363636333,-0.27633851468048365,0.0,4.0,2.12
STU-14114,0.0,1.7791748526522597,0.0,1.3059125964010276,0.5270618556701032,0.5878787878787876,0.0,0.0,3.0,4.76
STU-12753,0.8,-0.28447937131630663,-0.10656158985780413,-0.4318766066838054,-0.4682130584192445,0.7939393939393935,-0.6217616580310881,0.0,2.0,3.73
STU-10158,-0.8,0.0,-0.8480383758780204,-1.007712082262211,-0.7710481099656363,0.8424242424242421,-0.2671272308578009,0.0,1.0,2.73
STU-13760,-0.4,-0.07858546168958744,-0.5074524584546867,-0.44215938303341956,-0.3874570446735402,0.09090909090909056,0.8819804260218771,0.0,1.0,3.44
STU-14372,-1.0,0.5249508840864441,-0.1606989892067852,0.7403598971722362,0.5270618556701032,0.8181818181818183,-0.45826137017846863,0.0,4.0,5.85
STU-12012,-0.6,-0.03614931237721029,-0.28130889155388167,-0.041131105398457615,0.3848797250859106,0.5939393939393935,-0.44905008635578586,0.0,2.0,4.85
STU-14911,-1.0,-0.16188605108055001,-0.29638512934726857,-0.35989717223650436,-0.8526632302405507,-0.38787878787878816,-0.9763960852043756,1.0,1.0,3.61
STU-10960,-0.2,0.08015717092337915,0.2833647421620689,0.6066838046272491,-0.516752577319588,0.3272727272727272,0.2671272308578009,0.0,4.0,4.98
STU-10689,-0.4,0.36620825147347746,0.9241048483810166,0.41131105398457524,0.0,0.24242424242424204,0.5826137017846864,0.0,2.0,4.63
STU-14852,0.0,0.7119842829076624,0.0,-0.2776349614395891,-0.40463917525773224,0.20606060606060592,-0.4766839378238342,0.0,1.0,4.2
STU-12737,0.2,0.6098231827111986,0.5732396779167377,-1.4601542416452449,0.5270618556701032,1.0969696969696965,-0.9073114565342545,0.0,2.0,4.34
STU-13404,1.4,-0.4542239685658155,-0.8966935069384963,-0.534704370179949,0.23754295532646066,-1.0787878787878786,-0.4697754749568222,1.0,4.0,4.47
STU-11485,-0.6,-0.41178781925343805,-0.7541545314373829,-0.40102827763496196,-0.8758591065292102,0.5030303030303029,-0.4743811168681635,1.0,3.0,2.87
STU-11178,0.6,-0.39607072691552064,-0.8082919307863639,0.41131105398457524,-0.6056701030927842,0.0,2.1565918249856075,1.0,0.0,4.31
STU-14613,-0.8,-0.13516699410609032,-1.2304265890012,-0.5861182519280208,0.0,-0.12727272727272723,1.1076568796776052,0.0,2.0,2.59
STU-11696,1.2,-1.3736738703339886,0.032550967962994296,-0.8637532133676099,-1.4278350515463927,-0.6606060606060604,-0.16119746689694883,1.0,1.0,3.09
STU-12164,0.8,0.9776031434184675,0.4622237450745239,-0.6169665809768642,0.5270618556701032,-0.6181818181818183,1.658031088082902,1.0,3.0,4.93
STU-11377,0.0,0.5563850687622789,-0.050368339900634815,0.6272493573264775,-0.4089347079037807,0.6848484848484846,0.4928036845135293,0.0,2.0,4.64
STU-14598,-0.8,0.33634577603143434,-0.13602878190851558,1.0488431876606679,-0.15549828178694186,0.46060606060606035,0.9579735175590102,0.0,3.0,5.37
STU-14485,0.6,0.6664047151277013,0.5547370224430347,-0.1439588688946021,-0.3311855670103098,-0.5818181818181817,-0.6954519286125505,1.0,1.0,4.77
STU-11929,1.0,-0.14302554027504916,-1.8602021586431392,-0.5449871465295631,0.0,1.7333333333333332,-0.46747265400115146,1.0,0.0,3.46
STU-14822,0.0,0.7512770137524561,0.9988007538118888,0.7609254498714645,0.5270618556701032,0.6545454545454539,-0.19113413932066786,0.0,3.0,5.69
STU-12423,-0.2,-0.40235756385068777,0.9988007538118888,0.010282776349614175,0.5270618556701032,-0.703030303030303,0.2394933793897525,0.0,2.0,4.17
STU-13876,1.0,1.4648330058939099,0.9988007538118888,0.061696658097685965,0.5270618556701032,-0.04848484848484852,0.4099021301093841,0.0,1.0,4.59
STU-10355,0.0,1.387819253438114,0.5876306321740612,1.3059125964010276,0.5270618556701032,-0.7151515151515153,0.6102475532527346,0.0,1.0,5.03
STU-10941,-0.4,-1.2337917485265228,-0.604077437039576,-0.6169665809768642,-0.3831615120274917,-0.4545454545454545,0.37766263672999445,1.0,3.0,2.99
STU-10730,0.2,0.40235756385068777,0.04420078807606522,0.3187660668380458,0.5270618556701032,-0.2787878787878787,1.8883131836499714,1.0,4.0,4.3
STU-10223,0.6,1.4444007858546173,0.9988007538118888,1.3059125964010276,0.5270618556701032,0.1212121212121213,0.7553252734599887,1.0,0.0,5.85
STU-14173,0.0,0.029862475442043148,0.24430358060647478,0.12339331619537193,-0.04037800687285216,-0.40606060606060596,-0.9786989061600462,1.0,4.0,5.19
STU-10721,1.6,-0.24833005893909632,0.36902518416994967,0.2776349614395882,0.5270618556701032,-0.6181818181818183,-0.44674726540011517,0.0,1.0,4.42
STU-11340,0.6,0.0,0.39095425732396666,0.41131105398457524,0.242697594501718,-0.3939393939393941,0.0,0.0,1.0,5.25
STU-10781,0.2,-0.6726915520628686,-0.438924104848382,-0.3804627249357327,-0.3354810996563577,-0.6787878787878787,1.0708117443868739,0.0,4.0,3.69
STU-14310,-0.2,-1.3045186640471516,-0.7486722631488786,-0.9974293059125969,-0.856099656357389,0.10303030303030296,-1.1836499712147381,1.0,0.0,3.09
STU-13245,0.4,-0.7591355599214147,-0.4512592084975164,-0.1439588688946021,-0.24527491408934757,-0.012121212121212399,-0.2118595279217041,1.0,2.0,3.43
STU-13712,-0.6,-0.0848722986247543,-0.28473530923419665,0.11311053984575775,-0.22809278350515486,0.1878787878787876,2.1565918249856075,1.0,4.0,3.85
STU-11966,-0.2,-0.5375245579567781,-0.01953058077779755,-0.46272493573264795,0.46305841924398655,0.41818181818181777,-0.8543465745538286,0.0,3.0,4.7
STU-13046,-0.4,-0.4275049115913558,-2.1162412198046945,-1.5218508997429308,-0.8994845360824746,-0.26666666666666683,-0.45365572826712725,0.0,1.0,2.49
STU-13878,0.8,-0.938310412573674,-0.8411855405173894,-1.0796915167095122,-0.7667525773195885,0.7575757575757569,-1.0316637881404722,1.0,4.0,3.76
STU-12575,-0.2,0.37721021611001976,0.0,1.3059125964010276,0.04338487972508554,-0.40606060606060596,-0.5872193436960277,0.0,3.0,4.81
STU-14891,-0.2,-0.8880157170923382,0.8932670892581793,-0.6580976863753218,0.5270618556701032,0.5090909090909089,2.1139896373057,0.0,2.0,4.67
STU-14665,-1.0,-0.7119842829076622,-0.8480383758780204,-0.6375321336760925,-0.3354810996563577,-1.8969696969696968,-0.14507772020725387,1.0,4.0,3.24
STU-10690,2.1,-0.6176817288801573,-0.8322768545485701,-0.60668380462725,-0.4243986254295539,-0.33333333333333315,-0.9971214738054118,0.0,4.0,3.04
STU-10531,-0.6,-1.031041257367387,-0.5465136200102798,-1.5938303341902318,-1.6082474226804135,-0.9636363636363633,0.9556706966033391,0.0,2.0,1.58
STU-13733,-1.0,0.025147347740668003,-0.09970875449717405,0.22622107969151642,-0.5601374570446741,-0.34545454545454557,-0.37305699481865295,1.0,2.0,3.56
STU-12911,0.8,0.3567779960707269,0.869282165495973,0.21593830334190225,0.45403780068728516,0.648484848484848,0.5388601036269433,0.0,3.0,5.12
STU-12694,-0.4,0.3080550098231829,-0.6924790131917092,0.0,0.11125429553264565,0.8909090909090905,-1.1859527921704087,0.0,0.0,3.92
STU-12843,0.2,-0.5390962671905698,-1.5017988692821662,-0.473007712082263,0.0,-0.38181818181818167,-0.4260218767990789,1.0,4.0,2.26
STU-11959,0.6,-0.9996070726915522,-0.6643823882131237,-1.1619537275064273,-0.9162371134020623,-0.3939393939393941,-0.8198042602187681,0.0,2.0,2.91
STU-11479,-0.4,0.5988212180746564,-0.20661298612300938,-0.7095115681233937,0.195446735395189,0.6606060606060599,0.3108808290155442,0.0,4.0,4.25
STU-13252,-0.8,0.906876227897839,0.4190508823025523,0.0,0.5270618556701032,0.6787878787878787,0.2256764536557284,0.0,1.0,4.9
STU-14695,0.2,0.856581532416503,0.9988007538118888,0.4318766066838045,0.5270618556701032,-0.5757575757575757,0.753022452504318,1.0,1.0,5.64
STU-11213,-1.0,-0.11316306483300602,0.022956998458111614,-0.4215938303341903,-0.38187285223367723,1.5212121212121201,0.37305699481865295,0.0,0.0,4.51
STU-12050,0.4,-0.545383104125737,-0.3279081720061683,-0.9151670951156817,-0.5339347079037806,0.448484848484848,0.5987334484743814,0.0,1.0,3.61
STU-12957,-1.0,-0.2577603143418469,-0.7719719033750224,-1.007712082262211,-1.0438144329896915,-0.2909090909090911,0.15659182498560753,0.0,0.0,3.36
STU-10954,-1.0,0.1948919449901769,-1.1790303237964717,1.1105398457583537,-1.020189003436427,0.4909090909090906,-0.5112262521588946,1.0,1.0,3.96
STU-14044,-1.0,1.708447937131631,0.2353948946376555,-0.4935732647814914,0.5270618556701032,-0.24848484848484853,0.02763385146804839,0.0,4.0,4.69
STU-14633,0.4,0.9634577603143418,0.9988007538118888,1.3059125964010276,-0.04639175257731954,-0.4303030303030302,1.4738054116292458,0.0,2.0,5.16
STU-10032,-1.0,0.0,0.15590200445434238,0.1439588688946012,-0.6829896907216502,0.7818181818181816,0.16119746689694883,0.0,4.0,3.45
STU-13265,0.0,1.0750491159135562,0.9734452629775558,0.32904884318766,-1.1774054982817879,-0.01818181818181833,0.2855497985031665,0.0,0.0,4.55
STU-12774,-1.0,0.12259332023575631,-0.6952201473359609,-1.5629820051413885,0.3234536082474229,1.0666666666666658,-0.6770293609671849,0.0,4.0,4.26
STU-10335,-0.2,-0.2577603143418469,-0.23608017817371987,-0.8843187660668382,-0.853092783505155,1.1090909090909085,-0.6355785837651123,0.0,4.0,4.09
STU-14735,0.2,-0.5249508840864441,-0.3292787390782941,0.5552699228791764,-0.02061855670103111,-0.17575757575757575,0.6355785837651126,1.0,4.0,3.61
STU-14356,-0.4,0.08958742632612973,0.024327565530237433,0.22622107969151642,-0.4179553264604815,0.02424242424242426,0.9441565918249859,0.0,2.0,4.49
STU-14102,0.8,-0.09587426326129658,0.5040260407743696,-0.7506426735218512,0.5270618556701032,-0.5757575757575757,-0.8036845135290732,1.0,4.0,3.66
STU-10451,-0.4,0.14459724950884087,0.6643823882131227,-0.21593830334190317,0.04080756013745719,-0.4787878787878787,-0.7875647668393784,0.0,4.0,4.3
STU-14669,0.4,1.2055009823182716,0.35463422991262517,0.0,0.5270618556701032,-1.16969696969697,0.432930339666091,0.0,4.0,5.0
STU-10343,1.0,0.6223968565815327,0.008566044200787102,0.0,0.5030068728522337,-0.4303030303030302,0.11974668969487635,0.0,0.0,4.59
STU-13461,1.4,0.4542239685658155,0.7164639369539135,0.17480719794344463,0.5270618556701032,0.5939393939393935,-0.13816925734024174,0.0,1.0,5.65
STU-11464,-0.4,0.8801571709233795,0.6678088058934377,-0.740359897172237,-0.3118556701030932,-0.703030303030303,-0.04375359815774313,0.0,2.0,3.83
STU-10469,-1.0,-1.0294695481335954,-0.9782422477299986,-0.596401028277635,-1.4192439862542967,-0.1333333333333337,0.2302820955670697,1.0,4.0,3.18
STU-11632,-1.0,-0.11473477406679773,-0.4677060133630301,-0.2570694087403599,-0.37886597938144384,0.4909090909090906,0.356937248128958,1.0,3.0,4.15
STU-13963,-0.4,2.124165029469548,0.93164296727771,1.3059125964010276,0.5270618556701032,-0.7575757575757575,2.1565918249856075,1.0,4.0,5.72
STU-11684,-1.0,0.7166994106090373,0.2984409799554558,0.9871465295629819,0.5270618556701032,-0.6242424242424243,-0.6171560161197467,0.0,1.0,4.81
STU-12133,0.2,-1.7288801571709236,-0.7966421106732919,-1.069408740359897,-1.2371134020618566,-0.9636363636363633,-0.6332757628094416,0.0,1.0,1.59
STU-12172,0.8,0.6365422396856584,0.47318828165153237,-1.007712082262211,0.5270618556701032,0.01818181818181779,-0.3062751871042027,0.0,2.0,4.36
STU-14374,0.8,0.5579567779960709,0.764433784478327,-0.8534704370179949,0.5270618556701032,-1.242424242424242,-0.6010362694300518,1.0,3.0,4.68
STU-12123,0.4,-0.3646365422396858,0.9988007538118888,-0.4935732647814914,-0.47250859106529236,-0.4727272727272728,-0.0805987334484743,0.0,2.0,3.36
STU-12763,-1.0,-0.12573673870334,0.18742504711324207,-1.0488431876606688,0.0,0.012121212121211861,1.694876223373633,0.0,2.0,3.91
STU-12016,2.1,0.3269155206286838,0.9988007538118888,0.658097686375321,0.5270618556701032,1.0242424242424242,1.2251007484168106,1.0,3.0,5.16
STU-12803,0.6,-0.05343811394891944,0.49237622066129777,0.5244215938303339,0.0,-0.23030303030303018,-0.2164651698330454,0.0,0.0,4.27
STU-13558,0.6,1.1017681728880162,0.7479869796128142,0.9254498714652949,0.5270618556701032,-0.6121212121212124,2.1093839953943583,0.0,4.0,6.53
STU-10831,-0.2,-0.014145383104125716,0.6568442693164291,0.02056555269922835,-0.16752577319587664,-1.3090909090909089,1.3955094991364423,0.0,4.0,4.7
STU-13988,-0.4,-1.59056974459725,-0.3614870652732572,-0.8226221079691522,0.0,1.6303030303030301,-0.2256764536557282,0.0,4.0,2.44
STU-11998,2.1,0.13202357563850686,-0.23539489463765745,0.6169665809768633,-1.0158934707903788,-0.2787878787878787,-0.34542314335060453,1.0,0.0,3.58
STU-14295,-0.8,-0.15088408644400803,0.9988007538118888,-0.6272493573264784,0.5270618556701032,0.26666666666666633,-0.6954519286125505,1.0,1.0,4.41
STU-13945,0.4,-0.023575638506876287,0.5156758608874416,-0.16452442159383046,0.5270618556701032,-0.5454545454545455,-0.052964881980425926,1.0,2.0,4.6
STU-14290,0.8,0.6899803536345778,0.5191022785677566,0.0,0.5270618556701032,-0.4,-0.9441565918249857,0.0,3.0,4.98
STU-11925,-0.6,-0.029862475442043148,-0.5273256810005145,-0.2365038560411315,0.022336769759450013,-0.12727272727272723,0.3753598157743236,0.0,3.0,4.39
STU-13280,1.4,0.7214145383104127,-0.24978584889498098,-0.12339331619537285,0.5270618556701032,-1.4848484848484846,1.2204951065054694,1.0,4.0,4.22
STU-10011,0.2,-1.4239685658153245,-2.1162412198046945,-0.8534704370179949,-0.6812714776632306,0.8121212121212114,-0.356937248128958,0.0,4.0,2.23
STU-10869,-0.2,0.9901768172888018,-0.1606989892067852,1.059125964010282,0.3784364261168388,-0.07878787878787871,-0.8244099021301095,1.0,4.0,6.17
STU-12058,0.6,-0.969744597249509,-1.3201987322254591,-0.7506426735218512,-1.0055841924398636,1.0969696969696965,-0.06908462867012087,0.0,2.0,2.51
STU-12912,1.8,-0.020432220039292858,0.43207126948775004,-0.21593830334190317,0.4398625429553265,-0.2121212121212124,-0.4513529073114566,0.0,3.0,4.8
STU-10407,0.0,-0.5752455795677801,0.6376563303066638,-2.0822622107969164,-0.11082474226804123,1.2848484848484847,0.541162924582614,0.0,1.0,3.54
STU-12684,0.8,-0.9681728880157173,0.22785677574096203,-0.8534704370179949,0.5270618556701032,0.12727272727272723,-0.2210708117443869,0.0,1.0,4.36
STU-10246,-0.4,-0.2593320235756386,-0.5896864827822523,-0.4318766066838054,-0.22164948453608307,-0.6727272727272727,0.568796776050662,1.0,3.0,4.17
STU-10250,0.0,-1.5858546168958745,-0.4307007024156252,-0.08226221079691523,-1.176975945017183,0.12727272727272723,1.1445020149683363,0.0,2.0,3.97
STU-14631,0.4,-0.31434184675834975,-0.37245160185026666,-0.473007712082263,-0.5786082474226807,0.848484848484848,-0.4997121473805412,1.0,4.0,3.9
STU-10434,-0.4,-0.46994106090373294,-0.48894980298098367,-1.0282776349614395,-1.340635738831616,1.163636363636363,0.0,0.0,1.0,2.86
STU-13703,1.2,-0.3222003929273086,0.9988007538118888,0.0,0.1847079037800687,0.44242424242424205,1.1951640759930917,1.0,2.0,4.51
STU-13724,-1.0,0.9508840864440081,-0.29638512934726857,-0.7609254498714654,0.5270618556701032,0.20606060606060592,-0.40299366724237196,0.0,0.0,4.34
STU-11326,-0.2,0.12573673870334,-0.7658043515504547,0.29820051413881654,-0.006443298969072413,-0.36363636363636387,0.26482440990213024,1.0,4.0,4.27
STU-14661,1.2,-0.3489194499017683,0.9988007538118888,0.29820051413881654,0.5270618556701032,-0.3212121212121213,0.31318364997121484,1.0,3.0,4.6
STU-11627,0.8,-0.07072691552062858,0.0,-0.7506426735218512,-0.521907216494846,0.4363636363636361,-0.782959124928037,0.0,2.0,3.27
STU-12306,1.4,0.0,0.0,-1.6246786632390744,-1.058419243986255,-0.20606060606060592,-0.29476108232584924,0.0,2.0,1.44
STU-12405,0.6,-1.3721021611001967,-1.3359602535549087,0.8020565552699221,-1.2615979381443307,0.8666666666666668,1.1352907311456537,1.0,2.0,5.05
STU-12139,0.8,-0.9477406679764245,-0.7945862600651028,-1.347043701799486,-1.1786941580756023,-1.3393939393939391,0.8336211859527923,0.0,0.0,2.67
STU-11358,0.4,-0.17603143418467573,0.7335960253554897,0.0411311053984567,-0.18084192439862587,-0.042424242424242586,2.0426021876799085,0.0,1.0,4.3
STU-10956,-0.8,1.7587426326129671,0.9988007538118888,0.23650385604113058,0.5270618556701032,0.5090909090909089,-0.06217616580310872,0.0,1.0,5.03
STU-12457,0.0,0.18860510805500974,0.13123179715607278,0.0411311053984567,0.19415807560137452,1.2181818181818171,0.3914795624640185,0.0,2.0,4.52
STU-10938,0.2,-0.5139489194499018,0.9309576837416476,0.5861182519280198,0.3741408934707903,-0.42424242424242425,0.38457109959700636,0.0,0.0,5.41
STU-14234,1.2,-1.2306483300589393,0.0,-1.0282776349614395,-0.29725085910652943,0.46060606060606035,0.7276914219919405,1.0,0.0,1.84
STU-11535,1.6,0.0,-0.04488607161213057,-1.4087403598971722,-0.6752577319587633,0.7696969696969698,1.7593552101324124,1.0,3.0,3.42
STU-10222,0.4,-1.6314341846758351,-0.5554223059791,-0.7197943444730078,-0.2538659793814439,-0.9515151515151515,-1.0224525043177892,0.0,3.0,2.21
STU-11859,0.0,1.1111984282907665,-0.17988692821655056,0.7814910025706937,0.5270618556701032,-0.2424242424242426,0.8198042602187681,1.0,3.0,5.18
STU-11717,0.2,-0.47151277013752463,0.16275483981497246,-0.10282776349614449,-1.1026632302405506,0.7212121212121213,-0.8382268278641336,0.0,2.0,3.41
STU-13844,0.6,0.2326129666011789,0.05722117526126391,-0.8843187660668382,-0.12371134020618606,-0.8484848484848485,0.07829591249280367,0.0,1.0,4.0
STU-10403,-0.6,1.0420432220039293,0.43207126948775004,-0.40102827763496196,0.5270618556701032,-1.2787878787878788,-0.7852619458837076,0.0,2.0,4.02
STU-14294,-0.4,-0.24990176817288803,-0.3094055165324663,-0.60668380462725,0.5270618556701032,1.4303030303030302,0.16119746689694883,1.0,4.0,5.01
STU-13642,0.2,1.508840864440079,0.8473530923419561,0.12339331619537193,0.5270618556701032,0.0,-0.95797351755901,0.0,2.0,4.85
STU-14159,-1.0,-0.17603143418467573,0.3738221689223905,-1.19280205655527,-0.4548969072164952,-0.31515151515151535,1.7132987910189985,1.0,4.0,3.26
STU-13801,0.4,0.6632612966601178,0.6376563303066638,0.0,0.5270618556701032,-1.4727272727272729,-0.48589522164651705,0.0,0.0,5.44
STU-11445,-1.0,0.782711198428291,0.8350179886928207,-0.4113110539845761,0.5270618556701032,-1.6424242424242421,-0.1934369602763385,0.0,0.0,5.08
STU-12410,-0.6,-1.0734774066797645,-1.6045913996916232,-1.1825192802056557,-1.2203608247422688,0.4,-0.0990213010938399,0.0,3.0,2.43
STU-10763,-0.2,1.7854616895874265,-0.12506424533150706,1.3059125964010276,0.5270618556701032,0.48484848484848464,0.4605641911341394,1.0,4.0,6.32
STU-13533,-1.0,0.5689587426326129,-0.30323796470789866,0.41131105398457524,-0.619845360824743,0.0,-0.75993091537133,0.0,2.0,4.63
STU-13296,-0.4,0.4275049115913558,-0.38067500428302253,0.7403598971722362,0.5270618556701032,0.1515151515151515,1.390903857225101,0.0,0.0,5.18
STU-12894,1.2,-0.9005893909626721,-0.18948089772143323,-0.20565552699228806,0.28264604810996574,-0.3515151515151515,-0.43523316062176165,0.0,4.0,3.5
STU-10582,-0.2,0.7402750491159138,-0.0825766660955979,1.1516709511568113,0.2714776632302404,-0.9333333333333331,0.7000575705238918,1.0,3.0,5.13
STU-13500,0.0,-0.8282907662082516,-0.3895836902518428,-0.03084832904884344,-0.6688144329896915,0.26666666666666633,0.0,1.0,4.0,3.71
STU-12433,1.4,0.8487229862475442,-0.003083775912284798,0.010282776349614175,-0.21649484536082514,-0.4,-0.13126079447322958,0.0,3.0,4.85
STU-14955,-0.2,0.44007858546168976,0.97892753126606,0.41131105398457524,0.35567010309278374,-0.9515151515151515,-0.4099021301093841,0.0,4.0,5.18
STU-14679,0.2,1.8561886051080552,0.9988007538118888,0.8123393316195363,0.5270618556701032,-0.303030303030303,0.18883131836499722,0.0,0.0,5.74
STU-13169,1.0,0.0,-0.9042316258351898,-0.9562982005141393,0.5270618556701032,0.42424242424242425,0.432930339666091,1.0,2.0,2.76
STU-11412,0.8,0.0015717092337917153,0.9021757752269995,-0.4832904884318772,-0.09106529209622018,-0.7454545454545456,-0.21876799078871625,0.0,4.0,3.88
STU-12317,-0.2,0.2561886051080552,-0.3779338701387709,-0.08226221079691523,0.0,1.1939393939393936,2.1565918249856075,1.0,4.0,4.83
STU-11060,1.0,1.2856581532416504,0.9988007538118888,0.0,0.5270618556701032,0.6363636363636361,-0.8221070811744388,1.0,3.0,5.18
STU-14385,-1.0,-1.0656188605108057,-0.7726571869110848,0.05141388174807179,-0.5854810996563581,1.5878787878787877,-0.3246977547495683,0.0,4.0,3.74
STU-13828,1.0,-0.6286836935166995,-0.4450916566729487,-1.1105398457583546,-1.3676975945017191,-0.7212121212121213,-0.35002878526194586,0.0,3.0,2.62
STU-13248,-0.4,-0.40707269155206294,-1.0090800068528358,0.061696658097685965,-1.0889175257731964,-0.9333333333333331,1.275762809441566,1.0,2.0,3.15
STU-12357,0.8,-0.5893909626719058,0.4622237450745239,-0.6375321336760925,-0.3994845360824743,0.24848484848484853,-0.2026482440990213,1.0,0.0,4.57
STU-13520,-0.2,-0.47465618860510805,0.39780709268459774,-0.07197943444730105,-0.27319587628865993,0.37575757575757573,0.3914795624640185,0.0,4.0,3.99
STU-10419,-0.8,-0.3049115913555992,-0.6520472845639893,-0.9048843187660676,0.5270618556701032,0.24242424242424204,-0.5273459988485896,0.0,4.0,4.13
STU-12020,-0.2,1.3438113948919452,0.46565016275483895,1.2339331619537266,0.5270618556701032,1.2666666666666657,-0.2118595279217041,0.0,1.0,5.65
STU-13435,-1.0,1.189783889980354,0.9988007538118888,0.1439588688946012,0.011597938144329733,0.448484848484848,-0.42141623488773744,0.0,4.0,4.29
STU-12526,0.8,0.6648330058939098,0.47387356518759577,0.45244215938303284,0.0,-0.17575757575757575,0.5227403569372483,0.0,0.0,5.49
STU-11431,1.6,0.014145383104125716,-1.3195134486893958,-1.3264781491002569,0.33676975945017157,1.4848484848484846,-0.7852619458837076,0.0,2.0,3.08
STU-14371,0.2,-0.9005893909626721,-1.051567586088745,-1.6349614395886896,-1.3891752577319596,0.01818181818181779,-0.16119746689694883,1.0,4.0,2.39
STU-10270,0.2,-1.183497053045187,0.8309062874764424,-0.6478149100257077,-1.4372852233676985,0.6545454545454539,-0.12895797351755894,1.0,4.0,3.21
STU-11124,0.0,0.34734774066797663,0.6129861230083942,-0.35989717223650436,-0.072594501718213,-0.2909090909090911,1.4300518134715028,0.0,3.0,4.38
STU-10852,-1.0,1.057760314341847,0.09080006852835282,1.120822622107969,0.5270618556701032,0.1212121212121213,0.9142199194012667,1.0,2.0,5.42
STU-10901,0.2,-0.782711198428291,-0.3539489463765637,0.22622107969151642,-0.008591065292096347,1.7939393939393935,-0.7760506620610248,1.0,3.0,5.58
STU-13491,0.4,0.8361493123772104,0.06750042830220902,0.5449871465295623,0.5270618556701032,-0.9515151515151515,0.3684513529073116,1.0,4.0,4.48
STU-14751,0.0,0.5233791748526524,0.4012335103649127,0.4318766066838045,-0.10524054982817888,0.6727272727272727,0.14968336211859537,0.0,1.0,5.04
STU-14014,1.2,-0.5988212180746564,-0.5547370224430367,0.02056555269922835,0.0,-0.6787878787878787,-0.47898675877950486,0.0,2.0,3.09
STU-10593,0.0,1.0499017681728882,0.22031865684426855,0.9871465295629819,0.5270618556701032,-1.0242424242424242,0.0,1.0,3.0,4.91
STU-11687,0.4,-0.9524557956777997,-0.7589515161898247,-0.6992287917737794,-1.0695876288659802,-0.006060606060606468,-0.2579159470351181,0.0,4.0,2.19
STU-13121,0.0,-0.8251473477406681,-1.3051224944320723,-2.0822622107969164,-0.757731958762887,0.11515151515151482,-0.6954519286125505,0.0,4.0,2.84
STU-11498,-1.0,0.17760314341846772,-1.22357375364057,0.02056555269922835,-0.000429553264605031,0.303030303030303,1.324122049510651,0.0,3.0,3.69
STU-10510,1.2,1.2369351669941064,0.7692307692307688,0.730077120822622,0.5270618556701032,-0.9878787878787876,-0.4951065054691998,1.0,0.0,5.89
STU-14183,0.4,1.2259332023575642,0.9988007538118888,0.17480719794344463,0.25300687285223383,0.9939393939393936,-0.4237190558434082,0.0,1.0,5.13
STU-13581,-0.2,0.28447937131630663,0.0318656844269309,-1.3264781491002569,0.5270618556701032,-0.8363636363636361,-0.9625791594703512,0.0,1.0,3.09
STU-12129,0.4,-0.9398821218074659,-0.8206270344354982,0.45244215938303284,-0.27147766323024103,-0.01818181818181833,0.6632124352331606,0.0,0.0,3.19
STU-10390,0.6,0.40235756385068777,-0.4375535377762552,0.16452442159382955,0.5270618556701032,1.1999999999999995,-0.6931491076568798,1.0,4.0,4.61
STU-10574,0.0,0.29233791748526516,-0.22168922391639634,-0.2982005141388175,0.14304123711340208,-0.03030303030303019,0.6747265400115143,0.0,2.0,4.49
STU-12767,-0.6,-1.0719056974459726,-0.1963337330820633,-0.1439588688946021,-0.25515463917525777,-0.2424242424242426,0.7691421991940129,1.0,0.0,4.08
STU-11937,0.2,0.0,0.18879561418536886,0.1439588688946012,-0.2817869415807563,-1.0848484848484847,0.40299366724237196,0.0,4.0,4.77
STU-14010,-0.6,0.7937131630648333,-0.6643823882131237,1.3059125964010276,0.5270618556701032,-0.3696969696969698,-0.5020149683362118,0.0,4.0,4.61
STU-14848,-0.6,-0.41021611001964636,0.039403803323624365,-0.7712082262210795,-0.23067010309278382,-1.1818181818181817,0.19573978123200936,1.0,2.0,4.19
STU-14011,0.4,-0.9493123772102163,-0.26897378790474635,-0.3496143958868902,-0.544673539518901,-0.7878787878787876,-0.27633851468048365,1.0,1.0,3.77
STU-11150,-0.2,0.2451866404715129,0.636285763234537,0.6683804627249351,-0.10309278350515494,0.41818181818181777,1.4645941278065633,1.0,4.0,5.96
STU-13651,0.4,1.1284872298624755,-1.3311632688024677,-0.4935732647814914,0.5270618556701032,0.1878787878787876,-0.06678180771445022,0.0,0.0,4.74
STU-14882,0.8,1.2447937131630653,0.7993832448175426,1.3059125964010276,0.5270618556701032,-0.23030303030303018,-0.48589522164651705,0.0,1.0,5.05
STU-13794,0.4,0.3819253438113949,-0.1387699160527672,-1.1722365038560416,0.5270618556701032,-0.3515151515151515,0.17040875071963163,0.0,2.0,3.99
STU-10494,-1.0,-0.8911591355599215,-0.07024156244646261,-0.3907455012853478,-1.2001718213058428,-0.5090909090909089,-0.33621185952792176,0.0,0.0,2.97
STU-10435,1.2,0.4306483300589392,0.08737365084803779,0.15424164524421538,-0.687714776632303,0.7030303030303025,-0.3707541738629821,0.0,4.0,4.41
STU-13045,-0.6,0.0,0.19770430015418816,-0.12339331619537285,0.1417525773195876,-0.07272727272727278,-0.6885434657455384,0.0,4.0,4.3
STU-13425,0.2,-1.183497053045187,0.26691793729655516,1.00771208226221,-0.32216494845360844,1.2727272727272727,-0.4191134139320668,0.0,3.0,4.58
STU-11146,0.4,-0.10373280943025544,-0.6924790131917092,0.4010282776349611,0.4497422680412373,-0.27272727272727276,0.4997121473805412,1.0,4.0,4.21
STU-12411,0.2,1.4994106090373283,0.41151276340585885,-0.08226221079691523,0.5270618556701032,0.6242424242424243,-0.36154289004029927,0.0,1.0,5.95
STU-13476,0.8,0.6711198428290767,0.4985437724858654,-0.2467866323907457,0.5270618556701032,-0.7272727272727272,-0.15889464594127797,1.0,3.0,4.37
STU-13130,-0.8,-0.4055009823182712,0.0,0.4832904884318763,-0.3500859106529214,-0.5818181818181817,0.19804260218768002,1.0,4.0,3.9
STU-13931,0.4,-1.7288801571709236,-1.1961624121980476,-1.2956298200514145,-1.4772336769759458,-0.6424242424242426,1.2043753598157745,1.0,4.0,2.38
STU-13115,-0.8,0.09587426326129658,-0.3429844097995552,-0.5141388174807198,-0.22766323024054982,0.6787878787878787,0.19804260218768002,0.0,0.0,3.66
STU-10294,-0.6,0.44007858546168976,0.2347096111015921,-0.010282776349615089,0.5270618556701032,1.151515151515151,-0.7760506620610248,1.0,2.0,4.82
STU-14185,-0.6,0.48565815324165035,-0.5314373822168929,-1.2030848329048849,0.1469072164948455,1.2727272727272727,0.3937823834196892,0.0,4.0,4.08
STU-11784,0.2,-0.7056974459724953,-1.1152989549426078,-0.010282776349615089,0.1812714776632303,0.8303030303030302,-0.8290155440414508,1.0,1.0,3.89
STU-11157,0.2,-1.045186640471513,-0.7096111015932854,0.5758354755784056,-1.2027491408934718,-0.18181818181818168,-0.5020149683362118,0.0,4.0,3.08
STU-12760,0.0,0.0,-0.4231625835189317,-0.9357326478149101,0.5270618556701032,-0.8181818181818183,-0.04375359815774313,1.0,4.0,3.88
STU-13823,-1.0,0.5579567779960709,0.5252698303923242,0.7403598971722362,0.13960481099656366,-0.5151515151515154,-1.0869314910765688,0.0,3.0,3.97
STU-11147,-1.0,0.40392927308447946,0.0,0.5758354755784056,-0.03393470790378036,1.545454545454545,-0.9856073690270581,0.0,3.0,4.89
STU-11063,-0.2,-0.22789783889980347,0.29501456227514083,-0.740359897172237,0.12886597938144337,-0.5575757575757574,1.8353483016695453,1.0,3.0,3.7
STU-10491,0.6,-0.31434184675834975,-0.4307007024156252,-1.8303341902313623,-0.4291237113402068,-1.0909090909090906,-0.4122049510650548,0.0,2.0,3.48
STU-10746,1.2,-0.29233791748526516,-1.1666952201473362,-0.44215938303341956,-0.09235395189003466,-0.5393939393939396,-0.7415083477259644,0.0,0.0,3.65
STU-11923,1.0,-0.5469548133595287,-0.8007538118896704,-0.2467866323907457,-0.40635738831615176,1.2848484848484847,-0.16119746689694883,0.0,2.0,3.53
STU-10815,-1.0,1.865618860510806,0.0,0.26735218508997405,0.5270618556701032,0.40606060606060596,1.1329879101899831,0.0,3.0,6.14
STU-12060,-1.0,-0.9461689587426327,-0.6698646565016279,-1.2339331619537275,-0.5090206185567017,0.6363636363636361,-0.5434657455382844,0.0,2.0,3.33
STU-11930,-0.2,-0.6412573673870335,0.011307178345039715,0.0,-0.5919243986254299,0.4363636363636361,0.2717328727691424,0.0,0.0,3.56
STU-12658,1.0,1.0263261296660122,-0.04283022100394135,0.23650385604113058,0.5270618556701032,-1.0545454545454545,-0.8313183649971215,1.0,0.0,3.76
STU-10790,-0.8,1.1111984282907665,0.9988007538118888,-0.010282776349615089,0.5270618556701032,0.25454545454545446,0.8796776050662061,0.0,2.0,4.72
STU-11849,-0.4,-0.5343811394891946,-0.6993318485523393,-0.18508997429305973,-0.6769759450171827,0.5818181818181817,0.8382268278641336,1.0,3.0,4.16
STU-12070,0.0,0.932023575638507,0.9426075038547195,1.3059125964010276,0.5270618556701032,-0.10909090909090943,0.03454231433506054,1.0,3.0,6.45
STU-14782,-0.6,-1.0467583497053048,-0.27034435497687215,-0.7712082262210795,0.17182130584192448,-0.5272727272727272,-0.44674726540011517,0.0,1.0,3.67
STU-13614,0.4,0.6852652259332024,-0.19564844954600089,0.061696658097685965,0.5270618556701032,-1.1393939393939392,-0.4997121473805412,0.0,4.0,4.76
STU-11176,-0.4,0.4872298624754421,0.7363371594997423,0.6478149100257068,0.5270618556701032,-0.08484848484848517,-0.9211283822682788,0.0,4.0,4.68
STU-10932,-1.0,0.9540275049115916,0.1565872879904048,-0.18508997429305973,0.5270618556701032,0.6545454545454539,0.9556706966033391,0.0,0.0,4.63
STU-12499,2.0,0.3347740667976426,-0.37176631831420326,-0.06169665809768688,0.0,-1.109090909090909,-0.17040875071963163,0.0,0.0,4.46
STU-12876,-1.0,-0.9430255402750493,0.9988007538118888,-0.740359897172237,-1.618556701030929,-0.40606060606060596,0.15659182498560753,0.0,0.0,3.08
STU-13111,-0.8,2.124165029469548,0.0,0.16452442159382955,0.08762886597938115,-0.4121212121212124,-0.18192285549798506,0.0,2.0,4.94
STU-10339,-0.2,-1.4632612966601182,-1.157786534178517,-1.1825192802056557,-1.3767182130584201,0.9090909090909084,-0.5043177892918826,1.0,0.0,2.91
STU-13548,1.2,0.7622789783889984,0.3608017817371928,0.7814910025706937,0.0,0.03636363636363612,-0.5411629245826137,1.0,0.0,5.91
STU-14328,0.2,1.4789783889980357,0.18399862943292705,-0.2467866323907457,0.5270618556701032,0.5757575757575757,1.3103051237766266,1.0,1.0,5.58
STU-10822,-0.6,0.33320235756385064,0.9988007538118888,0.4730077120822621,0.365979381443299,-0.23030303030303018,-0.23719055843408185,0.0,4.0,4.65
STU-11127,0.0,0.39921414538310407,-0.2175775227000179,-1.0282776349614395,0.5270618556701032,-0.8606060606060604,-0.6563039723661486,0.0,0.0,3.44
STU-14694,0.2,0.0,-0.16823710810347867,0.24678663239074478,0.0012886597938144826,-0.7090909090909089,-0.04605641911341398,0.0,2.0,4.29
STU-14247,0.2,0.958742632612967,0.5492547541545305,0.7814910025706937,0.5270618556701032,-0.25454545454545446,-0.6102475532527347,1.0,2.0,4.75
STU-14642,-0.6,-0.015717092337917432,-0.21894808977214372,-0.3701799485861185,0.29295532646048095,0.2969696969696965,-0.08750719631548647,0.0,1.0,3.96
STU-12207,-0.8,-1.2840864440078588,-0.5362343669693347,-0.31876606683804676,-0.8363402061855675,1.351515151515151,-0.7276914219919401,0.0,0.0,3.0
STU-12214,-0.2,-0.2640471512770137,-0.2415624464622241,-0.802056555269923,-0.41280068728522357,-0.49090909090909113,-0.6079447322970639,0.0,2.0,2.3
STU-10197,-1.0,-0.7669941060903734,-0.5554223059791,-0.8123393316195372,0.0,-0.9757575757575757,1.6994818652849744,1.0,0.0,3.85
STU-12613,1.2,-0.11473477406679773,-0.77813945519959,0.7403598971722362,-0.11082474226804123,0.0,-1.0270581462291308,0.0,1.0,4.01
STU-11536,-0.2,-0.24361493123772118,-0.034606818571184486,-0.6889460154241652,0.01030927835051525,0.2969696969696965,1.4116292458261372,0.0,4.0,4.06
STU-11392,1.2,0.2939096267190569,0.9014904916909362,1.1825192802056548,0.5270618556701032,-0.35757575757575744,-0.07599309153713302,1.0,2.0,5.28
STU-12358,0.6,0.4086444007858546,0.9988007538118888,0.3187660668380458,0.5270618556701032,-0.1515151515151515,-0.7253886010362696,0.0,3.0,5.29
STU-10930,-1.0,-0.8675834970530453,0.11272914168236983,-0.2365038560411315,-0.5146048109965641,0.19393939393939352,1.662636729994243,0.0,4.0,3.05
STU-14461,1.0,-0.01886051080550086,-0.3436696933356186,-0.12339331619537285,-0.4634879725085916,0.18181818181818168,0.0,0.0,1.0,4.06
STU-14432,-0.2,0.1210216110019646,0.9988007538118888,0.34961439588688925,-0.3122852233676982,0.06060606060606038,-0.029936672423719037,0.0,4.0,4.57
STU-14920,-0.8,0.5673870333988212,-0.438924104848382,0.0,0.3582474226804121,-1.0303030303030303,1.4738054116292458,0.0,4.0,5.25
STU-13444,-0.8,-0.6632612966601179,-0.4677060133630301,0.6786632390745493,-0.9909793814432999,1.3818181818181816,0.06908462867012087,0.0,3.0,4.57
STU-13339,0.8,0.12259332023575631,0.4402946719205059,0.0411311053984567,0.10738831615120281,0.9636363636363628,-0.025331030512377537,1.0,3.0,4.79
STU-12474,-0.8,0.0,0.0,0.05141388174807179,-0.13487972508591076,-0.4121212121212124,1.232009211283823,0.0,2.0,4.22
STU-14599,1.2,0.2813359528487229,0.7589515161898227,0.32904884318766,0.05970790378006879,-0.35757575757575744,-0.2510074841681059,0.0,3.0,5.03
STU-13366,0.8,-0.5076620825147349,-0.4382388213123186,0.6066838046272491,-1.2104810996563584,-0.6303030303030301,-0.9694876223373634,1.0,1.0,3.82
STU-14986,1.0,1.0451866404715127,0.9988007538118888,0.7712082262210795,0.5270618556701032,-0.1212121212121213,0.28324697754749584,0.0,4.0,5.96
STU-12257,-0.2,0.3724950884086443,0.46016789446633466,-0.4215938303341903,-0.26116838487972516,-0.42424242424242425,1.0685089234312033,0.0,4.0,4.59
STU-14566,0.2,0.2970530451866406,-0.7582662326537613,0.49357326478149044,0.5270618556701032,1.3878787878787877,-0.07138744962579152,1.0,4.0,4.84
STU-14554,-1.0,0.22946954813359546,0.12643481240363094,-0.8226221079691522,0.06658075601374562,-1.2060606060606058,-0.3385146804835924,0.0,3.0,3.9
STU-10969,2.0,0.6742632612966601,0.9988007538118888,-0.020565552699229262,-0.44501718213058444,0.06060606060606038,-0.9165227403569373,0.0,4.0,4.68
STU-11429,1.0,-0.5265225933202358,0.8603734795271538,0.8020565552699221,-0.003006872852233996,-0.07878787878787871,-0.048359240069084625,0.0,3.0,5.62
STU-14042,0.8,-1.5811394891944994,-0.8583176289189656,-0.7300771208226229,-1.6189862542955338,0.2787878787878787,-0.38457109959700636,1.0,2.0,3.19
STU-14688,0.4,-0.07072691552062858,-0.9062874764433789,0.5964010282776341,0.12714776632302385,0.33333333333333315,2.1393206678180774,1.0,4.0,4.38
STU-12048,-0.8,0.7387033398821218,-0.19907486722631593,-0.11311053984575867,0.5193298969072163,1.8666666666666658,-0.895797351755901,0.0,1.0,5.01
STU-10551,-0.8,-0.12259332023575631,0.18879561418536886,0.4215938303341894,0.049828178694157954,0.41212121212121183,-0.17040875071963163,0.0,2.0,4.24
STU-11468,-0.6,0.14459724950884087,-0.42042144937467907,0.26735218508997405,-0.2001718213058425,0.8181818181818183,0.5434657455382845,0.0,3.0,3.64
STU-12832,-0.2,-0.9430255402750493,0.3457255439438059,-0.11311053984575867,-0.3092783505154642,0.5575757575757574,0.0,1.0,2.0,3.93
STU-12407,0.4,0.1587426326129666,0.6403974644509155,-0.6375321336760925,0.33032646048109976,0.951515151515151,-0.8704663212435234,1.0,1.0,5.35
STU-13587,0.8,0.1477406679764243,0.0,-0.6786632390745502,0.14003436426116808,-1.1454545454545455,-0.6148531951640761,0.0,4.0,4.03
STU-10888,-1.0,0.833005893909627,0.9988007538118888,-0.4318766066838054,0.5270618556701032,-0.20606060606060592,-0.4605641911341394,0.0,0.0,5.56
STU-11277,0.4,-0.6066797642436149,0.7294843241391112,-0.07197943444730105,-0.07689003436426148,-0.054545454545454446,0.6079447322970639,1.0,2.0,5.1
STU-11635,-0.2,0.8471512770137527,0.862429330135343,1.3059125964010276,0.5270618556701032,0.951515151515151,0.7645365572826712,0.0,2.0,6.39
STU-12751,-0.4,0.056581532416502864,0.9158814459482607,0.34961439588688925,-0.2242268041237114,-1.2242424242424244,-0.6563039723661486,1.0,2.0,5.12
STU-13197,1.0,1.2793713163064837,0.7075552509850942,0.4215938303341894,0.5270618556701032,0.6363636363636361,0.34081750143926326,1.0,3.0,5.97
STU-12679,1.6,2.077799607072692,0.8781908514647924,0.0,0.5270618556701032,-1.0606060606060603,-0.7438111686816351,0.0,4.0,5.45
STU-12341,0.2,-0.21218074656188604,-0.06544457769402175,0.8946015424164515,-1.0932130584192448,0.5939393939393935,2.1208981001727123,0.0,2.0,3.95
STU-13510,-1.0,0.023575638506876287,-0.11958197704300184,0.5758354755784056,-0.4995704467353959,0.6909090909090906,0.7023603914795625,0.0,3.0,4.78
STU-14780,1.4,1.0121807465618864,-0.11889669350693942,0.20565552699228715,0.5270618556701032,0.41818181818181777,0.3246977547495683,1.0,2.0,5.3
STU-12827,0.2,1.0939096267190573,0.1565872879904048,-0.31876606683804676,0.5270618556701032,-0.06666666666666685,-0.24870466321243528,0.0,3.0,5.01
STU-11867,0.6,1.9599214145383106,0.5218434127120092,1.0899742930591254,0.5270618556701032,0.5757575757575757,2.1565918249856075,0.0,4.0,6.43
STU-11926,1.0,-0.3237721021611003,0.06818571183827242,0.0,-0.6842783505154646,-0.14545454545454556,1.7040875071963155,1.0,3.0,4.47
STU-11291,0.0,0.3347740667976426,0.6808291930786354,-0.2879177377892033,0.5270618556701032,0.3212121212121208,0.5895221646516984,0.0,0.0,4.52
STU-11177,-0.8,2.124165029469548,0.4834675346924785,0.2570694087403599,-0.8097079037800695,1.4727272727272729,0.2855497985031665,1.0,4.0,4.86
STU-11912,-0.2,1.4664047151277013,0.2264862086688362,1.1002570694087397,0.5270618556701032,-1.4606060606060605,0.0,1.0,4.0,5.8
STU-14344,0.8,0.9744597249508842,0.22168922391639437,-0.16452442159383046,0.5227663230240553,-1.096969696969697,-0.27403569372481285,1.0,2.0,3.42
STU-13954,1.6,-1.007465618860511,-0.021586431385986767,-1.0488431876606688,-0.36168384879725113,-1.2,0.5872193436960277,0.0,0.0,3.58
STU-14734,-1.0,-0.5265225933202358,-0.23470961110159405,0.2570694087403599,-0.13616838487972524,-1.3393939393939391,0.0,0.0,4.0,3.82
STU-14835,0.8,0.8754420432220041,0.5869453486379977,-0.03084832904884344,0.31486254295532656,0.09696969696969704,0.041450777202072686,0.0,3.0,4.39
STU-13104,0.8,0.1603143418467583,0.9988007538118888,0.5141388174807198,0.5270618556701032,-0.03636363636363666,-0.6401842256764537,1.0,0.0,5.62
STU-11605,2.1,-1.7288801571709236,-1.2619496316600998,-1.2544987146529567,-2.029639175257733,0.35757575757575744,-0.8543465745538286,0.0,4.0,1.12
STU-10916,-0.4,0.0,0.6952201473359589,-0.010282776349615089,0.5270618556701032,-0.3090909090909094,-0.4375359815774324,0.0,3.0,5.14
STU-10233,1.8,-0.24047151277013745,0.2909028610587624,0.6889460154241643,0.5128865979381445,-0.6363636363636361,-0.5227403569372482,1.0,1.0,4.62
STU-14411,1.4,0.4950884086444009,0.9988007538118888,0.26735218508997405,0.5270618556701032,-0.4181818181818183,1.641911341393207,0.0,4.0,4.72
STU-14653,0.6,0.6098231827111986,0.9480897721432238,1.3059125964010276,0.5270618556701032,-0.4181818181818183,-0.386873920552677,1.0,2.0,5.75
STU-13052,-0.8,0.9493123772102161,-0.3148877848209706,-0.010282776349615089,0.0,-0.25454545454545446,0.050662061024755276,0.0,3.0,5.15
STU-12450,0.6,0.6915520628683692,0.0,-0.596401028277635,-0.08805841924398618,-2.0727272727272723,-0.4421416234887738,0.0,4.0,4.14
STU-12570,1.4,0.9383104125736739,0.2909028610587624,0.45244215938303284,0.5270618556701032,-0.3939393939393941,-0.0023028209556706478,0.0,4.0,5.23
STU-10657,0.8,-0.1838899803536346,-1.1728627719719038,-0.7814910025706947,-1.5502577319587638,0.5757575757575757,-0.048359240069084625,0.0,1.0,2.16
STU-10762,0.2,-0.4416502946954815,0.1326023642281986,0.0411311053984567,-0.22164948453608307,0.17575757575757575,0.6102475532527346,1.0,2.0,4.5
STU-14652,0.2,0.17445972495088402,-1.1893095768374176,0.8329048843187655,-0.4050687285223373,1.2606060606060598,1.9389752446747273,0.0,4.0,4.46
STU-10502,0.6,0.2829076620825149,-0.19085146479355905,1.3059125964010276,-0.6920103092783508,-0.26666666666666683,1.1583189407023606,0.0,2.0,4.22
STU-12195,0.8,0.0,-0.454000342641769,0.41131105398457524,0.0,1.3090909090909084,-0.17962003454231443,0.0,2.0,5.0
STU-12386,0.4,0.5485265225933204,0.9988007538118888,-0.4935732647814914,0.5038659793814432,0.23030303030303018,0.33390903857225107,0.0,1.0,4.85
STU-14283,1.6,-0.07072691552062858,0.7061846839129684,0.02056555269922835,0.0,-1.096969696969697,0.30397236614853207,0.0,3.0,4.54
STU-10445,0.8,-0.550098231827112,0.8336474216206949,0.07197943444730014,-0.1516323024054984,-0.2787878787878787,0.4052964881980426,0.0,4.0,3.89
STU-10056,0.8,0.5925343811394892,-0.9103991776597574,-0.3393316195372751,0.5270618556701032,0.345454545454545,-0.3937823834196892,1.0,4.0,4.16
STU-11043,-0.2,-0.4652259332023578,-0.01678944663354494,1.0385604113110536,-0.7104810996563581,0.9757575757575757,-0.568796776050662,0.0,2.0,4.03
STU-13264,0.0,0.4353634577603143,0.40397464450916437,1.0282776349614395,0.0,-0.21818181818181834,-0.66090961427749,0.0,4.0,7.82423796163143
STU-10330,0.4,0.32848722986247547,0.19496316600993555,-0.5244215938303348,0.43470790378006857,-0.4606060606060609,-0.6332757628094416,0.0,4.0,3.43
STU-12168,-1.0,-0.6129666011787821,-0.31214665067671793,0.0411311053984567,-0.29424398625429604,-1.2303030303030302,2.1565918249856075,0.0,4.0,4.35
STU-11825,0.2,-0.06286836935167,0.2401918793900973,0.791773778920308,0.5270618556701032,1.751515151515151,-0.44674726540011517,0.0,0.0,4.8
STU-12660,0.0,-0.3866404715127703,-0.0483124892924456,-1.0179948586118253,-0.043814432989691184,-0.2848484848484852,0.8612550374208405,0.0,3.0,4.18
STU-14923,0.8,0.5705304518664049,-0.38752783964365356,0.9048843187660666,0.42182130584192434,-0.37575757575757573,-0.7046632124352332,1.0,2.0,4.28
STU-11723,0.6,-1.3092337917485268,-1.0364913482953582,-0.802056555269923,-0.9901202749140898,-0.49696969696969706,0.20495106505469216,1.0,4.0,2.47
STU-14833,-0.6,-0.0974459724950883,0.5622751413397282,1.2750642673521841,0.07517182130584196,-0.06666666666666685,0.3799654576856651,0.0,2.0,5.27
STU-13094,-0.8,1.188212180746562,0.3265376049340405,1.1413881748071972,0.12843642611683834,-0.46666666666666684,0.6309729418537708,1.0,0.0,5.16
STU-10292,-0.4,0.545383104125737,-1.44629090286106,-1.19280205655527,0.2474226804123709,0.5393939393939391,-0.013816925734024092,0.0,1.0,3.78
STU-14066,-0.4,-0.09587426326129658,0.9988007538118888,1.3059125964010276,0.37156357388316136,0.12727272727272723,1.2642487046632125,1.0,4.0,6.11
STU-11913,1.0,-1.595284872298625,-1.9390097652903893,-1.6966580976863754,-0.561855670103093,0.5757575757575757,1.1905584340817505,1.0,1.0,2.48
STU-13458,0.8,-0.23889980353634574,0.3107760836045902,1.0899742930591254,0.24999999999999986,-0.4363636363636367,-0.6056419113413932,0.0,3.0,4.85
STU-14788,-0.4,-1.2888015717092338,0.016789446633543967,0.45244215938303284,0.0,-0.6545454545454544,-0.11974668969487615,0.0,1.0,3.8
STU-12851,0.6,-0.5265225933202358,0.08052081548740674,-0.3907455012853478,-0.07216494845360859,-0.33939393939393964,-0.5918249856073691,0.0,0.0,4.38
STU-10123,-1.0,0.6176817288801573,0.9988007538118888,0.8534704370179939,0.5270618556701032,-1.0606060606060603,-0.7161773172135867,0.0,4.0,5.01
STU-14959,0.2,-0.3944990176817289,-0.5547370224430367,-0.44215938303341956,-0.8960481099656362,0.8303030303030302,0.44905008635578597,0.0,3.0,3.1
STU-12975,-0.2,0.8251473477406681,0.8548912112386495,1.3059125964010276,0.5270618556701032,-0.04848484848484852,0.3684513529073116,0.0,1.0,5.3
STU-14110,0.0,0.012573673870334002,-0.6890525955113933,-0.9768637532133676,-0.3092783505154642,0.5515151515151515,-0.6286701208981003,0.0,4.0,3.07
STU-14561,-0.4,0.15717092337917488,-1.5716977899605966,-0.09254498714653031,-0.012027491408934764,-0.6909090909090911,0.5066206102475533,0.0,2.0,3.48
STU-11010,-0.2,-0.5092337917485267,0.0,-0.2570694087403599,-0.5695876288659799,0.7212121212121213,0.13816925734024194,0.0,0.0,3.56
STU-14747,-0.8,-0.3426326129666012,0.3943806750042827,-0.15424164524421627,0.03006872852233691,-0.012121212121212399,-0.6977547495682211,0.0,4.0,4.79
STU-11906,0.8,-1.0420432220039295,-1.5785506253212274,-1.6246786632390744,-0.18685567010309326,0.0,-0.27864133563615434,0.0,4.0,3.24
STU-13914,-0.4,0.7654223968565819,0.6979612814802115,0.6786632390745493,0.5270618556701032,1.3818181818181816,0.0,1.0,4.0,5.98
STU-10644,1.2,0.28919449901768174,0.10176460510536132,0.5758354755784056,0.3097079037800686,-1.7878787878787876,-0.39838802533103046,1.0,3.0,5.28
STU-11200,-0.4,-0.8801571709233793,0.28816172691450975,-0.8740359897172241,-0.3926116838487975,0.6181818181818183,-0.38457109959700636,0.0,4.0,3.95
STU-12099,0.4,-1.290373280943026,-1.3510364913482964,-0.8431876606683806,-0.8062714776632312,0.0,-0.3822682786413357,0.0,2.0,2.2
STU-14621,0.2,-0.8015717092337918,-0.022271714922050163,-0.18508997429305973,-0.15420962199312738,0.4727272727272722,0.31778929188255617,0.0,3.0,4.29
STU-14416,0.8,-0.7434184675834973,0.0,1.3059125964010276,-1.1645189003436436,-0.17575757575757575,-0.584916522740357,0.0,3.0,3.49
STU-12530,0.8,-0.44479371316306493,-0.1730340928559195,0.08226221079691431,-0.2951030927835055,0.8848484848484847,0.6862406447898676,0.0,4.0,4.59
STU-10006,1.4,0.3269155206286838,-0.12643481240363288,0.3393316195372742,-0.41752577319587647,0.345454545454545,0.8336211859527923,0.0,4.0,5.49
STU-11470,0.4,-0.5390962671905698,-0.3690251841699506,0.11311053984575775,-1.026632302405499,0.5878787878787876,0.6309729418537708,0.0,0.0,3.09
STU-10726,0.4,-0.5186640471512772,0.25389755011135745,-0.8740359897172241,-1.4746563573883171,-0.2,-0.5895221646516984,0.0,3.0,2.46
STU-13160,0.6,-0.7984282907662084,-0.9576837416481074,-0.44215938303341956,-0.31958762886597947,0.15757575757575742,0.49050086355785844,0.0,4.0,3.47
STU-13554,0.2,0.6161100196463655,0.1223231111872525,0.5964010282776341,0.5270618556701032,-0.18787878787878814,-0.8151986183074267,0.0,4.0,5.21
STU-12678,-0.6,0.0,0.9988007538118888,0.4318766066838045,0.014604810996563118,0.7757575757575758,-0.025331030512377537,1.0,3.0,4.95
STU-14511,0.4,-1.7288801571709236,-0.347781394551997,0.5141388174807198,-1.0640034364261175,-0.3696969696969698,1.91594703511802,0.0,2.0,2.6
STU-12326,0.4,-0.10844793713163059,0.43481240363200163,-1.532133676092545,0.5270618556701032,0.12727272727272723,0.09671848013816925,0.0,1.0,3.29
STU-14560,-0.8,0.14459724950884087,-0.18742504711324404,0.12339331619537193,0.5270618556701032,-0.6303030303030301,-0.14507772020725387,0.0,4.0,4.63
STU-13377,0.8,0.0,0.3464108274798693,0.9151670951156807,0.5270618556701032,-0.6909090909090911,-0.27403569372481285,0.0,3.0,5.18
STU-12976,1.2,0.12416502946954802,0.5828336474216204,1.0488431876606679,-0.46907216494845394,0.303030303030303,0.47668393782383434,0.0,2.0,4.83
STU-14316,0.4,-1.1159135559921416,-0.06270344354976914,-1.336760925449872,-0.5824742268041241,-0.2848484848484852,-0.15198618307426603,0.0,0.0,2.9
STU-12348,0.2,1.0719056974459726,-0.1627548398149744,0.4421593830334187,0.5270618556701032,-0.5030303030303029,0.7184801381692575,1.0,3.0,5.36
STU-10597,0.2,0.2090373280943026,0.07503854719890249,-0.30848329048843254,0.2143470790378006,-0.16363636363636389,-0.9142199194012667,0.0,4.0,3.74
STU-12505,0.8,-0.1948919449901769,0.4293301353434974,-0.06169665809768688,0.10652920962199275,-0.19393939393939408,2.1565918249856075,0.0,2.0,4.66
STU-11144,0.2,0.08015717092337915,0.9405516532465303,1.059125964010282,-0.908075601374571,0.48484848484848464,-0.49740932642487046,0.0,4.0,5.43
STU-13058,-1.0,0.2907662082514735,-0.774713037519274,-0.9562982005141393,0.29896907216494834,-0.006060606060606468,-0.14738054116292454,0.0,2.0,3.55
STU-11734,-0.2,-0.06758349705304516,-0.44851807435326474,-1.3573264781491003,-0.2036082474226809,0.6606060606060599,-0.33390903857225107,1.0,3.0,2.73
STU-10488,-1.0,-1.5041257367387035,-1.7464450916566738,-1.2339331619537275,-0.7744845360824747,0.0060606060606059305,-0.5734024179620035,0.0,3.0,1.65
STU-13005,-0.6,-0.1948919449901769,-0.3333904402946725,0.32904884318766,-0.34621993127147793,0.012121212121211861,-0.052964881980425926,1.0,4.0,4.47
STU-10295,0.0,-0.3347740667976426,-0.5780366626691804,-0.8740359897172241,-0.617697594501719,0.0,0.30857800805987334,1.0,3.0,4.12
STU-11870,1.4,0.0015717092337917153,-0.340928559191366,-0.2982005141388175,-0.34922680412371193,-0.5151515151515154,1.1836499712147381,1.0,3.0,4.07
STU-10446,0.6,0.0,0.3745074524584539,-0.22622107969151733,0.11812714776632309,0.48484848484848464,1.7455382843983884,1.0,3.0,4.45
STU-13513,-0.2,0.0,-1.5223573753640576,0.6478149100257068,-0.6344501718213066,0.1515151515151515,-0.8681635002878527,0.0,4.0,3.41
STU-11704,-0.4,0.4777996070726915,0.0880589343841002,-0.3701799485861185,-0.06529209621993175,-1.2181818181818183,0.0,0.0,3.0,3.66
STU-14615,-0.6,0.4777996070726915,-0.2929587116669526,0.061696658097685965,0.5270618556701032,0.29090909090909056,-0.7184801381692574,0.0,4.0,4.51
STU-13676,1.2,0.8015717092337921,0.007880760664724679,-0.010282776349615089,0.5270618556701032,0.5636363636363634,0.2855497985031665,1.0,4.0,4.96
STU-14776,-0.2,-1.194499017681729,0.42316258351892977,0.7197943444730068,-0.5073024054982822,-1.0909090909090906,-1.1145653425446174,0.0,3.0,2.67
STU-14592,0.2,0.9021611001964636,-0.3203700531094748,0.17480719794344463,0.48024054982817865,0.5575757575757574,-0.3200921128382268,0.0,4.0,4.43
STU-12037,0.0,0.0,0.1456227514133963,-1.994858611825193,-0.6460481099656363,1.0181818181818183,1.8445595854922285,0.0,3.0,2.2
STU-10399,-0.2,-0.4275049115913558,0.0,0.02056555269922835,-0.5124570446735401,0.36969696969696925,0.08520437535981581,0.0,2.0,3.53
STU-13897,-0.6,0.0,-1.5401747473016965,0.26735218508997405,-0.5262027491408938,-0.10303030303030296,-0.7115716753022453,1.0,1.0,3.87
STU-11185,0.0,0.42278978388998034,0.381360287819084,0.3804627249357318,0.5270618556701032,-0.5212121212121213,-0.6102475532527347,0.0,4.0,4.94
STU-13345,0.0,0.12888015717092344,-0.48894980298098367,-0.6272493573264784,0.0,0.5333333333333331,0.03684513529073118,1.0,4.0,4.35
STU-11606,0.2,0.27819253438113944,0.2018160013705666,-2.0565552699228795,0.09321305841924411,-0.4121212121212124,-0.36614853195164077,0.0,4.0,3.33
STU-10352,-1.0,-0.9634577603143419,0.2984409799554558,-0.3907455012853478,-0.4424398625429555,-0.08484848484848517,0.0,1.0,3.0,3.45
STU-10808,0.4,-0.1603143418467583,-0.2861058763063225,0.730077120822622,-1.04725085910653,-0.08484848484848517,0.59412780656304,0.0,2.0,3.14
STU-12178,0.0,-0.4872298624754421,-0.2634915196162421,-0.21593830334190317,-0.027920962199312973,0.3212121212121208,0.34542314335060453,0.0,4.0,3.79
STU-13330,0.4,0.9713163064833007,-0.10107932156929987,-1.0796915167095122,-0.24656357388316205,-0.03636363636363666,-0.9902130109383996,0.0,2.0,3.88
STU-14945,-0.4,0.9225933202357567,0.136714065444577,0.9048843187660666,0.35738831615120265,-0.35757575757575744,-0.29245826137017844,1.0,3.0,4.55
STU-13438,-0.6,0.1335952848722986,0.9988007538118888,0.9048843187660666,0.33333333333333315,-0.9454545454545455,0.2717328727691424,0.0,4.0,5.07
STU-14182,0.4,1.009037328094303,0.5122494432071265,-0.0514138817480727,-0.40463917525773224,0.46060606060606035,-0.7852619458837076,0.0,4.0,4.85
STU-14929,-1.0,1.02475442043222,0.0,1.3059125964010276,0.5270618556701032,-0.042424242424242586,0.0,0.0,4.0,5.18
STU-13079,-0.2,-1.4428290766208254,-1.132431043344184,-1.6966580976863754,-0.6907216494845364,-0.13939393939393963,0.0,1.0,0.0,2.61
STU-11598,1.2,-0.4196463654223969,0.16412540688709829,-0.4113110539845761,-0.35137457044673587,-1.0363636363636362,0.508923431203224,1.0,4.0,4.23
STU-12486,0.8,-0.5076620825147349,0.7383930101079316,-0.46272493573264795,0.09922680412371149,0.11515151515151482,0.918825561312608,0.0,2.0,3.95
STU-10544,-0.6,-0.19332023575638516,0.9988007538118888,0.4318766066838045,0.18986254295532665,-0.20606060606060592,1.4392630972941858,1.0,4.0,5.31
STU-13261,0.6,0.13673870333988203,-0.9631660099366116,0.6889460154241643,-0.09364261168384914,0.28484848484848463,0.009211283822682796,1.0,3.0,3.79
STU-11251,0.8,0.6428290766208252,0.0,-0.020565552699229262,0.21821305841924404,-0.7515151515151515,-0.0898100172711571,0.0,2.0,4.24
STU-12488,1.0,0.13831041257367402,0.5191022785677566,0.7403598971722362,0.5270618556701032,0.22424242424242427,-0.531951640759931,0.0,0.0,4.21
STU-13303,-0.2,-0.9540275049115916,0.042830221003939406,-0.5038560411311055,-0.3200171821305845,-0.2909090909090911,0.43523316062176187,0.0,0.0,3.0
STU-11620,-1.0,-1.0216110019646367,-0.6218948089772155,-1.1208226221079698,-0.6894329896907219,0.19393939393939352,-0.6540011514104779,0.0,3.0,2.61
STU-13526,-0.6,-0.42278978388998034,0.0,-0.07197943444730105,0.04080756013745719,0.2363636363636361,-0.4122049510650548,0.0,2.0,4.21
STU-12442,0.8,-0.03300589390962686,0.43275655302381244,1.0385604113110536,-0.036082474226804294,-0.696969696969697,0.33160621761658043,0.0,3.0,4.14
STU-14048,2.0,1.1347740667976425,0.9988007538118888,0.5449871465295623,0.5270618556701032,0.13333333333333316,0.13586643638457108,0.0,1.0,5.56
STU-13456,-0.8,0.5721021611001966,0.0,0.9151670951156807,0.5270618556701032,-0.6727272727272727,-0.12435233160621764,1.0,3.0,4.9
STU-12778,0.2,-0.15088408644400803,-0.0818913825595345,0.37017994858611764,-1.0609965635738838,0.03030303030303019,0.1404720782959126,1.0,0.0,3.84
STU-12166,-0.2,1.4223968565815328,-0.6095597053280801,0.37017994858611764,0.5270618556701032,0.6848484848484846,0.2671272308578009,0.0,4.0,5.35
STU-12490,-0.2,0.0,0.1003940380332355,0.20565552699228715,-0.27362542955326496,0.15757575757575742,-0.9188255613126081,0.0,2.0,4.04
STU-10891,-0.4,0.4180746561886052,-0.08052081548740869,0.0,-0.023625429553264497,1.951515151515151,-0.31548647092688553,1.0,4.0,4.47
STU-10893,1.0,0.6082514734774067,0.8261093027240015,1.2750642673521841,0.5270618556701032,-0.5636363636363639,-0.5411629245826137,1.0,0.0,5.65
STU-10049,0.8,0.9477406679764246,0.0,-0.4215938303341903,0.42998281786941567,-2.0727272727272723,0.5503742084052965,1.0,4.0,4.19
STU-12582,-0.2,-0.4416502946954815,-0.6075038547198909,0.2570694087403599,-0.6361683848797255,-0.5151515151515154,0.20495106505469216,0.0,2.0,3.36
STU-13034,-0.6,-0.46994106090373294,-1.366798012677746,-0.11311053984575867,-0.2396907216494846,0.3393939393939391,-0.5457685664939551,0.0,1.0,3.27
STU-11976,-0.4,-0.4275049115913558,-0.9364399520301528,-1.3881748071979438,-0.6636597938144335,0.4909090909090906,-0.48589522164651705,0.0,0.0,3.23
STU-12011,1.8,-0.3489194499017683,-0.6917937296556459,-0.6889460154241652,-1.4372852233676985,0.7333333333333332,0.4812895797351756,0.0,2.0,3.03
STU-12083,0.8,-1.4679764243614934,-1.0810347781394556,-0.6478149100257077,-1.356529209621994,0.4666666666666663,0.3822682786413357,0.0,3.0,2.44
STU-12302,1.4,-0.6223968565815327,-0.9782422477299986,-0.18508997429305973,-0.5816151202749147,0.745454545454545,-0.6632124352331606,1.0,0.0,3.2
STU-13936,0.6,0.33634577603143434,0.04694192222031784,0.7095115681233927,-0.16580756013745712,0.5393939393939391,0.24870466321243528,0.0,3.0,4.64
STU-14288,-0.8,-0.4950884086444009,0.7877334247044707,-0.21593830334190317,-1.0274914089347085,0.5999999999999994,-0.5112262521588946,0.0,0.0,4.32
STU-11237,0.0,-0.34420432220039293,-1.8033236251499065,-1.604113110539846,-0.1469072164948455,0.23030303030303018,0.06908462867012087,1.0,4.0,3.27
STU-14836,1.4,0.10058939096267201,-0.5972246016789459,0.462724935732647,-0.04510309278350506,1.0666666666666658,1.5521013241220496,1.0,1.0,4.04
STU-11955,1.4,0.5359528487229863,-0.1024498886414257,1.3059125964010276,0.06142611683848769,-0.8181818181818183,0.3385146804835924,1.0,3.0,4.88
STU-11765,-1.0,-0.044007858546168864,-0.9186225800925143,0.02056555269922835,0.21649484536082453,-1.0121212121212118,-0.386873920552677,1.0,3.0,4.41
STU-14095,-0.2,0.7104125736738703,-0.5149905773513801,-1.007712082262211,0.23840206185567012,-0.5757575757575757,-0.3062751871042027,0.0,0.0,4.09
STU-13647,-0.6,-0.3929273084479372,-0.7431899948603743,-0.8123393316195372,-0.6091065292096226,-0.11515151515151537,-0.22337363270005756,1.0,1.0,2.9
STU-12707,-0.2,0.12416502946954802,0.43138598595168665,0.12339331619537193,0.1138316151202746,-0.5515151515151515,-0.4997121473805412,0.0,4.0,3.5
STU-11787,-1.0,-0.044007858546168864,-1.063217406201817,-0.3701799485861185,-0.21391752577319617,0.0,0.5826137017846864,1.0,2.0,3.37
STU-12867,1.8,0.11944990176817287,0.8802467020729816,0.15424164524421538,0.5270618556701032,0.9999999999999994,-0.508923431203224,0.0,2.0,4.36
STU-10780,0.8,-0.9587426326129667,-0.31009080006852874,-0.4318766066838054,-0.5841924398625437,-0.8606060606060604,-0.5112262521588946,1.0,2.0,3.28
STU-14426,1.2,-0.2813359528487229,-0.3080349494603395,1.26478149100257,-0.8341924398625435,-0.37575757575757573,-0.023028209556706886,1.0,4.0,3.54
STU-11806,0.2,0.6239685658153243,-0.1168408428987502,-0.0514138817480727,0.17053264604811003,-0.03636363636363666,0.05757052389176742,0.0,4.0,4.43
STU-10188,0.8,2.124165029469548,0.6602706869967442,1.0694087403598962,0.5270618556701032,0.13333333333333316,-0.11053540587219335,1.0,0.0,5.55
STU-12489,-0.6,-0.5485265225933204,-0.6863114613671416,0.12339331619537193,-0.024914089347078977,-0.8666666666666668,0.753022452504318,0.0,1.0,3.17
STU-13446,-0.2,-0.11630648330058944,-0.13260236422820054,0.39074550128534685,0.5270618556701032,-0.26666666666666683,0.7253886010362695,0.0,0.0,5.23
STU-12453,-0.8,-1.1976424361493125,-0.5848894980298105,-0.7814910025706947,-1.1709621993127157,0.29090909090909056,1.7455382843983884,0.0,0.0,2.89
STU-14789,1.4,-1.0546168958742634,0.0,-0.8946015424164524,-0.5562714776632307,-0.4121212121212124,0.6908462867012093,1.0,0.0,3.39
STU-11253,-0.4,-0.3724950884086443,-0.4910056535891729,-1.0796915167095122,-0.2242268041237114,0.48484848484848464,-0.023028209556706886,0.0,0.0,3.68
STU-13545,0.4,0.337917485265226,0.3402432756553016,0.45244215938303284,0.4591924398625431,-0.5454545454545455,1.308002302820956,1.0,3.0,3.68
STU-14824,0.2,-0.06444007858546172,-0.4259037176631843,-0.12339331619537285,0.24656357388316144,-0.7393939393939396,-0.10362694300518141,0.0,4.0,3.56
STU-13072,0.4,0.0990176817288803,-0.13808463251670478,1.3059125964010276,0.5270618556701032,0.24848484848484853,1.8169257340241798,0.0,2.0,5.27
STU-14289,-0.8,0.4385068762278978,0.0,-0.4318766066838054,0.09707903780068695,0.945454545454545,2.1565918249856075,0.0,4.0,5.21
STU-13961,0.4,-0.40235756385068777,-0.03118040089086945,-0.010282776349615089,-0.660223367697595,-1.496969696969697,-0.1128382268278642,0.0,2.0,3.81
STU-13237,0.6,-0.587819253438114,0.22717149220489863,-0.6478149100257077,-1.1387457044673548,0.21818181818181778,-0.22797927461139905,0.0,2.0,3.59
STU-12631,0.4,0.856581532416503,-0.13602878190851558,0.23650385604113058,0.40807560137457066,-0.8787878787878787,0.5734024179620034,0.0,0.0,4.66
STU-13187,0.4,0.0031434184675834306,0.4512592084975154,0.3804627249357318,0.5270618556701032,1.0606060606060599,0.478986758779505,0.0,0.0,5.3
STU-12813,-0.2,0.5626719056974461,0.9988007538118888,0.8740359897172232,0.0,-0.5212121212121213,-0.42141623488773744,1.0,2.0,4.75
STU-13764,-0.6,0.36149312377210235,-0.5225286962480735,-0.2570694087403599,0.5270618556701032,-0.7818181818181816,0.0,0.0,3.0,4.24
STU-11204,0.2,-0.0031434184675834306,-0.7068699674490329,-1.2442159383033427,-0.16108247422680422,1.254545454545454,-0.03223949337938968,1.0,0.0,3.88
STU-13588,-1.0,0.5249508840864441,-0.06338872708583254,0.5758354755784056,0.488831615120275,-0.5515151515151515,-0.3016695451928612,0.0,3.0,5.12
STU-14105,1.2,0.707269155206287,0.7562103820455701,0.10282776349614357,0.5270618556701032,1.1151515151515143,-0.4237190558434082,0.0,2.0,5.38
STU-14697,0.0,0.3693516699410609,0.764433784478327,0.29820051413881654,0.5270618556701032,0.8666666666666668,0.9740932642487047,0.0,3.0,4.61
STU-12293,0.6,0.07858546168958744,0.24910056535891661,0.15424164524421538,0.5270618556701032,-0.17575757575757575,0.08290155440414516,0.0,3.0,4.36
STU-10707,1.2,0.031434184675834864,-0.6451944492033582,-0.6580976863753218,0.06013745704467321,-0.23636363636363666,-0.584916522740357,0.0,2.0,4.13
STU-11612,0.4,-0.4322200392927309,-0.665067671749187,0.0,-0.7564432989690726,0.6060606060606054,0.29015544041450775,0.0,4.0,3.73
STU-12773,2.0,-1.5182711198428294,0.0,-0.4113110539845761,-1.7031786941580769,-0.18787878787878814,0.4237190558434082,0.0,2.0,2.69
STU-14757,1.0,0.8550098231827116,0.9988007538118888,1.0282776349614395,-0.1907216494845361,-0.3515151515151515,0.38457109959700636,0.0,3.0,5.43
STU-12286,-1.0,-0.37406679764243633,-1.6278910399177664,-0.9665809768637534,-1.409793814432991,0.1878787878787876,0.4421416234887738,0.0,4.0,2.03
STU-11458,-0.6,1.5277013752455797,-0.07435326366284103,0.9768637532133667,0.5270618556701032,-0.1333333333333337,-0.33621185952792176,1.0,4.0,5.63
STU-11400,0.8,-0.36149312377210235,-0.09628233681685902,-0.07197943444730105,-0.21219931271477666,-0.01818181818181833,0.32239493379389766,0.0,0.0,4.13
STU-14510,1.4,-0.4872298624754421,-0.7219462052424197,-0.6992287917737794,-0.8754295532646057,0.48484848484848464,0.4099021301093841,0.0,0.0,2.99
STU-11891,0.8,-1.7288801571709236,-0.7993832448175436,-0.596401028277635,-1.674828178694159,0.3212121212121208,-0.4145077720207254,0.0,2.0,2.16
STU-10717,0.6,-1.131630648330059,-1.0693849580263846,0.0,-0.5962199312714784,1.5151515151515142,1.1537132987910192,0.0,4.0,3.99
STU-12273,-0.8,0.0,0.12917594654788356,-0.3496143958868902,0.0,1.1090909090909085,1.6672423719055844,1.0,0.0,4.3
STU-14151,-0.8,-1.7288801571709236,0.0010279253040936342,0.9357326478149092,0.0,0.4303030303030302,0.2510074841681059,0.0,2.0,4.64
STU-11292,2.1,0.707269155206287,-0.2168922391639545,0.7712082262210795,-0.003006872852233996,-1.745454545454545,-0.009211283822682796,1.0,0.0,4.82
STU-13829,-0.2,0.2719056974459726,0.9988007538118888,0.05141388174807179,0.28436426116838465,-0.054545454545454446,1.0592976396085207,0.0,3.0,4.79
STU-10723,2.0,-0.9555992141453833,-0.6184683912968995,0.21593830334190225,-1.368127147766324,0.448484848484848,-0.6447898675877951,0.0,1.0,2.92
STU-14951,0.6,-0.738703339882122,-0.12437896179544368,-1.0179948586118253,0.5270618556701032,1.254545454545454,-0.5964306275187105,0.0,2.0,4.29
STU-14779,-0.2,0.619253438113949,0.6150419736165834,-0.4524421593830338,-0.17611683848797297,-0.36363636363636387,0.8267127230857804,0.0,2.0,3.81
STU-14407,-1.0,0.17445972495088402,0.4848381017646043,0.4318766066838045,0.5270618556701032,0.5636363636363634,-0.02072538860103624,0.0,2.0,5.42
STU-10457,-1.0,-0.3897838899803538,0.26006510193592514,-1.0282776349614395,0.24355670103092805,0.2,0.29476108232584924,1.0,4.0,4.25
STU-12079,-0.6,0.0,0.9988007538118888,0.09254498714652941,0.5270618556701032,-0.5939393939393941,-0.531951640759931,1.0,3.0,4.93
STU-10915,0.4,-0.10530451866404716,-1.915710125064246,-0.534704370179949,-0.18084192439862587,-0.9272727272727272,0.35002878526194603,0.0,1.0,3.11
STU-10038,0.0,0.7937131630648333,0.9988007538118888,0.9562982005141384,0.5270618556701032,0.8727272727272728,0.23488773747841118,1.0,4.0,6.48
STU-14240,-0.6,-0.19332023575638516,0.9494603392153496,-0.4524421593830338,0.3827319587628867,-0.9575757575757574,0.11974668969487635,0.0,1.0,4.47
STU-13336,-1.0,-0.017288801571709148,0.8918965221860535,0.6375321336760916,0.4226804123711338,0.8303030303030302,0.6240644789867589,1.0,3.0,5.7
STU-10566,0.6,0.22003929273084488,0.25252698303923166,-0.6786632390745502,0.3599656357388316,0.9272727272727272,1.786989061600461,0.0,3.0,4.55
STU-10432,0.4,-0.31277013752455807,0.31625835189309537,-0.8946015424164524,0.16451890034364264,-0.4606060606060609,0.40759930915371345,0.0,2.0,3.95
STU-11161,-1.0,0.0990176817288803,-0.4937467877334255,-0.9768637532133676,0.007302405498281864,-0.6545454545454544,1.2297063903281524,0.0,4.0,3.68
STU-11482,-1.0,0.03929273084479372,-1.2619496316600998,0.13367609254498702,-0.023625429553264497,0.11515151515151482,0.6470926885434658,1.0,0.0,4.07
STU-11931,0.0,1.065618860510806,-0.12095254411512864,1.26478149100257,0.5270618556701032,0.11515151515151482,-0.22797927461139905,0.0,1.0,4.64
STU-12590,0.8,-0.5422396856581532,-0.13260236422820054,-1.007712082262211,-0.12113402061855709,0.7696969696969698,2.067933218192286,1.0,4.0,3.86
STU-11404,-0.4,-0.18860510805500974,0.029124550282678286,0.0,-0.13960481099656366,-1.3272727272727272,-0.12204951065054699,0.0,4.0,3.7
STU-12301,0.6,-1.1300589390962674,-0.5650162754839818,-1.1208226221079698,0.12199312714776593,-0.26666666666666683,1.8077144502014972,0.0,3.0,2.8
STU-12604,0.0,0.3819253438113949,0.15590200445434238,1.2750642673521841,0.3354810996563577,0.9151515151515143,-0.6977547495682211,1.0,2.0,5.72
STU-13692,0.4,-0.34734774066797663,-1.1344868939523731,-0.6992287917737794,-0.6769759450171827,-0.909090909090909,-0.49740932642487046,0.0,1.0,2.53
STU-13040,-1.0,1.005893909626719,0.9816686654103126,1.2544987146529558,0.5270618556701032,0.04242424242424205,-0.24870466321243528,0.0,4.0,6.15
STU-12015,0.8,0.782711198428291,-1.4408086345725546,0.4730077120822621,-0.17568728522336793,0.8121212121212114,0.0,1.0,4.0,4.08
STU-12153,2.0,0.3803536345776032,0.7740277539832097,0.9357326478149092,0.47680412371134023,-0.5212121212121213,-0.0023028209556706478,0.0,3.0,4.35
STU-10456,2.1,0.12888015717092344,0.5095083090628739,0.5449871465295623,0.5270618556701032,0.4969696969696965,0.34542314335060453,0.0,3.0,6.25
STU-13251,0.0,0.3457760314341846,0.7891039917765966,-0.09254498714653031,0.5270618556701032,0.8424242424242421,-1.073114565342545,1.0,3.0,4.94
STU-12329,2.1,-0.4903732809430255,-2.1162412198046945,-1.96401028277635,-0.15721649484536138,0.5939393939393935,0.9925158318940703,0.0,3.0,2.36
STU-14799,1.0,0.04086444007858543,0.4498886414253886,0.2776349614395882,0.16752577319587603,-1.109090909090909,1.727115716753023,0.0,2.0,4.98
STU-12703,-1.0,-0.4683693516699412,-0.3135172177488447,-0.473007712082263,0.0,0.17575757575757575,-0.46286701208981,0.0,2.0,3.79
STU-10789,0.0,0.22789783889980347,0.43960938838444347,1.3059125964010276,-0.032646048109965874,0.07878787878787871,0.08981001727115731,0.0,3.0,4.74
STU-10493,-1.0,-0.11787819253438116,-0.13602878190851558,-1.398457583547558,-0.2955326460481105,0.08484848484848463,1.073114565342545,0.0,4.0,3.27
STU-12206,0.4,-0.4683693516699412,-0.9172520130203875,0.0,-0.639604810996564,-1.0,0.3431203223949339,1.0,3.0,3.44
STU-13883,-0.2,0.004715127701375146,-0.15110501970190252,-1.542416452442159,0.4441580756013744,-1.16969696969697,-0.07369027058146216,1.0,3.0,3.26
STU-12564,1.0,-0.3567779960707269,-0.5403460681857122,0.45244215938303284,-1.0158934707903788,-0.6909090909090911,0.3293033966609098,1.0,3.0,3.44
STU-11407,0.8,-0.40078585461689603,-1.0166181257495293,-0.1953727506426739,-0.6739690721649487,0.6242424242424243,-0.36384571099597013,0.0,0.0,3.77
STU-12727,0.4,0.36620825147347746,0.6671235223573743,0.0,-0.41280068728522357,-0.35757575757575744,-0.013816925734024092,0.0,1.0,4.15
STU-12330,-0.2,0.0,0.5314373822168919,-0.7917737789203089,-0.7547250859106537,-0.6121212121212124,0.31778929188255617,1.0,1.0,3.95
STU-14266,-0.4,0.4762278978388998,-0.5259551139283886,-0.13367609254498794,0.006013745704467382,-1.0727272727272728,0.9441565918249859,1.0,2.0,4.72
STU-13443,0.2,0.011001964636542285,0.428644851807435,0.10282776349614357,0.0,-0.7515151515151515,0.4651698330454809,0.0,4.0,4.11
STU-12637,-1.0,0.0,-0.2593798183998637,0.2776349614395882,0.21477663230240562,0.0,-0.47898675877950486,0.0,0.0,5.57
STU-10466,2.1,0.42593320235756404,0.16481069042316168,0.462724935732647,0.14475945017182099,-0.4727272727272728,0.36614853195164077,0.0,1.0,4.24
STU-13170,-0.2,-0.05500982318271115,0.22443035806064698,-0.2776349614395891,-0.03651202749140932,-1.8363636363636362,-0.13126079447322958,0.0,0.0,3.73
STU-12109,1.4,0.05815324165029458,0.4074010621894804,-0.3496143958868902,0.5270618556701032,0.1212121212121213,-0.0805987334484743,0.0,4.0,5.14
STU-12055,-1.0,0.3080550098231829,0.30255268117183426,1.3059125964010276,0.5270618556701032,-0.5696969696969698,1.658031088082902,0.0,4.0,4.67
STU-10845,1.0,0.5673870333988212,-0.32516703786191564,-0.20565552699228806,0.5270618556701032,-0.9515151515151515,0.0,1.0,3.0,4.83
STU-14399,0.4,-0.4526522593320238,-0.7548398149734462,-0.22622107969151733,-1.0055841924398636,-0.4,0.9717904432930341,0.0,1.0,3.53
STU-11258,0.8,-0.4888015717092338,0.04008908685968776,-1.4087403598971722,0.48797250859106556,-0.21818181818181834,1.5313759355210133,0.0,3.0,2.82
STU-10681,-1.0,0.09273084479371316,-0.21483638855576528,-0.20565552699228806,0.06829896907216453,-0.3515151515151515,0.8290155440414511,1.0,0.0,3.91
STU-14870,-0.6,0.7858546168958744,0.9254754154531434,0.7403598971722362,0.24785223367697592,-0.4121212121212124,0.7000575705238918,1.0,3.0,5.87
STU-12231,1.2,-0.0738703339882123,0.18399862943292705,-0.4318766066838054,-0.017611683848797726,0.3878787878787876,-0.14968336211859518,0.0,4.0,3.7
STU-13946,0.6,-1.6282907662082517,-2.1162412198046945,-1.1516709511568122,-2.0671713917525785,-1.3878787878787877,0.6563039723661488,1.0,2.0,1.0
STU-11293,0.2,-0.1713163064833006,-0.5033407572383082,-0.9871465295629828,-0.6082474226804132,0.5575757575757574,-0.27403569372481285,0.0,4.0,3.13
STU-14211,-1.0,0.45893909626719065,0.6068185711838265,0.17480719794344463,0.16108247422680422,0.345454545454545,0.677029360967185,1.0,3.0,4.69
STU-11766,0.6,-0.5265225933202358,-0.17783107760836134,-0.44215938303341956,0.19802405498281794,0.648484848484848,0.01842256764536559,1.0,3.0,3.67
STU-13457,0.8,-1.3846758349705308,-0.027753983210554417,-1.840616966580977,-0.9007731958762891,-0.03636363636363666,0.9004029936672427,0.0,4.0,1.46
STU-13840,-1.0,1.3343811394891945,-0.956998458112045,1.3059125964010276,0.5270618556701032,1.0242424242424242,-0.42141623488773744,0.0,4.0,5.68
STU-10275,0.0,-0.19017681728880173,0.8857289703614858,0.15424164524421538,-0.02147766323024056,-0.6727272727272727,-0.568796776050662,0.0,0.0,4.37
STU-13523,0.6,0.908447937131631,0.1003940380332355,0.4730077120822621,0.38230240549828165,0.8727272727272728,-0.6148531951640761,0.0,4.0,3.69
STU-12095,1.0,-0.05815324165029458,0.11409970875449661,-1.007712082262211,-0.2302405498281788,-0.5393939393939396,0.16580310880829013,1.0,4.0,3.97
STU-11007,0.0,-0.5909626719056975,-0.6280623608017821,-0.4113110539845761,-1.0227663230240556,-0.0909090909090911,0.6747265400115143,0.0,2.0,3.55
STU-11011,0.6,-0.9728880157170926,-0.5883159157101255,0.10282776349614357,-0.953178694158076,-0.7939393939393941,-0.32239493379389744,1.0,3.0,3.08
STU-12381,-1.0,-0.6129666011787821,0.7541545314373819,0.8946015424164515,-0.2242268041237114,1.1575757575757568,0.30166954519286143,0.0,2.0,4.39
STU-14588,-0.4,-0.10844793713163059,-1.1290046256638688,-0.7506426735218512,-0.029639175257731878,-0.13939393939393963,0.17040875071963163,0.0,1.0,2.64
STU-13793,0.4,0.8927308447937132,0.9988007538118888,0.5964010282776341,0.5270618556701032,0.38181818181818167,-0.4075993091537133,0.0,3.0,4.87
STU-10499,0.2,0.6726915520628687,0.020901147849922398,-0.22622107969151733,-0.28092783505154684,-0.4,0.4928036845135293,0.0,1.0,3.55
STU-14357,-0.8,-1.2039292730844795,-0.8651704642795965,-0.6786632390745502,-0.5004295532646054,-1.6303030303030301,-0.455958549222798,0.0,4.0,2.62
STU-13439,-0.4,0.029862475442043148,-0.25526811718348524,0.08226221079691431,0.0,-0.3272727272727272,0.05987334484743807,1.0,2.0,3.65
STU-12030,-0.4,-0.06129666011787829,-0.5485694706184691,-0.40102827763496196,-0.4347079037800692,-0.24848484848484853,-0.6770293609671849,1.0,0.0,4.16
STU-14004,-0.4,1.3485265225933203,0.6890525955113923,-0.1439588688946021,0.5270618556701032,0.0,-0.531951640759931,0.0,4.0,5.03
STU-13788,-0.8,-1.0530451866404718,-0.7473016960767528,0.9871465295629819,-1.188144329896908,-0.8060606060606059,-0.052964881980425926,1.0,2.0,3.69
STU-14438,0.6,1.7257367387033402,0.9809833818742493,1.3059125964010276,0.5270618556701032,-0.9878787878787876,0.009211283822682796,0.0,4.0,5.64
STU-12061,1.0,-0.6616895874263262,-0.26212095254411627,-0.09254498714653031,-0.26116838487972516,0.545454545454545,0.37305699481865295,0.0,1.0,3.94
STU-10497,0.0,-0.42907662082514747,0.10244988864142472,0.15424164524421538,0.4823883161512026,-0.09696969696969704,1.1122625215889468,0.0,4.0,4.42
STU-12973,1.6,-0.2954813359528489,-0.46907658043515593,0.9048843187660666,-0.5055841924398633,0.6242424242424243,-0.013816925734024092,0.0,4.0,4.45
STU-13098,-0.2,-0.4275049115913558,0.1983895836902506,-0.7300771208226229,-0.3290378006872859,0.48484848484848464,-0.050662061024755276,0.0,4.0,3.81
STU-11809,0.8,0.6884086444007859,0.7589515161898227,0.658097686375321,-0.16194158075601428,-0.40606060606060596,0.3062751871042027,1.0,4.0,4.65
STU-12439,-0.8,-1.1253438113948921,-0.9679629946890534,0.12339331619537193,-0.7573024054982826,0.5030303030303029,0.0,0.0,4.0,3.78
STU-10797,-1.0,0.5312377210216113,0.0,0.0,0.5270618556701032,1.2909090909090906,-0.6954519286125505,0.0,2.0,5.96
STU-11936,-0.4,-0.004715127701375146,0.11341442521843323,-0.8431876606683806,0.5270618556701032,0.03030303030303019,1.32181922855498,0.0,3.0,3.31
STU-11034,0.4,-0.9666011787819255,0.039403803323624365,1.2339331619537266,-1.5219072164948466,-0.2121212121212124,0.16810592976396097,1.0,2.0,4.14
STU-11104,-0.6,-0.12573673870334,-0.8028096624978597,0.26735218508997405,-0.009450171821305798,-0.5575757575757574,-0.4444444444444444,0.0,2.0,3.9
STU-12868,-1.0,-1.7288801571709236,-1.4442350522528706,-0.2365038560411315,-0.6842783505154646,-1.0242424242424242,-0.08520437535981581,0.0,0.0,2.45
STU-12087,-0.6,-0.33320235756385064,0.9768716806578718,-0.1953727506426739,-0.35867697594501774,0.012121212121211861,-0.9556706966033394,0.0,2.0,4.03
STU-12686,0.0,0.088015717092338,0.7884187082405342,-0.6580976863753218,0.5270618556701032,0.09696969696969704,-0.9464594127806563,0.0,1.0,4.76
STU-11184,-0.2,0.06286836935167,-1.3592598937810523,1.0796915167095111,-0.29123711340206204,0.054545454545454446,0.736902705814623,1.0,0.0,4.73
STU-12937,0.8,-0.37406679764243633,-1.6806578721946213,1.3059125964010276,-1.0524054982817879,0.17575757575757575,0.5595854922279795,1.0,2.0,3.46
STU-13928,1.8,0.04243614931237715,0.49374678773342356,0.6992287917737785,0.5270618556701032,1.0606060606060599,1.918249856073691,0.0,2.0,5.31
STU-11823,-0.2,-0.4306483300589392,-1.8177145794072305,-0.7917737789203089,-0.32689003436426134,0.5575757575757574,-0.17962003454231443,0.0,1.0,2.92
STU-13543,0.2,0.7952848722986247,0.30186739763577086,-0.7917737789203089,0.5270618556701032,-0.16363636363636389,0.45365572826712725,0.0,4.0,4.47
STU-11821,-1.0,-0.4777996070726915,0.21003940380332248,-0.9151670951156817,-0.29596219931271495,-0.8424242424242426,0.44444444444444464,0.0,2.0,3.42
STU-12053,1.2,0.28762278978389005,0.21689223916395353,-0.6478149100257077,-0.3629725085910656,0.8181818181818183,0.2302820955670697,0.0,3.0,4.51
STU-13979,1.0,0.031434184675834864,-0.800068528353607,0.30848329048843165,-0.44329896907216554,0.5999999999999994,0.029936672423719037,0.0,2.0,4.42
STU-12697,-0.4,-0.22789783889980347,-0.6828850436868266,-0.7197943444730078,-0.32216494845360844,0.4787878787878787,2.1565918249856075,1.0,0.0,3.67
STU-10239,0.4,0.0015717092337917153,-1.1283193421278066,-0.6478149100257077,0.03951890034364271,-0.8666666666666668,0.5112262521588946,0.0,3.0,4.04
STU-12529,-0.8,0.36620825147347746,-1.1125578207983562,-0.5655526992287925,-0.7173539518900349,0.5030303030303029,-0.05757052389176742,1.0,4.0,3.06
STU-14007,1.0,1.181925343811395,0.9988007538118888,1.3059125964010276,0.5270618556701032,-0.06666666666666685,1.3103051237766266,1.0,4.0,5.09
STU-14647,0.2,-1.5041257367387035,0.23196847695734046,-0.6889460154241652,-1.5055841924398636,0.8363636363636361,-0.6125503742084053,1.0,0.0,3.6
STU-11462,0.2,1.3406679764243619,0.9988007538118888,-0.2570694087403599,0.5270618556701032,0.6848484848484846,1.0800230282095569,0.0,2.0,5.16
STU-12971,-0.4,2.124165029469548,0.9988007538118888,1.3059125964010276,0.5270618556701032,0.0,0.20495106505469216,1.0,2.0,6.5
STU-11839,1.6,1.3611001964636544,0.9988007538118888,1.3059125964010276,0.5270618556701032,-0.1515151515151515,0.5135290731145653,0.0,3.0,6.58
STU-14150,-1.0,-0.5532416502946955,0.0,0.23650385604113058,-0.06486254295532672,0.145454545454545,0.7484168105929767,0.0,4.0,4.6
STU-12379,1.6,-0.28919449901768174,0.0544800411170113,0.9871465295629819,-0.5880584192439865,0.7272727272727272,0.0,0.0,4.0,4.11
STU-10998,0.2,-0.8502946954813361,-0.22374507452458553,-1.676092544987147,-0.7843642611683855,-0.7272727272727272,1.5474956822107082,0.0,3.0,3.06
STU-14245,-0.2,0.6428290766208252,0.8000685283536051,0.3598971722365034,0.5270618556701032,0.12727272727272723,-0.23719055843408185,1.0,3.0,6.26
STU-10939,0.8,0.1477406679764243,0.9686482782251149,-0.7712082262210795,0.27663230240549835,-1.0242424242424242,-0.5135290731145654,0.0,3.0,4.14
STU-12077,1.0,0.5422396856581532,0.9967449032036996,1.3059125964010276,0.5270618556701032,-0.8484848484848485,0.6056419113413932,0.0,2.0,4.57
STU-13600,-0.2,-0.7779960707269157,0.6499914339557982,-0.31876606683804676,-0.21864261168384908,-0.5151515151515154,-0.5227403569372482,0.0,3.0,3.76
STU-13597,0.0,1.2605108055009824,-0.340928559191366,0.5449871465295623,-0.4557560137457047,0.848484848484848,-0.42141623488773744,1.0,3.0,5.76
STU-10206,0.2,0.1713163064833006,0.3114613671406536,0.13367609254498702,0.49441580756013737,1.1151515151515143,-0.18652849740932637,0.0,4.0,4.24
STU-10886,-0.8,0.40392927308447946,0.9988007538118888,-0.31876606683804676,0.49398625429553294,-0.24848484848484853,0.320092112838227,0.0,1.0,3.9
STU-14772,-0.2,-0.22946954813359546,-0.47387356518759677,-0.31876606683804676,-0.13917525773195924,1.242424242424242,-0.3937823834196892,1.0,2.0,3.65
STU-10826,0.6,0.5045186640471515,0.04694192222031784,-0.9254498714652959,0.3801546391752577,-0.18787878787878814,-0.03223949337938968,0.0,3.0,4.43
STU-12443,1.2,1.0671905697445974,0.0,0.0,0.5270618556701032,0.8303030303030302,-0.630972941853771,0.0,1.0,5.28
STU-11747,0.8,-0.3787819253438115,-1.3489806407401073,-0.9048843187660676,-0.3814432989690728,0.5696969696969693,-0.8405296488198044,1.0,0.0,3.51
STU-14268,-0.2,-0.7654223968565816,-0.46290902861058825,0.13367609254498702,-0.018041237113402147,-0.17575757575757575,-0.31778929188255617,0.0,2.0,4.0
STU-12602,1.6,-0.009430255402750571,-0.1826280623608022,0.030848329048842524,-0.46735395189003504,-0.054545454545454446,0.45826137017846874,0.0,3.0,3.42
STU-14084,1.0,-0.757563850687623,-0.16823710810347867,-0.13367609254498794,-0.419673539518901,-0.1333333333333337,1.1652274035693726,1.0,4.0,3.95
STU-13753,0.0,0.5045186640471515,0.28884701045057315,0.8020565552699221,0.0,1.0727272727272728,1.172135866436385,1.0,3.0,4.88
STU-12002,0.2,0.2671905697445972,0.7815658728799031,-0.4113110539845761,0.5270618556701032,0.9818181818181817,-0.24640184225676443,0.0,2.0,5.23
STU-10651,-1.0,1.639292730844794,0.8363885557649466,0.9768637532133667,0.5270618556701032,1.2121212121212113,1.0247553252734602,1.0,1.0,6.24
STU-10945,0.4,0.906876227897839,0.9988007538118888,1.3059125964010276,0.5270618556701032,-1.4848484848484846,0.3822682786413357,0.0,3.0,5.68
STU-11919,0.0,-0.10058939096267201,-1.4442350522528706,-0.2776349614395891,-0.7929553264604818,-0.6787878787878787,0.7276914219919405,0.0,4.0,3.1
STU-11079,1.0,0.9398821218074659,0.3402432756553016,0.32904884318766,0.0,-0.01818181818181833,-0.36154289004029927,0.0,3.0,5.62
STU-10885,1.6,-1.1064833005893913,-0.37382216892239245,-0.740359897172237,-0.9626288659793825,0.448484848484848,0.6493955094991364,0.0,4.0,2.23
STU-12649,-1.0,-0.31277013752455807,0.3950659585403451,-0.0514138817480727,0.29639175257731937,-0.8,-0.19113413932066786,1.0,2.0,4.32
STU-14586,0.4,-0.20275049115913546,0.0551653246530747,0.8534704370179939,0.5270618556701032,-0.2909090909090911,2.1565918249856075,1.0,4.0,5.01
STU-13856,0.8,-0.24990176817288803,-0.020215864313860948,1.3059125964010276,-0.7469931271477668,0.5939393939393935,1.298791018998273,0.0,0.0,4.4
STU-12338,-1.0,-0.6538310412573676,-1.755353777625493,-0.3804627249357327,-0.660223367697595,0.29090909090909056,-0.2671272308578009,0.0,2.0,3.33
STU-10656,-0.2,-0.7607072691552064,0.3834161384272732,0.5552699228791764,-0.10223367697594549,0.648484848484848,0.0069084628670121485,0.0,2.0,4.52
STU-10873,0.8,-0.3677799607072692,-1.3996916224087723,-0.30848329048843254,-1.1460481099656368,-0.23030303030303018,-0.04375359815774313,1.0,0.0,3.85
STU-13932,0.2,-0.9634577603143419,0.2347096111015921,0.0,-0.9656357388316158,0.7999999999999995,-0.3016695451928612,1.0,4.0,4.51
STU-14622,-0.8,0.38506876227897835,0.9988007538118888,-0.2467866323907457,0.18943298969072161,-0.6727272727272727,0.0,0.0,0.0,4.42
STU-12128,-1.0,0.7119842829076624,-0.4910056535891729,1.3059125964010276,0.44888316151202784,-0.03636363636363666,-0.2832469775474956,1.0,3.0,5.11
STU-14677,0.6,0.0,0.13808463251670283,-1.604113110539846,-0.19458762886597955,1.0848484848484847,0.0,0.0,4.0,2.67
STU-13657,2.1,-1.4915520628683696,0.0,-1.1002570694087406,-0.7972508591065297,-1.709090909090909,-0.5710995970063328,1.0,2.0,2.43
STU-14340,-1.0,0.14459724950884087,-0.03597738564331031,0.061696658097685965,0.0158934707903776,0.0,1.284974093264249,0.0,4.0,3.92
STU-12869,-0.2,0.3159135559921415,0.6191536748329609,1.2133676092544983,-0.31486254295532656,0.21818181818181778,-1.0892343120322396,0.0,3.0,5.08
STU-10240,-0.6,0.056581532416502864,-1.154360116498202,-1.0179948586118253,-0.2598797250859107,0.13333333333333316,0.0,0.0,2.0,2.52
STU-14820,-0.6,0.22003929273084488,0.6828850436868247,1.192802056555269,0.5270618556701032,-0.14545454545454556,0.0,1.0,3.0,5.83
STU-14096,1.2,1.1850687622789784,0.9988007538118888,0.5347043701799481,0.5270618556701032,0.8060606060606054,0.37075417386298226,1.0,0.0,5.92
STU-12820,0.6,0.5956777996070727,-0.18605448004111821,0.5758354755784056,0.4458762886597939,-0.2606060606060609,1.0362694300518138,0.0,4.0,4.27
STU-10699,-0.6,-0.7041257367387035,-0.7329107418194283,-1.6966580976863754,-1.1623711340206193,1.3212121212121213,1.3862982153137597,0.0,4.0,3.03
STU-14198,0.2,1.163064833005894,0.9988007538118888,1.192802056555269,0.5270618556701032,-0.5030303030303029,0.4283246977547497,1.0,2.0,5.39
STU-14162,0.2,-0.2090373280943026,-0.26212095254411627,-0.2365038560411315,-1.3243127147766334,1.0909090909090906,0.8658606793321822,0.0,4.0,3.7
STU-13612,1.0,-0.4652259332023578,-1.2866198389583694,-0.7609254498714654,-0.09192439862542963,0.5151515151515148,0.6954519286125506,0.0,4.0,3.71
STU-14029,-1.0,-0.3489194499017683,-1.3462395065958546,0.8534704370179939,0.27835051546391726,-0.7515151515151515,1.662636729994243,0.0,1.0,4.23
STU-10214,0.0,0.0,0.9988007538118888,0.0,-0.2646048109965642,0.7030303030303025,0.4997121473805412,0.0,3.0,5.56
STU-12596,-0.6,0.9493123772102161,0.35806064759294115,0.22622107969151642,0.02577319587628843,-0.006060606060606468,0.2579159470351181,1.0,4.0,4.58
STU-13166,0.0,1.3170923379174853,0.9988007538118888,1.3059125964010276,0.5270618556701032,-0.7878787878787876,-0.5549798503166379,0.0,4.0,4.88
STU-13054,0.8,-0.33634577603143434,0.08120609902347013,0.11311053984575775,0.0,0.3393939393939391,1.390903857225101,1.0,2.0,4.19
STU-12371,1.2,-1.6644400785854618,-0.8206270344354982,-2.0822622107969164,-1.3505154639175267,0.11515151515151482,0.6240644789867589,0.0,4.0,2.3
STU-10235,0.2,1.5166994106090375,0.9988007538118888,0.29820051413881654,0.5270618556701032,0.9333333333333331,0.15428900402993667,0.0,2.0,5.68
STU-13551,1.4,-0.028290766208251432,0.7315401747473005,0.6066838046272491,-1.1284364261168394,0.4909090909090906,1.5221646516983307,0.0,4.0,4.1
STU-13740,0.2,0.7732809430255406,-0.13191708069213715,0.9151670951156807,0.5270618556701032,0.145454545454545,-0.5342544617156016,1.0,1.0,4.99
STU-10455,-1.0,1.6644400785854618,0.7260579064587962,0.21593830334190225,0.5270618556701032,-0.3212121212121213,-0.19573978123200916,0.0,0.0,5.51
STU-13332,-0.8,0.0,-0.4875792359088579,-0.020565552699229262,-0.30197594501718233,0.1212121212121213,1.5981577432354637,1.0,2.0,4.23
STU-11819,2.1,-0.6758349705304519,-0.058591742333391685,0.4318766066838045,-1.3049828178694167,-0.37575757575757573,0.29015544041450775,0.0,4.0,3.41
STU-14249,-0.4,-0.1838899803536346,-0.17577522700017212,-0.0514138817480727,0.07689003436426087,0.5939393939393935,1.4162348877374784,1.0,4.0,4.85
STU-14854,0.6,-0.35520628683693517,0.0997087544971721,-0.9151670951156817,0.27061855670103097,-0.02424242424242426,-0.2440990213010938,0.0,4.0,3.8
STU-12817,2.1,0.4385068762278978,0.4279595682713716,0.9151670951156807,0.5270618556701032,0.11515151515151482,-0.6563039723661486,1.0,2.0,5.82
STU-12313,-1.0,-0.5783889980353635,0.9988007538118888,-0.15424164524421627,0.06099656357388327,0.8363636363636361,-0.43523316062176165,0.0,4.0,4.28
STU-13114,2.1,-1.6267190569744598,-0.366284050025699,-0.6272493573264784,-1.4819587628865991,0.4,-1.070811744386874,0.0,4.0,2.9
STU-13694,0.2,0.908447937131631,0.19564844954599894,0.9048843187660666,0.5270618556701032,0.6303030303030301,-0.029936672423719037,0.0,4.0,5.11
STU-11224,-0.4,0.44950884086444004,-0.840500256981327,-1.1516709511568122,0.5270618556701032,0.7939393939393935,0.7691421991940129,0.0,4.0,2.87
STU-14388,1.2,0.47465618860510805,0.8535206441665227,-0.2570694087403599,0.2633161512027491,-1.2303030303030302,0.44905008635578597,0.0,4.0,4.99
STU-10756,0.0,0.28919449901768174,-1.4757580949117703,-0.13367609254498794,0.0,0.448484848484848,0.0,1.0,3.0,4.78
STU-11965,0.4,-0.35206286836935174,0.1209525441151267,0.02056555269922835,-0.4789518900343648,0.37575757575757573,-0.49280368451352907,0.0,2.0,3.72
STU-11042,1.0,1.148919449901768,0.9988007538118888,-0.3393316195372751,0.5270618556701032,-0.5090909090909089,0.3960852043753598,0.0,4.0,5.01
STU-13156,-1.0,-1.7241650294695485,-1.2893609731026219,-1.4190231362467873,-0.4334192439862547,-0.6545454545454544,1.1375935521013243,1.0,3.0,2.56
STU-12812,-1.0,-0.10373280943025544,-1.0454000342641774,0.41131105398457524,0.16151202749140864,-0.3272727272727272,-0.5987334484743811,0.0,1.0,4.09
STU-12780,-0.6,0.3489194499017683,0.0,1.26478149100257,0.5270618556701032,0.38181818181818167,-0.052964881980425926,1.0,0.0,5.17
STU-13239,0.2,-0.8911591355599215,-0.9474044886071623,0.10282776349614357,-1.3298969072164957,0.0,-0.6355785837651123,1.0,4.0,3.37
STU-11343,1.2,0.0015717092337917153,-0.5156758608874425,1.3059125964010276,-0.810567010309279,0.03636363636363612,-0.7322970639032815,1.0,2.0,4.73
STU-11816,-0.4,0.6208251473477406,-0.5718691108446128,-0.010282776349615089,-0.5090206185567017,-0.5030303030303029,0.895797351755901,1.0,2.0,4.04
STU-13865,-0.6,-0.46051080550098233,0.43275655302381244,-0.4318766066838054,-0.22379725085910698,-0.4787878787878787,0.8267127230857804,0.0,1.0,3.7
STU-13036,0.0,0.5548133595284872,0.5197875621038199,-0.6478149100257077,0.5270618556701032,-0.2424242424242426,2.0057570523891775,0.0,3.0,4.64
STU-12574,-0.4,-0.587819253438114,0.7267431899948597,1.0694087403598962,-0.7946735395189007,0.8727272727272728,-0.9349453080023029,1.0,2.0,4.17
STU-14207,0.0,0.08015717092337915,0.7418194277882465,-0.30848329048843254,-0.23238831615120334,-0.5515151515151515,-0.3822682786413357,1.0,1.0,4.46
STU-14514,0.0,0.932023575638507,0.5588487236594132,0.4832904884318763,0.5270618556701032,0.0666666666666663,-0.3707541738629821,0.0,3.0,5.06
STU-13697,1.6,-1.4286836935166995,-0.5424019187939013,0.02056555269922835,-0.8655498281786949,0.23030303030303018,0.09441565918249861,0.0,0.0,3.65
STU-11698,0.6,-0.13673870333988203,0.0,0.32904884318766,-0.29725085910652943,0.9939393939393936,0.24409902130109398,0.0,3.0,4.31
STU-10616,-0.8,0.5799607072691553,-1.0947404488607166,1.120822622107969,0.5270618556701032,0.6969696969696965,0.16119746689694883,0.0,0.0,5.05
STU-13580,-0.4,-0.8345776031434186,-0.5122494432071275,-0.6580976863753218,-0.8655498281786949,-1.436363636363636,-0.7553252734599886,1.0,2.0,3.28
STU-10156,0.4,0.7732809430255406,0.7089258180572201,1.0796915167095111,0.5270618556701032,0.5757575757575757,-0.4812895797351756,1.0,0.0,5.82
STU-11183,1.0,-0.047151277013752574,0.0,1.0488431876606679,-0.5614261168384886,-0.23636363636363666,0.06447898675877957,0.0,3.0,4.76
STU-11041,0.4,0.4652259332023578,0.6794586260065096,0.2879177377892024,0.5270618556701032,0.6606060606060599,0.5503742084052965,0.0,1.0,5.99
STU-13437,0.0,0.18860510805500974,0.6575295528524916,0.997429305912596,0.5270618556701032,-0.2909090909090911,0.35463442717328736,0.0,3.0,5.12
STU-10366,0.2,-0.7654223968565816,-1.5997944149391818,-0.596401028277635,-0.4634879725085916,0.2969696969696965,-0.24640184225676443,1.0,0.0,1.65
STU-13744,0.4,-0.8330058939096269,-1.7752270001713213,0.23650385604113058,-1.2478522336769768,-1.9878787878787876,0.5204375359815777,0.0,0.0,2.62
STU-13256,0.0,-0.2593320235756386,-1.2509850950830912,-0.2570694087403599,-0.5682989690721655,-0.38181818181818167,-0.08290155440414496,0.0,3.0,3.38
STU-14746,0.2,0.0,-0.11135857461024595,0.10282776349614357,0.0,0.0,-0.2440990213010938,0.0,3.0,5.2
STU-14123,1.0,-0.5579567779960709,0.8425561075895143,0.12339331619537193,-0.06529209621993175,0.35757575757575744,0.04605641911341398,0.0,3.0,3.79
STU-12676,-0.8,0.14459724950884087,0.9988007538118888,1.131105398457583,0.5270618556701032,-0.4363636363636367,-0.5457685664939551,0.0,2.0,4.61
STU-12047,0.4,0.3316306483300589,0.45879732739420886,-0.5449871465295631,0.4626288659793815,0.0060606060606059305,1.611974668969488,1.0,1.0,4.41
STU-11573,-0.2,0.3096267190569746,-0.32448175432585324,-0.7917737789203089,0.5047250859106532,-1.0848484848484847,-0.8267127230857801,0.0,2.0,3.83
STU-12663,-0.4,1.5166994106090375,0.9988007538118888,1.3059125964010276,0.5270618556701032,0.46060606060606035,-0.47898675877950486,0.0,4.0,6.15
STU-13790,1.4,0.26247544204322204,-0.030495117354806055,0.22622107969151642,0.5262027491408938,-0.9939393939393941,0.9533678756476685,1.0,3.0,4.22
STU-11496,-1.0,0.17917485265225946,0.060647592941578954,0.5449871465295623,0.5270618556701032,-0.909090909090909,0.10362694300518141,0.0,4.0,5.73
STU-11961,1.4,-0.029862475442043148,-1.1228370738393012,-0.8226221079691522,0.5270618556701032,-0.6545454545454544,0.0,0.0,0.0,3.49
STU-11035,-0.4,-1.7288801571709236,-1.1851978756210393,-0.740359897172237,-0.9785223367697601,0.03636363636363612,0.7737478411053542,0.0,3.0,3.26
STU-14314,-0.2,-0.7874263261296661,0.22991262634915124,-0.9768637532133676,0.3260309278350513,-1.16969696969697,0.0,0.0,4.0,2.7
STU-13033,0.2,-0.1728880157170923,0.9151961624121973,0.5655526992287915,0.21477663230240562,-0.3515151515151515,-0.8911917098445598,1.0,4.0,5.04
STU-10894,0.8,0.46994106090373294,-0.2525269830392336,-0.21593830334190317,0.5270618556701032,0.7272727272727272,0.02072538860103624,0.0,4.0,5.09
STU-11756,-0.2,-0.3913555992141455,0.8644851807435322,-0.10282776349614449,-0.26245704467353964,0.23030303030303018,-0.4812895797351756,0.0,3.0,4.19
STU-14979,0.4,-0.762278978388998,-0.5286962480726413,0.9460154241645242,-0.44888316151202784,0.6666666666666669,2.1565918249856075,0.0,0.0,3.84
STU-10670,-1.0,-0.36306483300589404,0.6897378790474546,-0.6889460154241652,-0.4050687285223373,-0.9696969696969698,0.5112262521588946,0.0,4.0,3.16
STU-10465,-0.4,1.0263261296660122,0.0,-1.275064267352185,0.5270618556701032,-0.5636363636363639,0.9810017271157171,0.0,3.0,3.93
STU-12277,1.0,-0.9980353634577604,-0.9076580435155048,-2.0051413881748075,-1.0030068728522346,-1.842424242424242,-0.43523316062176165,1.0,4.0,1.76
STU-12900,1.0,-0.6365422396856583,0.32379647078978885,-0.4832904884318772,0.22465635738831582,0.15757575757575742,-1.1813471502590676,0.0,0.0,3.78
STU-14964,0.2,1.3595284872298625,0.8007538118896684,1.3059125964010276,0.5270618556701032,0.5818181818181817,-0.04375359815774313,1.0,0.0,5.74
STU-12441,0.8,-0.050294695481336006,0.0,-0.44215938303341956,0.04338487972508554,-0.8181818181818183,-0.6217616580310881,0.0,2.0,4.26
STU-13820,-1.0,-0.25147347740667975,-0.27719719033750323,0.8226221079691514,-1.0000000000000007,1.0242424242424242,0.0,1.0,0.0,4.47
STU-14814,1.0,1.4726915520628687,0.9988007538118888,0.37017994858611764,0.5270618556701032,0.4909090909090906,-0.538860103626943,0.0,4.0,5.99
STU-11091,-0.2,0.13202357563850686,0.9988007538118888,1.1105398457583537,0.5270618556701032,-0.3272727272727272,0.7138744962579162,1.0,0.0,4.67
STU-10653,-1.0,1.2039292730844795,0.48072640054822585,0.730077120822622,0.5270618556701032,-0.9393939393939391,0.33160621761658043,0.0,3.0,5.49
STU-12008,1.0,-0.5658153241650296,0.9988007538118888,0.07197943444730014,-0.4037800687285228,0.8363636363636361,0.30166954519286143,0.0,2.0,3.87
STU-13750,-1.0,-0.6852652259332025,0.5821483638855569,0.0,0.516752577319588,0.145454545454545,-0.729994242947611,1.0,4.0,3.89
STU-11640,1.0,-0.9964636542239688,0.5225286962480716,-0.09254498714653031,-0.14304123711340208,0.1212121212121213,-0.6263672999424295,1.0,3.0,4.16
STU-13454,2.0,0.7512770137524561,-0.08463251670378712,0.21593830334190225,0.42482817869415834,0.42424242424242425,-0.44674726540011517,0.0,4.0,5.0
STU-12225,0.0,-0.7811394891944992,0.13876991605276623,0.4010282776349611,-0.6481958762886603,-0.303030303030303,0.4881980426021878,1.0,2.0,4.25
STU-11772,-0.8,1.0436149312377212,0.5574781565872873,-0.740359897172237,0.5270618556701032,0.1212121212121213,0.9441565918249859,0.0,2.0,4.26
STU-10043,-0.2,-1.5182711198428294,-0.4923762206612997,-1.007712082262211,-2.0671713917525785,0.46060606060606035,-0.7737478411053541,0.0,0.0,1.78
STU-10958,-0.6,-1.1332023575638508,-0.8542059277025881,0.0,-1.0236254295532654,0.20606060606060592,2.012665515256189,0.0,0.0,3.41
STU-11143,0.0,0.7402750491159138,-0.2867911598423859,-0.18508997429305973,0.5270618556701032,-0.006060606060606468,-0.27173287276914215,0.0,4.0,4.31
STU-14953,0.8,1.0687622789783893,0.4512592084975154,0.4318766066838045,0.5270618556701032,-0.2424242424242426,0.5964306275187107,0.0,4.0,5.19
STU-12862,-1.0,-0.6836935166994107,-0.8357032722288852,-0.596401028277635,-1.152061855670104,0.0,0.12895797351755914,0.0,4.0,3.4
STU-10626,0.0,-0.17760314341846772,0.0,-1.4498714652956297,-0.5352233676975952,0.951515151515151,-0.1082325849165227,0.0,4.0,3.45
STU-11805,-0.4,-1.1866404715127703,-0.3546342299126271,-1.0179948586118253,-0.7104810996563581,-0.1333333333333337,-0.3246977547495683,0.0,1.0,2.88
STU-12836,1.0,-0.12259332023575631,-0.17577522700017212,-0.1953727506426739,-0.466494845360825,0.44242424242424205,1.261945883707542,1.0,2.0,3.73
STU-13929,0.6,0.2703339882121809,-0.11889669350693942,1.1722365038560407,-0.3548109965635743,-0.10303030303030296,-1.0155440414507775,0.0,3.0,3.78
STU-11262,-0.6,0.41021611001964636,0.5979098852150073,0.20565552699228715,-0.2839347079037802,0.5878787878787876,-0.6977547495682211,0.0,3.0,4.46
STU-14082,-0.2,0.2954813359528489,-0.25047113243104435,-0.10282776349614449,0.3140034364261171,0.21818181818181778,0.08520437535981581,0.0,4.0,4.59
STU-13933,-0.2,0.3567779960707269,-0.03323625149905867,0.07197943444730014,0.5270618556701032,-0.8303030303030302,0.07138744962579172,0.0,4.0,4.67
STU-14348,0.6,-0.5265225933202358,0.6568442693164291,0.0,-0.49699312714776694,-0.7212121212121213,1.0293609671848014,1.0,4.0,4.0
STU-14693,-0.6,-0.7607072691552064,-1.6450231283193426,-0.18508997429305973,-1.4351374570446744,-0.8909090909090911,-0.8105929763960853,0.0,4.0,2.59
STU-13656,1.6,0.3269155206286838,0.9988007538118888,0.4318766066838045,0.5270618556701032,-0.3212121212121213,-0.47207829591249284,0.0,4.0,5.02
STU-14094,0.2,1.1237721021611002,0.9988007538118888,0.9871465295629819,0.5270618556701032,0.0060606060606059305,-0.782959124928037,1.0,1.0,4.91
STU-14398,0.4,1.11434184675835,-0.3971218091485363,0.3598971722365034,0.5270618556701032,-0.903030303030303,2.1565918249856075,1.0,4.0,5.32
STU-10280,-0.6,-0.17445972495088402,-1.2283707383930107,-1.1825192802056557,-1.21778350515464,-1.16969696969697,0.5826137017846864,0.0,2.0,2.47
STU-13451,1.0,-0.6239685658153243,0.9988007538118888,-0.9460154241645251,0.42654639175257725,0.0060606060606059305,0.4559585492227981,0.0,4.0,3.67
STU-11269,0.0,0.9288801571709235,0.25526811718348424,0.20565552699228715,0.5270618556701032,0.9878787878787876,-0.07138744962579152,0.0,0.0,5.05
STU-11956,0.6,-0.6648330058939098,-0.5821483638855579,-0.802056555269923,0.0,0.7757575757575758,0.3246977547495683,0.0,1.0,3.05
STU-11683,-0.8,-0.8565815324165031,-0.5143052938153168,-1.264781491002571,-0.3200171821305845,-0.07272727272727278,-0.9833045480713875,0.0,3.0,3.02
STU-12914,0.6,-0.009430255402750571,-0.8363885557649485,0.0,-0.4531786941580757,0.21818181818181778,0.3293033966609098,0.0,4.0,3.96
STU-11030,0.0,1.065618860510806,0.42316258351892977,1.3059125964010276,0.5270618556701032,0.39393939393939353,0.34542314335060453,1.0,3.0,5.59
STU-11072,0.2,-0.4667976424361495,0.2052424190508816,0.11311053984575775,-0.5206185567010314,-0.2606060606060609,-0.3707541738629821,0.0,3.0,3.66
STU-10168,0.4,-0.9587426326129667,-0.2305979098852156,-0.8637532133676099,-0.8947594501718217,-0.4545454545454545,-0.432930339666091,0.0,4.0,3.32
STU-14698,-0.6,-0.05186640471512772,0.3107760836045902,0.0,-0.08419243986254335,0.3393939393939391,0.5457685664939552,0.0,0.0,4.82
STU-13633,0.6,0.4275049115913558,0.0,0.9151670951156807,-0.3797250859106533,-0.8484848484848485,0.2394933793897525,0.0,1.0,3.41
STU-11711,0.0,-0.5233791748526524,-1.154360116498202,-1.2853470437017993,-0.9411512027491419,0.16363636363636333,-0.888888888888889,1.0,1.0,2.3
STU-14839,0.0,0.8911591355599219,0.5149905773513782,1.3059125964010276,-0.5047250859106532,-1.1818181818181817,-0.9096142774899252,0.0,4.0,5.09
STU-10324,-0.8,0.37406679764243633,0.5211581291759458,0.5655526992287915,0.5270618556701032,-0.8909090909090911,-0.4835924006908463,1.0,3.0,5.39
STU-11180,0.8,0.8172888015717092,0.43207126948775004,-0.6786632390745502,0.4561855670103091,0.012121212121211861,-0.2026482440990213,1.0,3.0,4.32
STU-10660,0.6,0.35206286836935174,0.13876991605276623,-0.12339331619537285,0.19158075601374555,0.36969696969696925,-0.8267127230857801,0.0,1.0,3.3
STU-11336,-0.2,-0.30019646365422403,0.8302210039403799,0.7712082262210795,0.4059278350515467,-0.9636363636363633,-0.6908462867012091,1.0,4.0,4.33
STU-10005,-1.0,-1.4349705304518665,0.031180400890867505,-0.3907455012853478,-1.259450171821307,0.07878787878787871,1.88370754173863,0.0,0.0,3.8
STU-12993,0.0,0.10058939096267201,-0.730854891211239,0.7712082262210795,-0.050257731958762986,0.01818181818181779,0.33621185952792176,0.0,2.0,5.29
STU-11523,0.2,0.29233791748526516,0.46702072982696474,-0.20565552699228806,0.5270618556701032,0.12727272727272723,-0.33390903857225107,0.0,4.0,4.76
STU-13995,0.0,0.06129666011787829,-0.027753983210554417,-0.3393316195372751,-0.6503436426116842,1.5939393939393935,2.1565918249856075,0.0,4.0,4.34
STU-10903,2.0,0.9493123772102161,-1.026212095254412,-1.0385604113110545,0.024054982817869528,-0.5272727272727272,-0.46516983304548076,1.0,1.0,3.8
STU-12788,0.4,0.1713163064833006,-0.3566900805208163,0.5244215938303339,-0.19802405498281794,0.41212121212121183,-0.2993667242371906,1.0,0.0,4.34
STU-11317,0.2,0.08644400785854629,-0.6719205071098171,0.23650385604113058,0.3062714776632302,0.19393939393939352,-0.39838802533103046,0.0,1.0,3.91
STU-13426,0.0,0.017288801571709148,0.3608017817371928,0.4730077120822621,-0.10481099656357384,1.1212121212121213,1.701784686240645,0.0,2.0,4.0
STU-11370,-1.0,-0.6711198428290767,-0.1606989892067852,-0.8637532133676099,-0.48926116838488004,-0.4181818181818183,1.3862982153137597,0.0,2.0,3.27
STU-11946,1.4,-0.4620825147347741,0.0,-0.15424164524421627,0.0,0.15757575757575742,0.12895797351755914,0.0,4.0,3.85
STU-13142,-0.2,-1.032612966601179,-1.5223573753640576,-0.6580976863753218,-0.5455326460481104,-0.4,0.895797351755901,0.0,1.0,2.21
STU-12991,2.1,1.4491159135559921,0.19496316600993555,0.15424164524421538,0.5270618556701032,0.24242424242424204,-0.10362694300518141,0.0,3.0,5.12
STU-11691,1.2,0.3080550098231829,-0.026383416138427623,0.49357326478149044,0.5270618556701032,0.0,0.8082901554404148,0.0,2.0,4.36
STU-12347,-0.2,-0.44007858546168976,-0.5067671749186232,-0.12339331619537285,0.0,0.054545454545454446,-0.11514104778353484,0.0,2.0,3.66
STU-12600,-0.4,0.6208251473477406,0.9988007538118888,0.24678663239074478,0.5270618556701032,-0.4606060606060609,-0.18652849740932637,1.0,2.0,4.74
STU-13292,-0.2,0.21218074656188604,-0.08668836731197634,-0.3701799485861185,0.1103951890034362,-1.109090909090909,1.22279792746114,1.0,0.0,4.69
STU-12130,0.0,-1.0671905697445974,-0.42795956827137255,0.0,-1.1005154639175265,-0.6242424242424243,0.8911917098445598,1.0,4.0,2.97
STU-13175,-1.0,1.1127701375245578,0.7507281137570658,1.1413881748071972,0.4243986254295533,0.18181818181818168,0.0,0.0,4.0,6.11
STU-10255,0.8,-1.4176817288801573,-0.5554223059791,-0.60668380462725,-2.0671713917525785,-0.7757575757575758,-0.25561312607944725,0.0,3.0,1.62
STU-11773,1.2,0.532809430255403,-0.2991262634915202,0.22622107969151642,0.3135738831615121,-0.5212121212121213,-0.2625215889464594,1.0,1.0,4.78
STU-12586,-0.2,-0.9115913555992142,-1.3277368511221526,-0.03084832904884344,-1.5657216494845372,-1.6545454545454545,-0.14968336211859518,0.0,0.0,2.83
STU-11522,-1.0,0.707269155206287,0.13534349837245122,0.17480719794344463,0.5270618556701032,-0.11515151515151537,-0.9740932642487047,0.0,4.0,4.67
STU-11775,0.0,0.7905697445972498,0.1792016446804862,-0.11311053984575867,0.416237113402062,-0.9454545454545455,-0.5227403569372482,0.0,0.0,4.7
STU-11748,0.0,-0.23889980353634574,-0.39369539146822025,-1.6349614395886896,0.488831615120275,-1.2545454545454544,-0.13356361542890044,0.0,1.0,3.63
STU-12683,0.0,-0.42121807465618866,0.4409799554565693,0.8020565552699221,-0.3200171821305845,-1.1878787878787875,-0.34772596430627517,0.0,2.0,3.79
STU-14481,-0.4,-0.6019646365422398,-0.2778824738735656,-1.1825192802056557,-0.8758591065292102,-0.3272727272727272,1.3955094991364423,0.0,3.0,3.39
STU-12728,0.2,-0.6616895874263262,0.12643481240363094,0.19537275064267298,-0.5910652920962205,0.03636363636363612,-0.2026482440990213,1.0,3.0,3.66
STU-14412,-1.0,0.9398821218074659,0.9988007538118888,1.0796915167095111,0.44029209621993154,-1.0484848484848486,0.20495106505469216,1.0,0.0,6.84
STU-12471,-0.2,0.26561886051080547,-0.8432413911255786,-0.8226221079691522,0.5270618556701032,0.5818181818181817,0.4997121473805412,1.0,3.0,4.14
STU-11958,1.4,0.3457760314341846,-0.6102449888641436,-0.06169665809768688,-0.45231958762886626,0.848484848484848,-0.17501439263097293,0.0,2.0,3.58
STU-14313,0.6,0.6459724950884087,0.0435155045400028,-0.1953727506426739,0.5270618556701032,-0.5151515151515154,0.2026482440990213,0.0,3.0,4.75
STU-13751,0.2,0.680550098231827,0.33064930615041893,0.8946015424164515,0.5270618556701032,0.848484848484848,0.4145077720207254,1.0,3.0,5.61
STU-14508,0.0,-0.21689587426326146,-0.060647592941579925,0.2776349614395882,0.05670103092783479,-0.3515151515151515,0.20955670696603346,0.0,3.0,4.44
STU-12308,0.2,-0.13988212180746573,-0.08600308377591294,1.3059125964010276,-0.09235395189003466,-1.5818181818181816,-0.280944156591825,0.0,2.0,4.24
STU-10879,1.2,-0.13673870333988203,-0.43960938838444447,0.02056555269922835,0.27362542955326435,0.1515151515151515,0.4122049510650548,0.0,3.0,3.8
STU-14354,0.6,1.3280943025540277,0.9988007538118888,0.6786632390745493,0.5270618556701032,0.04242424242424205,1.0408750719631552,1.0,2.0,5.54
STU-11828,-0.2,0.12416502946954802,0.9988007538118888,0.10282776349614357,0.5270618556701032,-0.1515151515151515,-1.1583189407023604,0.0,3.0,4.36
STU-12569,1.0,0.22475442043222002,-1.3743361315744393,0.30848329048843165,0.0,0.27272727272727276,0.7023603914795625,1.0,0.0,4.96
STU-10175,-0.4,-0.4667976424361495,0.406715778653417,0.0411311053984567,-0.4888316151202756,-0.17575757575757575,0.35233160621761667,1.0,3.0,4.24
STU-11022,-1.0,0.5076620825147349,-0.31625835189309637,0.0,-0.07689003436426148,-0.3696969696969698,0.14507772020725387,0.0,2.0,4.36
STU-13666,1.4,0.6129666011787821,0.9988007538118888,1.1105398457583537,0.4239690721649483,-1.3515151515151516,0.0,0.0,1.0,5.71
STU-10872,-0.6,-1.3438113948919452,0.9988007538118888,-1.0899742930591263,-1.3286082474226815,-0.18181818181818168,-0.5757052389176742,0.0,2.0,2.86
STU-14361,-0.8,-0.3866404715127703,0.0,-2.0822622107969164,0.0,0.6181818181818183,-0.7875647668393784,0.0,3.0,2.29
STU-10910,-0.4,1.691159135559922,0.6506767174918615,0.730077120822622,0.5270618556701032,0.13333333333333316,-0.21876799078871625,0.0,0.0,6.11
STU-11153,0.6,-0.7921414538310414,-1.41271200959397,-1.3881748071979438,-1.7719072164948466,0.3212121212121208,0.05987334484743807,0.0,4.0,2.08
STU-12950,0.0,-0.38506876227897835,0.05585060818913712,-0.2467866323907457,-0.3754295532646054,0.6727272727272727,0.0,1.0,4.0,4.07
STU-14218,-0.2,1.3799607072691555,0.9988007538118888,0.8329048843187655,0.5270618556701032,-1.3090909090909089,0.5964306275187107,0.0,4.0,5.88
STU-11376,0.6,0.13673870333988203,0.30118211409970747,-0.16452442159383046,0.5270618556701032,1.4303030303030302,-0.27864133563615434,0.0,2.0,4.31
STU-12393,0.2,-0.3567779960707269,0.5800925132773678,-0.9871465295629828,0.03608247422680368,0.35757575757575744,0.8819804260218771,1.0,3.0,4.3
STU-11335,0.4,-0.8125736738703341,-1.144080863457256,-1.3059125964010285,-0.1116838487972513,-0.8545454545454545,-0.03684513529073118,0.0,2.0,2.92
STU-10482,1.4,-0.3897838899803538,-0.7658043515504547,-0.60668380462725,0.33333333333333315,-0.4121212121212124,1.4369602763385148,0.0,3.0,4.11
STU-12853,0.2,0.6915520628683692,0.3799897207469582,1.2133676092544983,0.5270618556701032,-1.4727272727272729,-0.12204951065054699,0.0,1.0,4.49
STU-10942,0.4,-1.557563850687623,0.0,-1.3161953727506428,0.012886597938144215,-0.6424242424242426,-0.7944732297063903,0.0,4.0,2.36
STU-14793,-1.0,0.24833005893909632,0.7198903546342296,0.5758354755784056,-0.008161512027491316,1.5212121212121201,0.04605641911341398,0.0,3.0,4.63
STU-10992,1.2,-0.36620825147347746,-1.0474558848723665,-1.0179948586118253,-0.36211340206185616,-0.3090909090909094,1.5889464594127807,0.0,2.0,2.4
STU-14480,-1.0,0.11944990176817287,-0.9179372965564508,0.0,-0.46735395189003504,0.9575757575757569,-0.08520437535981581,0.0,2.0,4.28
STU-14791,0.4,-1.357956777996071,-1.4408086345725546,-0.668380462724936,-1.2740549828178702,0.41212121212121183,-0.0023028209556706478,1.0,1.0,2.47
STU-11070,0.0,-0.20589390962671916,-1.6888812746273776,-1.1413881748071981,0.04682130584192396,0.5515151515151515,-0.21416234887737476,0.0,2.0,2.21
STU-11477,1.0,0.5658153241650296,0.11547027582662243,-0.9768637532133676,0.5270618556701032,-0.13939393939393963,0.356937248128958,0.0,4.0,4.66
STU-10973,-0.2,0.5548133595284872,0.0654445776940198,1.120822622107969,0.5270618556701032,1.9696969696969688,-0.2993667242371906,0.0,3.0,5.36
STU-10970,-0.8,-0.13831041257367402,-0.8309062874764442,-0.22622107969151733,-0.06958762886597962,0.0,-0.33160621761658027,1.0,4.0,4.2
STU-12917,0.2,-1.6000000000000003,-1.1632688024670212,-1.9023136246786636,-0.5459621993127154,0.8121212121212114,-0.6424870466321244,0.0,3.0,2.04
STU-12669,0.0,0.3929273084479372,0.388213123179715,-0.31876606683804676,0.5270618556701032,0.5515151515151515,1.0846286701208983,1.0,4.0,4.36
STU-10755,-0.2,-0.4935166994106092,-1.091999314716465,0.23650385604113058,-0.6000859106529213,-1.9999999999999998,-0.02763385146804839,0.0,0.0,3.2
STU-13269,-0.2,-0.16974459724950888,-0.803494946033922,-0.21593830334190317,-0.45704467353951916,-0.33939393939393964,-0.08750719631548647,1.0,4.0,3.93
STU-11901,0.0,0.6255402750491161,0.9988007538118888,1.3059125964010276,0.5270618556701032,0.739393939393939,0.9096142774899253,0.0,3.0,6.37
STU-11294,-0.2,0.22003929273084488,-0.8357032722288852,-0.5038560411311055,-0.6619415807560146,1.0787878787878786,0.8428324697754753,0.0,3.0,3.63
STU-14874,-0.4,0.0,-0.018160013705671732,0.4832904884318763,0.45189003436426123,-0.054545454545454446,-0.5780080598733449,1.0,0.0,4.68
STU-12281,0.0,0.8880157170923378,0.32927873907829314,0.0,0.5270618556701032,-0.38181818181818167,0.3062751871042027,0.0,3.0,4.62
STU-12785,0.0,-0.009430255402750571,-0.39438067500428364,-0.5655526992287925,0.23238831615120273,0.24848484848484853,-0.5457685664939551,0.0,3.0,4.19
STU-11286,-0.4,0.6522593320235756,-0.9576837416481074,-0.5552699228791773,0.3569587628865982,0.3878787878787876,-1.0961427748992516,0.0,1.0,3.29
STU-14008,1.8,0.3897838899803538,-0.18057221175261298,0.2776349614395882,0.5270618556701032,-0.7272727272727272,1.3955094991364423,1.0,4.0,3.75
STU-11689,1.8,-0.39764243614931233,0.1230083947233159,-0.26735218508997494,0.0,-0.5454545454545455,-1.093839953943581,0.0,2.0,3.52
STU-12086,-0.4,0.3017681728880158,0.9988007538118888,0.22622107969151642,0.3002577319587628,0.8727272727272728,0.274035693724813,0.0,4.0,5.19
STU-14667,-0.4,0.0,0.1785163611444228,0.39074550128534685,0.2633161512027491,-0.10909090909090943,-0.14507772020725387,0.0,3.0,3.61
STU-11020,-0.8,-0.6475442043222005,-0.5321226657529563,-0.31876606683804676,-0.5532646048109973,0.5333333333333331,1.9435808865860684,0.0,2.0,3.55
STU-10182,-0.4,0.8220039292730846,0.3820455713551474,0.730077120822622,0.5270618556701032,-1.103030303030303,0.0,1.0,2.0,4.95
STU-12989,-1.0,1.1944990176817294,0.08189138255953353,0.4010282776349611,0.5270618556701032,-1.3939393939393936,0.5434657455382845,0.0,4.0,4.89
STU-10820,-0.6,-0.3834970530451866,-0.41630974815830163,0.16452442159382955,-1.1761168384879732,-0.8848484848484847,0.24870466321243528,0.0,3.0,3.41
STU-14141,0.2,-0.7434184675834973,0.022956998458111614,0.2879177377892024,-0.39432989690721704,0.0,0.2256764536557284,0.0,4.0,3.13
STU-11179,0.4,0.03929273084479372,0.34366969333561664,-0.2365038560411315,-0.16022336769759477,0.2,0.24640184225676465,1.0,1.0,3.51
STU-13664,0.0,-0.27347740667976433,0.6020215864313847,-0.9460154241645251,0.0,0.46060606060606035,-0.36614853195164077,1.0,3.0,4.45
STU-10470,-0.2,1.126915520628684,0.04420078807606522,-1.3881748071979438,0.5270618556701032,1.3151515151515143,1.275762809441566,0.0,2.0,4.39
STU-10896,-0.2,-0.2954813359528489,0.403289360973102,-0.35989717223650436,-0.7727663230240558,-1.1393939393939392,-0.9833045480713875,0.0,2.0,3.91
STU-12339,0.6,0.7308447937131629,0.1003940380332355,0.4318766066838045,0.5270618556701032,-1.909090909090909,-0.6148531951640761,1.0,3.0,3.61
STU-12927,0.4,-0.42121807465618866,0.5848894980298086,-1.0179948586118253,0.2573024054982817,0.44242424242424205,-0.22337363270005756,0.0,4.0,4.48
STU-11478,1.2,-1.4978388998035366,-0.31831420250128556,-0.020565552699229262,-0.5859106529209626,-0.703030303030303,0.0046056419113415,1.0,2.0,3.27
STU-13202,-1.0,-0.08644400785854629,0.2724002055850604,0.17480719794344463,0.007731958762886285,0.2606060606060604,-0.12665515256188828,1.0,4.0,4.59
STU-10181,0.0,0.2341846758349706,-0.23333904402946823,0.23650385604113058,0.0,-0.7333333333333332,-0.5595854922279793,1.0,3.0,4.38
STU-13901,-0.4,0.5705304518664049,0.6643823882131227,0.39074550128534685,0.5270618556701032,0.7757575757575758,0.22337363270005756,0.0,4.0,5.17
STU-10679,0.2,-0.4196463654223969,0.9988007538118888,-0.5449871465295631,0.12714776632302385,0.04848484848484852,-0.8267127230857801,0.0,0.0,4.3
STU-12552,0.8,-0.3944990176817289,-0.25595340071954864,0.3393316195372742,-0.6554982817869421,-0.3212121212121213,0.43983880253310315,0.0,2.0,4.02
STU-14306,0.8,0.18074656188605118,0.8507795100222711,0.37017994858611764,0.4591924398625431,0.42424242424242425,0.14968336211859537,1.0,2.0,5.33
STU-11259,0.8,0.13673870333988203,0.9988007538118888,0.0411311053984567,0.5270618556701032,0.7696969696969698,0.2556131260794474,0.0,1.0,4.61
STU-13796,0.4,0.6774066797642435,-0.7363371594997433,0.20565552699228715,0.3277491408934708,0.04848484848484852,-0.6493955094991365,0.0,3.0,4.04
STU-10557,-0.2,-0.3064833005893909,0.21826280623607935,-0.40102827763496196,-0.32689003436426134,1.4303030303030302,0.050662061024755276,0.0,2.0,4.33
STU-14362,-0.8,0.05500982318271115,-0.6458797327394217,-0.0514138817480727,-0.7358247422680421,-0.7515151515151515,-0.01611974668969474,0.0,0.0,3.09
STU-14180,1.0,-0.9021611001964639,0.9042316258351888,0.5347043701799481,-0.34321305841924454,-0.34545454545454557,0.0,1.0,0.0,4.4
STU-10739,0.0,0.13673870333988203,-0.41493918108617484,-0.1953727506426739,-0.1812714776632303,0.0,-0.455958549222798,0.0,4.0,4.62
STU-11319,0.6,0.32848722986247547,-0.1490491690937133,-0.2879177377892033,-0.03737113402061877,0.19393939393939352,0.08290155440414516,0.0,4.0,3.95
STU-13321,-0.6,0.2577603143418469,0.45879732739420886,-0.6375321336760925,-0.022336769759450623,-0.9272727272727272,0.8428324697754753,1.0,0.0,3.6
STU-11211,-0.4,0.0,-0.604077437039576,-0.4935732647814914,-0.3092783505154642,-0.8181818181818183,0.43523316062176187,0.0,3.0,4.24
STU-14842,0.0,-0.014145383104125716,0.7562103820455701,0.18508997429305882,0.119845360824742,0.31515151515151485,1.7294185377086935,0.0,3.0,4.23
STU-11188,1.8,0.2577603143418469,0.45742676032208207,-0.5141388174807198,-0.018470790378007175,0.303030303030303,-0.6493955094991365,1.0,0.0,4.18
STU-10678,0.6,1.081335952848723,0.0,0.1439588688946012,0.5270618556701032,-0.2909090909090911,-0.29015544041450775,1.0,3.0,5.03
STU-14299,-0.4,-0.3017681728880158,-0.21415110501970286,0.863753213367609,0.18685567010309265,0.22424242424242427,1.1122625215889468,1.0,2.0,5.18
STU-12861,0.0,-1.414538310412574,-1.3661127291416835,0.08226221079691431,-0.7611683848797255,-0.6,0.736902705814623,1.0,1.0,3.07
STU-12274,-1.0,-0.4683693516699412,-0.4567414767860206,-0.9665809768637534,-0.637027491408935,0.09090909090909056,-0.9234312032239494,0.0,2.0,2.74
STU-11725,-0.8,1.2133595284872298,0.2360801781737189,0.730077120822622,0.5270618556701032,-0.6,-0.9464594127806563,0.0,3.0,5.29
STU-13418,1.6,-0.8125736738703341,-0.44097995545657126,0.0411311053984567,-0.47079037800687346,-0.5333333333333331,-0.44905008635578586,1.0,3.0,3.59
STU-13343,1.4,-0.8015717092337918,0.19633373308206234,0.0411311053984567,-0.39304123711340255,0.8363636363636361,0.18652849740932656,1.0,0.0,4.19
STU-11639,0.6,-0.3096267190569746,0.9988007538118888,-0.3290488431876609,0.2938144329896904,1.2303030303030302,-0.41681059297639605,0.0,2.0,4.15
STU-12771,1.2,0.41178781925343805,0.9988007538118888,-0.4524421593830338,0.15034364261168393,0.5636363636363634,-0.4444444444444444,0.0,4.0,4.02
STU-10949,-0.6,1.1111984282907665,-0.22580092513277475,0.24678663239074478,0.5270618556701032,-0.5393939393939396,0.7967760506620611,0.0,0.0,4.31
STU-14521,2.1,-1.4994106090373283,-0.4923762206612997,-0.6580976863753218,-2.0671713917525785,1.3999999999999995,-0.12895797351755894,0.0,4.0,2.97
STU-10296,0.4,-1.3343811394891947,-0.253212266575296,0.18508997429305882,-1.1950171821305853,0.5757575757575757,-0.45365572826712725,0.0,4.0,3.07
STU-13849,-1.0,-0.9555992141453833,-0.24841528182285516,-0.9871465295629828,-0.12371134020618606,0.7151515151515153,2.1565918249856075,0.0,3.0,3.26
STU-13015,0.6,0.3237721021611003,-0.4039746445091663,0.30848329048843165,-0.05798969072164988,-1.4727272727272729,-0.03454231433506033,0.0,4.0,4.17
STU-12380,0.6,-0.27347740667976433,0.0,-0.010282776349615089,0.1907216494845361,-1.6666666666666663,1.3770869314910767,1.0,2.0,3.57
STU-13335,1.0,1.1709233791748528,0.4074010621894804,0.5449871465295623,-0.5824742268041241,-0.25454545454545446,2.1565918249856075,0.0,2.0,4.26
STU-14884,0.2,0.6066797642436149,0.4711324310433432,0.730077120822622,0.5270618556701032,-0.31515151515151535,0.75993091537133,1.0,3.0,4.92
STU-10952,0.2,1.3626719056974466,-0.07024156244646261,1.3059125964010276,0.5270618556701032,-0.13939393939393963,-0.4444444444444444,1.0,0.0,5.46
STU-10413,1.6,0.8392927308447938,0.381360287819084,-0.6889460154241652,0.25171821305841935,0.7151515151515153,2.1565918249856075,0.0,2.0,4.32
STU-11790,0.0,1.482121807465619,0.4437210896008219,1.203084832904884,0.5270618556701032,0.0060606060606059305,0.45365572826712725,0.0,4.0,5.11
STU-12169,0.0,0.8848722986247544,-0.23402432756553065,-0.03084832904884344,-0.1847079037800687,-0.2,1.710995970063328,0.0,4.0,3.96
STU-13974,-0.6,0.0,-0.5293815316087036,-1.1722365038560416,-1.2762027491408943,1.0969696969696965,0.49740932642487057,0.0,3.0,2.43
STU-13398,0.4,-0.3567779960707269,-0.91314031180401,-0.2776349614395891,-0.565292096219932,1.1090909090909085,1.8054116292458267,1.0,3.0,3.65
STU-13678,0.6,0.2341846758349706,0.47867054994003666,0.5038560411311046,0.16580756013745712,0.6848484848484846,1.2642487046632125,1.0,0.0,4.84
STU-14349,-0.4,-0.10058939096267201,-0.27719719033750323,1.131105398457583,-0.10652920962199336,-0.25454545454545446,0.0,1.0,3.0,4.82
STU-13659,0.6,-1.5732809430255406,-1.7101250642453323,0.05141388174807179,-0.9978522336769767,0.19393939393939352,2.1565918249856075,0.0,0.0,2.39
STU-11908,0.2,0.7292730844793716,0.5115641596710632,1.1825192802056548,0.3702749140893469,-0.15757575757575795,0.7714450201496836,1.0,1.0,5.08
STU-13342,0.6,1.166208251473478,-0.19222203186568487,0.30848329048843165,0.4269759450171823,0.4545454545454545,-0.023028209556706886,0.0,3.0,4.65
STU-12310,-0.6,-0.35992141453831034,-0.5828336474216214,0.26735218508997405,-0.3402061855670106,0.13333333333333316,2.1565918249856075,0.0,2.0,3.07
STU-14768,-0.8,0.5768172888015718,0.39643652561247095,1.26478149100257,0.5270618556701032,-0.31515151515151535,0.4283246977547497,0.0,4.0,5.84
STU-10134,0.2,0.545383104125737,-0.894637656330307,-0.35989717223650436,0.5270618556701032,0.22424242424242427,-0.17271157167530227,1.0,2.0,4.6
STU-10353,1.0,0.011001964636542285,0.7287990406030488,1.059125964010282,0.17396907216494842,-0.06060606060606091,-0.8405296488198044,1.0,4.0,4.6
STU-10585,0.6,-0.7921414538310414,0.5677574096282324,-0.2982005141388175,0.47981099656357423,0.21818181818181778,0.1934369602763385,0.0,3.0,4.12
STU-14083,0.4,-0.4510805500982318,-0.37108103477813986,-0.3496143958868902,0.4763745704467352,0.10909090909090889,0.15889464594127817,1.0,3.0,3.96
STU-14744,0.4,-0.41335952848723007,0.916566729484323,0.5861182519280198,0.3530927835051548,0.03030303030303019,0.4467472654001153,1.0,0.0,4.64
STU-12063,-0.6,-0.8440078585461691,-0.617783107760837,-2.0822622107969164,-1.26331615120275,-0.2909090909090911,-0.3822682786413357,0.0,3.0,1.4
STU-13409,1.0,-0.1210216110019646,-1.3709097138941242,-0.5449871465295631,0.3032646048109968,-0.1333333333333337,-0.5043177892918826,0.0,0.0,3.9
STU-10347,0.2,0.35049115913556006,0.003769059448346247,-0.7814910025706947,-0.4394329896907221,1.8060606060606055,1.2803684513529074,0.0,3.0,4.02
STU-14581,-0.4,0.17760314341846772,0.31625835189309537,0.6478149100257068,-0.30025773195876343,0.7999999999999995,-0.2993667242371906,0.0,2.0,3.64
STU-13233,1.2,-0.5862475442043223,-0.09011478499229138,0.29820051413881654,0.09793814432989702,0.03636363636363612,-0.1174438687392055,0.0,3.0,4.73
STU-13881,-0.2,-0.40392927308447946,-0.06612986123008514,1.0488431876606679,-0.4561855670103097,0.35757575757575744,0.6862406447898676,0.0,3.0,4.38
STU-10855,-0.4,-0.10058939096267201,0.8507795100222711,-0.31876606683804676,0.2036082474226803,1.236363636363636,0.14507772020725387,0.0,3.0,4.48
STU-11557,-0.6,-0.05343811394891944,-0.7767688881274633,0.18508997429305882,-0.5476804123711343,-1.4666666666666663,0.601036269430052,0.0,0.0,3.38
STU-14305,0.4,-0.4306483300589392,0.6869967449032031,-1.2030848329048849,-0.890893470790379,0.7939393939393935,0.568796776050662,0.0,2.0,3.75
STU-10260,1.6,-1.7288801571709236,-0.5807777968134321,-1.2853470437017993,-1.0081615120274918,-1.496969696969697,0.0069084628670121485,0.0,1.0,2.31
STU-10058,-0.8,0.6333988212180749,0.7479869796128142,0.09254498714652941,0.5270618556701032,1.1575757575757568,-0.8244099021301095,1.0,4.0,5.55
STU-14686,-0.2,0.8974459724950887,0.05722117526126391,1.3059125964010276,0.5270618556701032,-0.8181818181818183,-0.1128382268278642,1.0,4.0,5.84
STU-14413,0.2,1.1253438113948921,0.9988007538118888,0.9151670951156807,0.5270618556701032,0.951515151515151,2.1565918249856075,0.0,3.0,5.48
STU-12696,-0.2,0.9367387033398824,0.15041973616583815,-0.1953727506426739,0.4480240549828178,-0.8060606060606059,0.8244099021301097,0.0,4.0,3.4
STU-12668,-0.4,0.5422396856581532,-0.847353092341957,0.7197943444730068,-0.23539518900343673,0.1212121212121213,-0.05757052389176742,1.0,2.0,4.3
STU-11264,0.8,1.208644400785855,0.4492033578893262,1.192802056555269,0.5270618556701032,0.16969696969696926,0.987910189982729,1.0,4.0,5.88
STU-11800,0.0,-0.5862475442043223,-0.4464622237450755,-1.2236503856041134,-0.9591924398625434,0.951515151515151,-0.07138744962579152,0.0,2.0,2.66
STU-11447,1.4,-0.33634577603143434,-0.567072126092171,-0.3290488431876609,-0.20274914089347085,0.16363636363636333,-0.5112262521588946,0.0,2.0,3.52
STU-12071,0.6,0.8660117878192538,0.3402432756553016,1.3059125964010276,0.5270618556701032,0.0,0.0,1.0,3.0,4.93
STU-11974,0.4,0.7921414538310413,-0.19153674832962245,0.6478149100257068,0.5270618556701032,1.4969696969696964,-0.7944732297063903,0.0,0.0,4.67
STU-11201,0.2,0.8990176817288801,0.9988007538118888,1.3059125964010276,0.5270618556701032,0.3878787878787876,-0.5434657455382844,1.0,3.0,7.818394560907464
STU-14533,-0.2,0.6821218074656189,-1.8204557135514825,-1.0282776349614395,-0.3230240549828185,0.10909090909090889,-0.44674726540011517,0.0,3.0,3.74
STU-10430,-0.6,-1.5465618860510808,-0.5362343669693347,-1.0179948586118253,-0.7676116838487979,1.1393939393939392,-0.15198618307426603,0.0,0.0,2.33
STU-14875,-1.0,0.3913555992141455,0.08737365084803779,0.4832904884318763,0.5270618556701032,-0.07272727272727278,-0.5480713874496258,0.0,3.0,4.68
STU-13781,0.0,-1.0781925343811398,0.06818571183827242,-1.7789203084832907,-0.4961340206185569,-0.2909090909090911,1.8238341968911922,1.0,4.0,3.14
STU-10555,0.8,-1.5889980353634579,-0.9946890525955123,-1.0282776349614395,-1.1610824742268049,0.5030303030303029,0.4375359815774325,0.0,1.0,2.96
STU-14961,-0.2,0.6475442043222006,0.592427616926502,0.08226221079691431,0.40979381443298957,-0.1333333333333337,-1.0800230282095566,0.0,4.0,5.33
STU-14831,0.4,-0.14931237721021604,-0.12095254411512864,-0.5758354755784066,0.35137457044673526,-1.3575757575757574,0.9142199194012667,1.0,4.0,3.81
STU-11564,-0.6,0.3206286836935166,0.9988007538118888,0.8329048843187655,-0.14776632302405496,-0.31515151515151535,0.0069084628670121485,0.0,2.0,4.22
STU-11225,-0.2,0.10058939096267201,0.0,-0.08226221079691523,-0.6842783505154646,1.3939393939393936,-0.5757052389176742,1.0,2.0,3.4
STU-12814,-1.0,0.1603143418467583,0.07229741305465084,-0.9357326478149101,-0.16108247422680422,0.13333333333333316,0.69314910765688,0.0,2.0,3.82
STU-10737,-1.0,1.1347740667976425,0.9988007538118888,0.2570694087403599,0.5270618556701032,1.2606060606060598,0.9625791594703514,0.0,4.0,5.13
STU-13900,-1.0,0.23575638506876231,-0.37245160185026666,0.5244215938303339,-0.42482817869415834,-0.5272727272727272,1.1859527921704087,0.0,3.0,4.66
STU-11077,-0.6,1.2510805500982323,0.9988007538118888,-0.03084832904884344,0.5270618556701032,-1.0787878787878786,-1.0155440414507775,0.0,2.0,5.31
STU-12062,0.0,0.8172888015717092,-0.9056021929073166,0.9665809768637526,0.5270618556701032,0.8969696969696965,0.6401842256764538,1.0,4.0,4.92
STU-12470,0.2,-1.2557956777996073,-0.28953229398663755,-0.4832904884318772,-1.8432130584192452,-1.3636363636363633,0.7898675877950492,0.0,3.0,4.24
STU-10713,-0.4,-0.8330058939096269,0.42590371766318236,-1.1619537275064273,-0.44716494845360893,0.40606060606060596,0.050662061024755276,0.0,4.0,3.13
STU-14258,0.2,0.6051080550098232,0.4279595682713716,0.32904884318766,-0.10996563573883178,-0.2121212121212124,0.3385146804835924,0.0,3.0,4.65
STU-11221,-1.0,0.6994106090373281,0.6424533150591046,0.12339331619537193,0.5270618556701032,0.42424242424242425,0.9625791594703514,0.0,2.0,5.12
STU-13532,0.0,-0.9603143418467586,-0.25526811718348524,-0.9768637532133676,-1.7946735395189013,0.303030303030303,-0.07829591249280367,0.0,3.0,2.13
STU-12335,1.4,-1.139489194499018,-0.8651704642795965,-1.2853470437017993,-1.8685567010309292,-0.7454545454545456,1.1329879101899831,0.0,4.0,2.31
STU-10075,-1.0,0.955599214145383,0.9988007538118888,0.39074550128534685,0.5270618556701032,0.38181818181818167,0.8888888888888891,0.0,3.0,4.58
STU-14556,-1.0,-0.6805500982318272,0.008566044200787102,0.0,-0.6640893470790385,0.0,-0.013816925734024092,0.0,3.0,4.38
STU-14542,0.0,1.3123772102161104,0.19290731540174633,1.3059125964010276,0.5270618556701032,0.5757575757575757,-0.8013816925734025,0.0,4.0,5.2
STU-13665,1.0,-0.8612966601178784,-1.107075552509852,-0.6375321336760925,0.25214776632302377,0.9151515151515143,0.8382268278641336,0.0,0.0,3.43
STU-14815,0.8,0.545383104125737,0.5437724858660262,-0.2776349614395891,0.4501718213058417,-0.5939393939393941,1.0846286701208983,0.0,4.0,4.13
STU-14841,-0.2,-0.14302554027504916,-0.7541545314373829,-1.6349614395886896,-0.011597938144330343,1.3999999999999995,-0.09671848013816925,0.0,1.0,3.03
STU-14585,0.4,-0.23889980353634574,-0.8631146136714074,0.24678663239074478,-0.46606529209622055,0.40606060606060596,-0.2164651698330454,1.0,1.0,3.8
STU-12094,0.6,-0.6868369351669943,-0.887784820969677,-0.596401028277635,-0.7641752577319595,-0.5757575757575757,-0.46286701208981,1.0,4.0,2.68
STU-11027,0.8,0.0,0.7349665924276165,0.4215938303341894,0.5270618556701032,-0.9212121212121213,0.8750719631548648,0.0,3.0,4.28
STU-13708,-1.0,1.009037328094303,0.337502141511049,-0.6375321336760925,0.5270618556701032,0.0666666666666663,-1.0546919976971791,1.0,0.0,5.13
STU-12606,-1.0,0.24047151277013745,-0.6760322083261955,-0.3496143958868902,0.49398625429553294,0.25454545454545446,-0.987910189982729,0.0,3.0,4.4
STU-11455,0.0,0.40392927308447946,-2.1162412198046945,0.0,0.24355670103092805,1.939393939393939,-0.630972941853771,1.0,3.0,4.74
STU-11802,-0.6,0.08330058939096259,-0.2086688367311986,0.658097686375321,0.07302405498281803,0.27272727272727276,2.1565918249856075,0.0,2.0,4.57
STU-14888,-0.6,-0.49980353634577607,0.5115641596710632,-0.21593830334190317,-0.2426975945017186,0.4787878787878787,0.5987334484743814,0.0,2.0,4.0
STU-11862,0.0,-0.9273084479371319,-0.1497344526297767,-0.03084832904884344,-0.4149484536082481,-0.10303030303030296,0.10132412204951076,0.0,4.0,3.88
STU-13672,-0.2,-1.1111984282907665,-1.3633715949974308,-0.2879177377892033,-0.7023195876288667,-0.4121212121212124,-0.2878526194588371,1.0,4.0,3.38
STU-14692,0.0,-0.3944990176817289,-0.17234880931985708,-0.473007712082263,0.33505154639175266,0.9878787878787876,0.0,1.0,4.0,3.65
STU-13371,0.2,0.8707269155206286,0.9988007538118888,0.9254498714652949,-0.1752577319587629,1.151515151515151,0.23488773747841118,1.0,0.0,5.35
STU-14497,-0.8,-0.8314341846758351,-0.24841528182285516,0.17480719794344463,0.22938144329896873,0.8363636363636361,-0.6240644789867589,1.0,2.0,3.91
STU-11342,-1.0,-1.2023575638506878,-1.3777625492547554,-1.2544987146529567,0.0,-0.8242424242424242,-0.8313183649971215,1.0,0.0,2.95
STU-11130,0.2,0.1100196463654223,0.9988007538118888,-1.2236503856041134,0.5270618556701032,0.3878787878787876,-0.9211283822682788,0.0,4.0,4.11
STU-11499,0.6,0.6726915520628687,0.30049683056364507,0.6683804627249351,0.5270618556701032,0.21818181818181778,-0.23719055843408185,0.0,4.0,5.09
STU-14434,-1.0,-0.619253438113949,-1.541545314373823,-1.3059125964010285,-1.1997422680412382,-0.5939393939393941,1.0800230282095569,0.0,1.0,2.03
STU-12259,0.4,-0.4542239685658155,-0.047627205756382206,-0.4524421593830338,0.04639175257731954,0.31515151515151485,-0.32239493379389744,0.0,4.0,3.42
STU-13195,0.2,-0.17603143418467573,-1.44629090286106,0.22622107969151642,0.09407216494845357,-1.236363636363636,-0.31778929188255617,0.0,4.0,2.42
STU-11942,-0.2,-0.047151277013752574,0.7575809491176969,0.4010282776349611,0.0,0.5696969696969693,1.5313759355210133,0.0,0.0,5.04
STU-11709,0.0,0.0,0.9247901319170799,0.7814910025706937,0.5270618556701032,-0.09696969696969704,-0.16810592976396077,0.0,3.0,5.62
STU-14462,0.4,-0.8031434184675836,-0.6924790131917092,-0.03084832904884344,-1.579467353951891,-1.3272727272727272,2.0564191134139325,1.0,3.0,2.4
STU-10354,-0.4,0.11473477406679773,-0.5088230255268125,-0.9460154241645251,-0.39518900343642643,-1.5212121212121212,-0.6355785837651123,0.0,0.0,3.15
STU-14992,-0.2,1.1237721021611002,0.9988007538118888,1.3059125964010276,0.5270618556701032,-1.6424242424242421,0.35463442717328736,1.0,3.0,5.09
STU-14662,-0.8,0.6129666011787821,0.46016789446633466,1.120822622107969,-0.2001718213058425,0.4969696969696965,0.05526770293609678,1.0,4.0,5.04
STU-10169,-1.0,0.5595284872298626,0.5663868425561066,0.0,0.3582474226804121,0.5575757575757574,0.20955670696603346,0.0,2.0,4.64
STU-12873,0.2,-0.3174852652259332,0.6280623608017811,0.30848329048843165,0.13960481099656366,0.44242424242424205,-0.29476108232584924,0.0,3.0,4.31
STU-11170,-0.4,-0.8424361493123774,-0.9206784307007034,-0.1953727506426739,0.0,-0.8181818181818183,2.1565918249856075,0.0,1.0,3.02
STU-13153,-0.6,-0.37721021611001976,-0.6863114613671416,-0.8329048843187664,-1.1688144329896915,-1.1757575757575758,-0.2579159470351181,0.0,4.0,3.28
STU-14069,1.0,-0.6491159135559922,-1.8362172348809325,-1.6246786632390744,-0.7749140893470797,-0.4363636363636367,0.22337363270005756,0.0,2.0,1.82
STU-13083,1.4,1.2165029469548134,0.008566044200787102,-0.3804627249357327,0.5270618556701032,-0.16363636363636389,-0.36384571099597013,0.0,3.0,5.02
STU-11786,0.0,0.0,-0.4026040774370405,-1.5526992287917742,-0.6095360824742271,0.2606060606060604,0.5803108808290157,1.0,4.0,3.1
STU-12799,0.0,0.29862475442043235,0.2977556964193924,0.10282776349614357,0.5270618556701032,1.8363636363636362,-0.1128382268278642,0.0,1.0,4.81
STU-10276,0.8,1.5418467583497053,-0.4457769402090121,1.3059125964010276,0.5270618556701032,0.5030303030303029,-0.766839378238342,0.0,4.0,5.06
STU-11774,1.0,0.6412573673870332,0.21689223916395353,0.5964010282776341,0.5270618556701032,-0.606060606060606,0.17501439263097293,1.0,3.0,4.45
STU-14872,-0.4,0.07229862475442057,0.9988007538118888,0.010282776349614175,0.0,-0.3212121212121213,0.09902130109384011,1.0,4.0,4.87
STU-10475,0.6,0.5343811394891946,0.7507281137570658,0.23650385604113058,0.5270618556701032,-0.5636363636363639,-0.789867587795049,0.0,3.0,4.66
STU-10416,0.8,-0.18546168958742631,0.16412540688709829,1.192802056555269,0.07216494845360798,-1.2545454545454544,0.5803108808290157,1.0,2.0,4.62
STU-13762,-1.0,0.40392927308447946,0.9103991776597554,0.23650385604113058,0.3994845360824743,-0.18181818181818168,2.1565918249856075,0.0,2.0,4.57
STU-14580,-1.0,-1.708447937131631,-1.4963166009936615,-0.40102827763496196,-0.28994845360824756,-1.303030303030303,-0.2302820955670697,1.0,4.0,2.56
STU-14589,-1.0,-0.3300589390962672,0.24841528182285322,0.02056555269922835,-1.4282646048109977,0.16363636363636333,0.4881980426021878,0.0,1.0,3.88
STU-12459,0.0,1.8483300589390967,0.9988007538118888,0.45244215938303284,0.5270618556701032,-0.3939393939393941,0.6240644789867589,0.0,4.0,4.95
STU-10982,1.0,0.3803536345776032,0.7383930101079316,0.730077120822622,0.5270618556701032,0.145454545454545,-0.4812895797351756,0.0,3.0,5.06
STU-12700,0.2,0.8801571709233795,0.9796128148021235,0.5655526992287915,0.5270618556701032,0.27272727272727276,1.0915371329879102,1.0,0.0,6.39
STU-12332,1.0,0.6962671905697446,0.09765290388898289,-0.35989717223650436,0.5270618556701032,0.8242424242424242,0.1404720782959126,1.0,1.0,4.84
STU-11578,-1.0,-0.037721021611002006,0.02501284906630083,0.0,-0.10352233676975997,0.145454545454545,0.0,0.0,4.0,3.48
STU-11118,1.2,0.0,0.23333904402946629,-0.03084832904884344,-0.24097938144329908,0.5090909090909089,0.2256764536557284,0.0,0.0,5.03
STU-11162,-1.0,-1.1033398821218077,-0.8343327051567593,-0.5244215938303348,-0.48324742268041265,-1.2242424242424244,-0.5572826712723087,1.0,1.0,2.71
STU-12625,-0.8,1.0860510805500985,0.3512078122323101,-0.4215938303341903,0.0867697594501717,0.23030303030303018,-0.9833045480713875,1.0,3.0,5.24
STU-12540,2.0,1.4931237721021613,0.8898406715778643,0.6889460154241643,0.5270618556701032,-1.3818181818181816,0.37766263672999445,0.0,3.0,5.32
STU-12285,0.8,1.0750491159135562,0.7795100222717138,0.5964010282776341,-0.46606529209622055,-0.2121212121212124,2.1565918249856075,1.0,1.0,5.04
STU-13539,0.0,1.4679764243614934,-1.3880418022957004,0.863753213367609,0.5270618556701032,0.04848484848484852,1.0431778929188258,0.0,2.0,4.38
STU-12043,0.2,-0.650687622789784,-0.7431899948603743,0.8020565552699221,-0.34364261168384896,-0.7454545454545456,0.2302820955670697,0.0,1.0,4.09
STU-11242,-0.6,0.4306483300589392,0.04008908685968776,1.3059125964010276,0.07216494845360798,0.6909090909090906,-0.37996545768566486,1.0,3.0,4.47
STU-13806,-0.4,-0.4557956777996072,-0.6493061504197367,-0.8637532133676099,-1.0004295532646057,-0.6424242424242426,0.011514104778353443,0.0,0.0,3.03
STU-13800,0.2,1.4742632612966602,0.9988007538118888,1.3059125964010276,0.0,-0.10303030303030296,-0.27864133563615434,1.0,0.0,5.91
STU-13463,1.2,-0.13516699410609032,-0.4731882816515343,-0.3290488431876609,-0.07989690721649487,0.8303030303030302,-0.26021876799078875,1.0,2.0,4.78
STU-12041,-0.6,1.3029469548133596,0.9988007538118888,1.131105398457583,0.26546391752577303,-0.4303030303030302,-0.9303396660909615,1.0,4.0,6.39
STU-12521,-1.0,-0.40078585461689603,-1.245502826794587,-1.0282776349614395,-1.6194158075601386,-0.9212121212121213,-0.7714450201496834,0.0,2.0,2.22
STU-13070,1.2,0.41493123772102175,0.8672263148877839,0.4010282776349611,0.5270618556701032,-1.1878787878787875,-0.46747265400115146,0.0,0.0,4.12
STU-13158,-1.0,0.8848722986247544,0.32174062018159966,0.0,0.4712199312714779,0.11515151515151482,0.09441565918249861,0.0,4.0,4.74
STU-11252,-0.8,-1.0499017681728882,0.08600308377591197,-0.06169665809768688,-0.29896907216494895,-0.696969696969697,-0.13356361542890044,0.0,2.0,3.78
STU-13864,0.6,0.08644400785854629,-0.4457769402090121,-1.0385604113110545,-0.1198453608247426,-0.34545454545454557,-0.5895221646516984,1.0,3.0,3.35
STU-13859,0.8,-1.400392927308448,-1.4750728113757074,-0.22622107969151733,0.0,-1.0303030303030303,0.32700057570523894,0.0,4.0,1.53
STU-12176,2.1,-1.007465618860511,-1.2276854548569474,0.0,-1.108676975945018,-1.496969696969697,-0.6286701208981003,0.0,0.0,3.03
STU-10331,0.6,-0.8990176817288803,-1.1385985951687516,-0.30848329048843254,0.0962199312714775,-1.4484848484848485,0.0,0.0,0.0,3.57
STU-14047,-0.4,-0.5485265225933204,-0.6225800925132778,-1.532133676092545,-0.29939862542955337,0.7999999999999995,0.36384571099597013,1.0,0.0,3.75
STU-11388,-1.0,0.14616895874263258,0.10519102278567635,1.2339331619537266,0.5270618556701032,-0.33333333333333315,-0.050662061024755276,0.0,3.0,5.1
STU-13973,0.0,-0.2829076620825149,0.26006510193592514,-0.1439588688946021,-0.22680412371134037,2.048484848484848,0.19804260218768002,1.0,4.0,4.33
STU-10725,0.6,1.255795677799607,-0.45605619324995816,0.0,0.0,0.02424242424242426,-0.8635578583765113,0.0,4.0,4.35
STU-14724,-0.2,2.124165029469548,0.9988007538118888,0.6272493573264775,0.5270618556701032,-0.696969696969697,-0.7875647668393784,0.0,3.0,6.78
STU-14122,-0.2,0.594106090373281,0.04488607161212862,0.5141388174807198,-0.2697594501718215,-0.14545454545454556,-0.4605641911341394,1.0,4.0,5.04
STU-12899,0.0,-0.059724950884086574,-0.21072468733938782,0.5141388174807198,0.4428694158075605,0.11515151515151482,1.4024179620034547,0.0,0.0,5.1
STU-12962,-1.0,0.4180746561886052,0.9432927873907819,0.22622107969151642,0.45661512027491413,0.9757575757575757,-0.16810592976396077,1.0,2.0,6.02
STU-14861,0.4,-1.244793713163065,0.0,-0.3496143958868902,-0.173539518900344,0.13333333333333316,0.0,0.0,0.0,2.36
STU-14193,-0.6,1.032612966601179,-0.10450573924961491,0.010282776349614175,0.5270618556701032,0.19393939393939352,1.0823258491652277,0.0,4.0,4.76
STU-14111,-1.0,-1.0986247544204324,-0.4252184341271209,-0.07197943444730105,0.00515463917525732,0.28484848484848463,1.466896948762234,0.0,2.0,3.16
STU-12952,1.0,-0.1838899803536346,-0.20318656844269437,-0.020565552699229262,-0.1559278350515469,0.27272727272727276,-0.5710995970063328,0.0,3.0,4.06
STU-10805,0.0,0.8157170923379178,0.9988007538118888,0.4730077120822621,0.5270618556701032,0.0,-0.12435233160621764,0.0,4.0,4.28
STU-14797,1.8,-0.056581532416502864,0.5828336474216204,-0.5655526992287925,0.5270618556701032,0.16363636363636333,1.1099597006332758,0.0,4.0,4.39
STU-12979,0.2,-1.0593320235756387,-1.1228370738393012,0.37017994858611764,-1.3582474226804133,-0.4,0.1128382268278642,1.0,3.0,4.12
STU-10927,-0.2,0.9131630648330058,0.4279595682713716,0.0411311053984567,0.5270618556701032,-0.006060606060606468,0.2533103051237768,0.0,4.0,5.17
STU-10700,-0.6,-0.8550098231827113,-0.19222203186568487,0.17480719794344463,-1.3943298969072173,0.5030303030303029,1.7754749568221073,1.0,0.0,4.03
STU-12345,-0.4,0.27347740667976433,0.6636971046770592,0.3598971722365034,-0.5798969072164951,-1.1575757575757575,1.8583765112262525,0.0,2.0,4.9
STU-14708,-0.6,-0.19960707269155203,-0.13123179715607375,1.0179948586118244,-0.6842783505154646,-0.23030303030303018,1.609671848013817,0.0,1.0,4.12
STU-11160,0.0,0.5705304518664049,0.589001199246187,0.15424164524421538,0.23625429553264618,0.40606060606060596,2.1565918249856075,0.0,3.0,4.2
STU-14704,-1.0,-1.137917485265226,-0.9700188452972427,-0.668380462724936,-0.8393470790378015,-0.37575757575757573,1.2251007484168106,0.0,4.0,1.98
STU-14960,0.2,0.6616895874263263,0.9988007538118888,0.061696658097685965,0.30369415807560124,-0.6,1.4392630972941858,0.0,3.0,5.01
STU-12403,0.6,1.0609037328094304,0.9988007538118888,0.41131105398457524,0.36984536082474245,0.5030303030303029,-0.43062751871042027,0.0,4.0,4.99
STU-10092,0.0,-0.24833005893909632,0.0318656844269309,-0.534704370179949,0.06701030927835065,0.7151515151515153,0.9441565918249859,0.0,0.0,4.79
STU-11866,-0.4,0.757563850687623,0.9988007538118888,0.4832904884318763,0.5270618556701032,0.01818181818181779,1.0938399539435812,0.0,2.0,6.14
STU-10232,0.4,-0.29862475442043235,-0.31146136714065553,0.10282776349614357,0.21391752577319556,-0.909090909090909,0.7253886010362695,1.0,3.0,4.38
STU-14750,-0.6,0.20117878192534375,0.041459653931813584,1.3059125964010276,0.16752577319587603,-0.3272727272727272,0.09671848013816925,0.0,2.0,4.77
STU-13944,0.0,-0.6239685658153243,-0.20044543429844175,-0.5861182519280208,0.033075601374570295,0.35757575757575744,0.9303396660909615,0.0,0.0,3.42
STU-12980,0.0,0.03614931237721029,-0.25800925132773783,0.09254498714652941,0.5270618556701032,0.48484848484848464,0.5664939550949915,1.0,2.0,3.76
STU-13218,-0.4,-0.49980353634577607,0.6033921535035115,-0.35989717223650436,-0.7585910652920971,0.20606060606060592,-0.7645365572826713,0.0,1.0,4.22
STU-14965,0.2,-0.957170923379175,0.0,0.02056555269922835,-0.9145189003436434,-0.02424242424242426,0.6747265400115143,1.0,1.0,3.94
STU-14317,-1.0,0.11787819253438116,0.9988007538118888,0.6478149100257068,-0.44759450171821336,-0.4181818181818183,-0.49050086355785844,1.0,2.0,4.25
STU-14420,1.0,0.2640471512770137,0.29707041288333,0.11311053984575775,0.06400343642611665,0.27272727272727276,-0.30857800805987334,0.0,0.0,5.2
STU-10478,0.4,2.080943025540275,0.9988007538118888,1.3059125964010276,0.5270618556701032,-0.6121212121212124,-0.9856073690270581,0.0,1.0,6.24
STU-14177,-0.8,0.0,-0.5835189309576847,0.11311053984575775,-0.5360824742268046,-0.9757575757575757,-0.8842832469775476,0.0,1.0,3.24
STU-14523,-0.2,-0.047151277013752574,-1.9205071098166875,0.030848329048842524,-0.16451890034364264,1.2787878787878788,0.30397236614853207,1.0,0.0,4.08
STU-13870,-0.4,-1.6738703339882126,-2.1162412198046945,-1.0899742930591263,-1.984536082474228,-0.3212121212121213,0.8750719631548648,0.0,2.0,1.0
STU-11036,-0.6,-1.1064833005893913,-0.9576837416481074,-2.0822622107969164,-1.5163230240549839,-1.4545454545454544,-0.5803108808290156,0.0,0.0,2.03
STU-11619,0.6,-0.03300589390962686,-0.1826280623608022,0.10282776349614357,0.32689003436426134,0.3090909090909089,0.5641911341393208,0.0,3.0,5.06
STU-14968,-0.2,2.124165029469548,-0.8069213637142371,-1.6966580976863754,-2.042096219931273,-0.6484848484848486,0.0,0.0,2.0,1.4
STU-11255,2.0,-1.3108055009823185,-0.4526297755696432,-1.1722365038560416,-0.9957044673539528,-1.1878787878787875,0.6954519286125506,0.0,2.0,2.24
STU-12388,-1.0,0.44007858546168976,-0.058591742333391685,-0.18508997429305973,0.5270618556701032,0.07878787878787871,0.2510074841681059,0.0,4.0,4.41
STU-10751,1.4,0.0,-0.3758780195305817,0.17480719794344463,0.0,0.1515151515151515,0.7645365572826712,0.0,4.0,3.83
STU-13368,-1.0,0.9996070726915521,0.0,0.5758354755784056,0.5270618556701032,0.22424242424242427,-0.24870466321243528,0.0,1.0,5.61
STU-11924,-1.0,0.48565815324165035,-0.16892239163954206,0.5552699228791764,0.2242268041237114,-1.4545454545454544,-0.6079447322970639,0.0,3.0,3.97
STU-13429,0.6,0.16188605108055001,0.32242590371766205,0.15424164524421538,-0.8651202749140898,-0.33333333333333315,0.7207829591249281,0.0,3.0,3.51
STU-12831,-1.0,-0.8738703339882122,-0.3340757238307359,-0.8226221079691522,-0.8505154639175261,-0.5454545454545455,1.4991364421416238,0.0,1.0,2.91
STU-13401,-0.8,-1.4679764243614934,-0.8987493575466855,-1.264781491002571,-1.6804123711340218,0.5878787878787876,0.24870466321243528,1.0,0.0,2.48
STU-11299,0.2,-0.41178781925343805,-0.41425389755011244,0.16452442159382955,-1.3075601374570456,0.48484848484848464,-0.2302820955670697,0.0,1.0,2.45
STU-11983,1.0,-0.11944990176817287,-0.3834161384272752,-0.11311053984575867,0.4810996563573887,0.9636363636363628,1.0477835348301672,1.0,1.0,4.89
STU-11097,-1.0,-1.0373280943025542,-0.2888470104505751,-0.35989717223650436,0.08376288659793832,-0.7454545454545456,0.1128382268278642,0.0,2.0,4.22
STU-10692,-0.2,-0.5218074656188606,-1.065273256810006,-0.44215938303341956,-0.9123711340206194,-0.18181818181818168,1.3540587219343698,0.0,2.0,3.21
STU-13408,0.6,-0.38506876227897835,-0.27102963851293554,0.34961439588688925,-0.1847079037800687,-0.19393939393939408,-1.0270581462291308,0.0,4.0,3.99
STU-10212,1.4,0.037721021611002006,-0.22580092513277475,-0.4832904884318772,0.5270618556701032,0.25454545454545446,0.8520437535981579,0.0,1.0,4.36
STU-11853,1.4,0.05815324165029458,0.8494089429501444,0.730077120822622,0.5270618556701032,-0.35757575757575744,1.139896373056995,0.0,0.0,4.77
STU-13837,0.0,0.8125736738703344,0.08531780023984857,1.3059125964010276,0.5270618556701032,-0.29696969696969705,0.8267127230857804,0.0,0.0,5.44
STU-14100,0.2,0.41021611001964636,-0.04214493746787795,-0.5244215938303348,0.3475085910652918,0.054545454545454446,-0.17271157167530227,0.0,4.0,3.84
STU-10341,0.4,-0.35206286836935174,-0.4786705499400386,-1.0488431876606688,-0.7959621993127153,-0.8969696969696971,-0.5296488198042603,1.0,4.0,3.19
STU-12805,0.6,-0.63811394891945,0.13876991605276623,-0.44215938303341956,-0.8088487972508595,-0.7696969696969698,1.0846286701208983,0.0,4.0,4.16
STU-13071,0.6,-0.044007858546168864,-1.512078122323112,-0.8946015424164524,-0.20274914089347085,0.8545454545454539,-0.36154289004029927,0.0,3.0,4.48
STU-13448,1.6,0.20746561886051088,0.34435497687168004,0.6478149100257068,0.13530927835051518,0.07878787878787871,-0.356937248128958,0.0,2.0,5.01
STU-14931,2.1,-0.18074656188605118,-1.012506424533151,-0.9048843187660676,0.02147766323024056,-1.3151515151515147,-0.5918249856073691,0.0,1.0,2.72
STU-10832,0.0,-0.7512770137524559,-0.9384958026383421,-0.22622107969151733,0.08505154639175219,-0.703030303030303,-0.7760506620610248,0.0,3.0,3.45
STU-12545,-0.8,0.09273084479371316,-0.15932842213465936,-1.1413881748071981,-0.5889175257731966,0.08484848484848463,-0.4697754749568222,0.0,2.0,2.78
STU-13957,-0.4,-0.10058939096267201,-0.04077437039575214,-0.6992287917737794,-0.11812714776632309,0.5272727272727272,0.7622337363270006,0.0,0.0,4.36
STU-11338,-1.0,0.6145383104125738,0.2696590714408078,-0.4318766066838054,0.23539518900343612,0.7333333333333332,1.0270581462291308,1.0,2.0,5.34
STU-12990,1.2,-0.2593320235756386,-0.7390782936439959,0.6478149100257068,-0.8973367697594506,1.345454545454545,0.039147956246401834,1.0,4.0,3.94
STU-14458,0.8,0.6978388998035366,0.6952201473359589,0.0411311053984567,0.27534364261168387,-0.46666666666666684,2.1565918249856075,0.0,3.0,4.31
STU-10180,1.2,-1.4161100196463656,-1.4908343327051572,-0.8534704370179949,-1.6666666666666679,1.054545454545454,-0.17962003454231443,1.0,2.0,2.58
STU-11309,-0.4,0.39764243614931233,0.47867054994003666,-0.07197943444730105,-0.1086769759450173,0.41818181818181777,-0.8934945308002303,1.0,4.0,4.57
STU-11318,0.4,-1.719449901768173,-1.2009593969504886,-1.470437017994859,-1.2916666666666676,0.6545454545454539,-0.7345998848589523,1.0,4.0,1.96
STU-11047,-0.2,0.4935166994106092,-0.07024156244646261,-0.03084832904884344,0.14776632302405496,0.6181818181818183,-0.05757052389176742,0.0,2.0,4.4
STU-11471,0.4,-0.6066797642436149,-0.6849408942950148,0.1439588688946012,0.0962199312714775,-1.0848484848484847,2.1565918249856075,0.0,4.0,3.91
STU-10473,1.0,1.233791748526523,0.9988007538118888,1.3059125964010276,0.5270618556701032,-0.06060606060606091,0.13586643638457108,0.0,4.0,5.72
STU-14127,-0.6,-0.4903732809430255,-0.4259037176631843,-0.5244215938303348,-0.5970790378006878,-1.3696969696969699,-0.4881980426021877,1.0,0.0,2.41
STU-10215,0.2,0.782711198428291,0.2696590714408078,0.5038560411311046,0.10438144329896881,-0.7333333333333332,-0.4835924006908463,0.0,1.0,5.62
STU-10745,-0.8,0.25147347740667975,-0.8795614185369202,-0.06169665809768688,-0.06743986254295568,-1.6121212121212118,-0.49280368451352907,0.0,4.0,3.73
STU-12860,0.2,1.8609037328094304,0.9988007538118888,1.3059125964010276,0.1971649484536079,1.1212121212121213,0.8981001727115717,0.0,0.0,5.84
STU-14453,0.0,0.03929273084479372,0.4156244646222363,-0.4318766066838054,0.06572164948453617,0.2969696969696965,0.05296488198042613,1.0,4.0,4.05
STU-13965,0.8,0.35520628683693517,-0.04077437039575214,-0.473007712082263,-0.737972508591066,-0.18787878787878814,0.47668393782383434,1.0,1.0,3.3
STU-12158,0.2,-0.21375245579567775,-0.14493746787733486,0.8843187660668373,0.43728522336769754,-0.5575757575757574,-0.9833045480713875,1.0,1.0,4.56
STU-13138,0.4,0.088015717092338,0.0,-0.3290488431876609,-0.042096219931271675,0.0,-0.5250431778929189,0.0,0.0,4.21
STU-13065,0.4,-0.11944990176817287,0.3265376049340405,-0.20565552699228806,-0.1765463917525774,1.2060606060606054,2.1565918249856075,0.0,3.0,4.95
STU-10732,0.4,0.19960707269155203,0.7986979612814793,-0.5141388174807198,0.5270618556701032,1.3696969696969687,1.0823258491652277,1.0,4.0,4.89
STU-12426,1.2,-0.09273084479371316,0.5307520986808285,1.2236503856041123,0.1103951890034362,-1.1393939393939392,-0.5872193436960277,0.0,4.0,4.74
STU-14878,0.4,0.009430255402750571,0.26828850436868196,0.0,0.08032646048109929,0.648484848484848,-0.85895221646517,0.0,0.0,4.1
STU-12721,1.0,0.7937131630648333,-0.06955627891040018,1.3059125964010276,0.3827319587628867,1.3151515151515143,0.32239493379389766,0.0,3.0,5.03
STU-13023,0.4,-1.1709233791748528,-1.1111872537262304,0.05141388174807179,-0.7895189003436435,-0.7333333333333332,-0.06447898675877957,0.0,1.0,1.94
STU-10905,0.0,-0.39921414538310407,-1.0145622751413401,0.30848329048843165,0.0,-0.27272727272727276,-0.4375359815774324,1.0,3.0,4.63
STU-14157,0.2,0.8408644400785859,0.12986123008394598,-0.010282776349615089,-0.2792096219931273,0.6121212121212113,-0.5227403569372482,0.0,3.0,3.11
STU-11098,0.0,0.05186640471512772,0.6061332876477632,0.4010282776349611,0.4269759450171823,-0.9878787878787876,1.2435233160621761,0.0,1.0,3.93
STU-14996,-1.0,1.6487229862475443,0.9988007538118888,0.6169665809768633,0.5270618556701032,0.23030303030303018,-0.2510074841681059,0.0,3.0,5.76
STU-12935,0.4,0.2907662082514735,0.29569984581120323,-1.069408740359897,0.08333333333333329,-0.6545454545454544,0.07138744962579172,0.0,4.0,4.38
STU-14444,1.0,0.24990176817288803,-0.5814630803494955,-0.8534704370179949,0.2006013745704469,1.0242424242424242,0.8221070811744386,1.0,4.0,4.67
STU-14846,0.6,-0.025147347740668003,-0.28062360801781827,-0.21593830334190317,-0.5343642611683851,-1.6545454545454545,0.0,0.0,3.0,4.28
STU-14265,-1.0,0.5406679764243615,-0.35052252869624867,0.0,-0.4145189003436431,-0.012121212121212399,-0.6194588370754175,1.0,4.0,4.37
STU-14646,-0.8,0.3017681728880158,0.0,0.5552699228791764,-1.406357388316152,0.054545454545454446,-0.5135290731145654,1.0,2.0,4.53
STU-14147,1.4,-0.37092337917485263,-1.0371766318314206,0.24678663239074478,-0.27061855670103097,0.6909090909090906,0.3868739205526772,0.0,4.0,3.41
STU-10082,-0.2,0.15717092337917488,0.8473530923419561,-0.3804627249357327,0.5270618556701032,-0.23030303030303018,0.20495106505469216,0.0,3.0,4.6
STU-14103,0.0,1.5135559921414539,0.7980126777454158,1.0488431876606679,0.5270618556701032,0.01818181818181779,-0.6908462867012091,0.0,2.0,5.62
STU-10189,-1.0,0.014145383104125716,-0.21415110501970286,1.3059125964010276,-0.43256013745704525,1.2242424242424244,0.9994242947610826,1.0,3.0,5.01
STU-12463,1.2,0.33948919449901777,0.5711838273085484,0.061696658097685965,-0.06658075601374562,-0.6363636363636361,0.011514104778353443,0.0,3.0,4.51
STU-13617,0.8,-0.18703339882121803,0.3861572725715258,0.658097686375321,0.08505154639175219,0.35757575757575744,1.4277489925158322,0.0,0.0,3.58
STU-12847,1.0,0.32848722986247547,0.015418879561418146,0.1439588688946012,-0.21993127147766356,-0.5272727272727272,-0.4375359815774324,1.0,2.0,4.08
STU-10164,0.2,-0.28447937131630663,-0.511564159671065,-0.08226221079691523,-0.6735395189003444,0.35757575757575744,0.6540011514104781,1.0,4.0,4.13
STU-14112,-0.8,1.2432220039292734,0.9672777111529891,0.0,0.5270618556701032,-0.03030303030303019,0.7645365572826712,1.0,4.0,5.6
STU-11466,0.0,0.5469548133595287,0.8788761350008557,0.010282776349614175,0.06400343642611665,-0.38181818181818167,0.7737478411053542,0.0,3.0,4.62
STU-12267,0.0,-0.09115913555992144,-0.4190508823025533,-0.5038560411311055,0.34664948453608235,1.6303030303030301,0.8151986183074267,0.0,4.0,3.95
STU-11995,0.0,0.34106090373280945,-0.4039746445091663,0.010282776349614175,-0.1859965635738832,0.09090909090909056,0.6102475532527346,0.0,3.0,4.19
STU-12769,0.4,0.11316306483300602,-1.2667466164125416,-0.5655526992287925,-0.029639175257731878,-0.7090909090909089,-0.6332757628094416,0.0,4.0,2.96
STU-13660,0.0,-0.08644400785854629,-0.2977556964193944,0.5244215938303339,0.5270618556701032,-0.4727272727272728,-0.6125503742084053,1.0,4.0,4.65
STU-13992,0.2,0.5972495088408647,0.1565872879904048,-0.35989717223650436,0.45661512027491413,-0.12727272727272723,0.4306275187104204,0.0,4.0,5.29
STU-14756,0.2,0.0,-1.5456570155902012,-1.1619537275064273,-1.3651202749140903,0.12727272727272723,-0.03454231433506033,0.0,4.0,1.31
STU-12930,0.6,-0.337917485265226,-0.10519102278567831,-0.5141388174807198,-0.657216494845361,-0.6121212121212124,0.7829591249280369,1.0,3.0,3.42
STU-11310,-1.0,-1.2086444007858548,-0.6218948089772155,-0.5244215938303348,-0.48926116838488004,0.18181818181818168,-0.18192285549798506,1.0,3.0,3.27
STU-12534,-0.4,-1.1740667976424364,-0.6342299126263498,-0.3496143958868902,-2.0671713917525785,0.8545454545454539,0.6862406447898676,0.0,3.0,3.16
STU-14284,1.0,0.583104125736739,0.8000685283536051,0.8329048843187655,0.0,-0.6424242424242426,1.172135866436385,1.0,0.0,5.39
STU-12583,-0.2,0.49980353634577607,0.9988007538118888,0.0,-0.19415807560137513,0.09696969696969704,0.4122049510650548,0.0,0.0,4.87
STU-12351,1.2,0.7292730844793716,0.8768202843926666,1.3059125964010276,0.5270618556701032,-0.1333333333333337,0.3983880253310307,0.0,1.0,5.49
STU-14705,-0.8,-0.017288801571709148,0.2559534007195467,-0.2776349614395891,0.0,0.07878787878787871,0.14738054116292473,1.0,4.0,4.96
STU-11190,1.4,0.9021611001964636,0.39986294329278693,-0.5141388174807198,0.5270618556701032,0.38181818181818167,-0.6655152561888313,0.0,4.0,4.4
STU-11046,1.0,0.09273084479371316,0.43412712009593923,0.5758354755784056,-0.08161512027491438,0.145454545454545,-0.7576280944156593,1.0,3.0,4.62
STU-12089,-1.0,0.1713163064833006,0.7287990406030488,0.6066838046272491,-0.5536941580756017,-1.0242424242424242,0.14507772020725387,0.0,3.0,4.54
STU-12690,0.0,0.35520628683693517,-0.14562275141339825,-0.3701799485861185,0.0,0.2969696969696965,-0.5595854922279793,0.0,0.0,4.16
STU-11136,-0.2,0.908447937131631,-0.5321226657529563,0.061696658097685965,0.07689003436426087,0.9333333333333331,-0.03684513529073118,1.0,3.0,5.03
STU-13278,-1.0,-0.6129666011787821,0.48894980298098273,-0.5758354755784066,-0.7306701030927841,-0.46666666666666684,-0.47207829591249284,0.0,3.0,3.28
STU-12607,0.6,0.1964636542239686,-0.6623265376049344,-0.3393316195372751,0.5270618556701032,-0.5151515151515154,-1.1675302245250434,0.0,3.0,4.43
STU-14626,1.2,-0.4353634577603143,0.3738221689223905,0.4010282776349611,-1.9046391752577332,0.3272727272727272,2.1565918249856075,1.0,0.0,4.09
STU-12480,0.8,-0.2577603143418469,0.43892410484838007,1.1619537275064264,0.413230240549828,-0.19393939393939408,-1.0961427748992516,0.0,0.0,4.71
STU-13084,-0.2,-0.15088408644400803,-0.5163611444235059,-0.7814910025706947,-0.00987972508591083,0.6121212121212113,2.1565918249856075,0.0,2.0,3.38
STU-11665,-0.6,0.059724950884086574,-1.2071269487750562,-0.2570694087403599,-0.1722508591065295,-1.096969696969697,-0.92573402417962,0.0,1.0,3.7
STU-13390,-1.0,-0.05500982318271115,0.9988007538118888,0.5758354755784056,-0.002147766323023934,1.5333333333333332,0.9925158318940703,1.0,4.0,5.11
STU-14217,0.0,0.0,-0.29227342813089013,-1.1516709511568122,-1.409793814432991,0.4666666666666663,0.07369027058146237,0.0,3.0,2.06
STU-12956,0.6,1.1536345776031436,0.9988007538118888,1.3059125964010276,0.5270618556701032,0.0,0.5043177892918828,1.0,2.0,5.37
STU-11841,-0.2,-0.4196463654223969,-0.7966421106732919,0.0,-0.018041237113402147,-0.1212121212121213,0.7000575705238918,0.0,4.0,3.14
STU-11659,-1.0,0.0,0.10382045571355054,-0.0514138817480727,-1.5579896907216504,-0.3515151515151515,0.0,1.0,4.0,3.2
STU-12468,-1.0,-0.913163064833006,-0.9494603392153516,-1.4087403598971722,-0.9609106529209629,-0.15757575757575795,-0.455958549222798,0.0,4.0,1.8
STU-10792,0.4,1.2039292730844795,0.6095597053280782,0.9562982005141384,0.5270618556701032,-0.4181818181818183,0.274035693724813,1.0,2.0,5.09
STU-13183,0.2,-0.16660117878192546,0.3327051567586081,0.5964010282776341,-0.14261168384879766,-0.606060606060606,0.09211283822682796,0.0,4.0,5.07
STU-14785,0.4,0.42907662082514747,-0.5280109645365778,-1.0796915167095122,0.18556701030927816,-0.06060606060606091,-0.8451352907311458,1.0,1.0,3.99
STU-14781,-0.6,0.06758349705304516,-1.0995374336131585,-0.3496143958868902,0.0648625429553261,0.7818181818181816,0.2556131260794474,0.0,2.0,2.89
STU-10570,-0.2,0.47151277013752463,-0.041459653931815534,-0.13367609254498794,-0.3878865979381446,-1.096969696969697,-0.08290155440414496,0.0,4.0,4.68
STU-10039,-0.2,0.49980353634577607,-1.1310604762720582,-0.17480719794344554,-0.5030068728522343,-1.6181818181818177,0.6447898675877951,0.0,4.0,4.05
STU-12437,1.6,-0.20432220039292745,0.0,0.32904884318766,0.2474226804123709,0.8121212121212114,-0.07369027058146216,0.0,4.0,5.22
STU-12624,1.2,0.14931237721021604,-0.15864313859859597,-0.09254498714653031,0.5270618556701032,0.4727272727272722,-0.6355785837651123,1.0,4.0,4.47
STU-14143,2.0,-0.35049115913556006,-0.4725029981154709,-0.4113110539845761,-0.03522336769759484,-0.9454545454545455,0.0,0.0,1.0,3.28
STU-10299,-1.0,-0.8691552062868371,-0.22100394038033294,0.3804627249357318,0.021048109965635532,0.02424242424242426,1.1306850892343125,1.0,2.0,4.24
STU-11441,0.6,-0.04086444007858543,0.05036833990063287,-0.3496143958868902,0.03651202749140871,-0.2606060606060609,-0.27864133563615434,1.0,0.0,4.48
STU-14536,0.8,-0.51237721021611,0.0,0.6478149100257068,-0.09106529209622018,1.4606060606060598,0.18192285549798506,1.0,2.0,4.45
STU-11833,0.2,0.0,-0.42727428473531015,-0.10282776349614449,0.41709621993127144,-0.3272727272727272,0.0,1.0,2.0,4.42
STU-13850,-0.6,1.2447937131630653,-0.19770430015418913,0.7712082262210795,0.5270618556701032,-0.13939393939393963,-0.9349453080023029,1.0,4.0,5.35
STU-13069,-1.0,0.4086444007858546,0.8014390954257319,0.462724935732647,0.5270618556701032,0.448484848484848,-0.92573402417962,0.0,4.0,5.01
STU-12802,0.4,-0.1713163064833006,-0.388213123179716,0.26735218508997405,-0.4222508591065294,0.4787878787878787,1.199769717904433,0.0,3.0,4.47
STU-11577,0.6,-1.7288801571709236,-0.4656501627548409,-0.11311053984575867,0.0,-0.06060606060606091,0.38917674150834786,1.0,1.0,2.68
STU-11457,0.0,-0.2640471512770137,0.9892067843070061,0.08226221079691431,-0.058848797250859335,-0.5454545454545455,-1.1514104778353484,0.0,4.0,4.2
STU-10142,0.2,0.3206286836935166,-0.5376049340414605,-0.4524421593830338,0.3105670103092781,-0.012121212121212399,0.22337363270005756,0.0,4.0,4.33
STU-13353,-1.0,-0.43379174852652264,0.0,0.5141388174807198,-1.1396048109965642,0.4909090909090906,-0.1082325849165227,0.0,3.0,3.33
STU-11708,1.6,-0.18860510805500974,0.639712180914853,-0.17480719794344554,-0.9570446735395195,-1.0060606060606059,0.59412780656304,0.0,3.0,2.86
STU-11243,-0.6,-0.020432220039292858,-0.5725543943806762,0.5758354755784056,-0.3032646048109968,-0.38787878787878816,0.0,1.0,2.0,3.69
STU-11984,1.0,0.680550098231827,0.5122494432071265,-0.3701799485861185,0.5270618556701032,0.08484848484848463,-0.21416234887737476,0.0,0.0,4.48
STU-11667,0.0,0.6428290766208252,-0.6123008394723327,-1.275064267352185,-0.2770618556701034,-0.7454545454545456,0.2717328727691424,0.0,3.0,3.12
STU-11622,-0.2,-0.3111984282907663,-0.07366798012677862,-0.3290488431876609,-0.1799828178694158,-0.9939393939393941,0.31318364997121484,0.0,1.0,2.8
STU-12938,0.2,1.7210216110019647,0.7534692479013184,0.21593830334190225,0.5270618556701032,-0.8787878787878787,-0.01611974668969474,1.0,2.0,5.13
STU-13137,0.4,0.4416502946954815,0.5979098852150073,0.9562982005141384,0.03178694158075581,-0.3515151515151515,-0.6862406447898677,1.0,4.0,5.12
STU-11643,0.6,-0.8094302554027507,0.5328079492890178,-1.2544987146529567,-0.23410652920962224,0.11515151515151482,0.07369027058146237,0.0,2.0,3.16
STU-10227,0.0,0.3222003929273086,0.3251670378619147,-0.596401028277635,0.24699312714776647,-0.8181818181818183,1.0086355785837653,0.0,4.0,4.3
STU-10631,-0.8,1.5701375245579567,0.9988007538118888,0.7506426735218503,0.28994845360824756,1.6666666666666659,0.43523316062176187,0.0,4.0,5.17
STU-14168,-0.4,-0.06601178781925343,-0.6061332876477651,-1.9845758354755787,-1.165378006872853,0.19393939393939352,1.1306850892343125,0.0,4.0,2.57
STU-10757,0.2,-0.7528487229862477,0.40397464450916437,-0.11311053984575867,-0.014175257731958697,1.1090909090909085,-0.15198618307426603,0.0,4.0,3.11
STU-13177,-0.4,0.0,-0.13602878190851558,-0.596401028277635,-0.31013745704467366,-0.8060606060606059,-0.11514104778353484,0.0,4.0,3.73
STU-12562,-1.0,-0.6931237721021613,0.9446633544629077,-0.2570694087403599,-1.0476804123711347,1.3757575757575757,-0.07829591249280367,0.0,4.0,4.37
STU-10431,0.2,0.9870333988212184,0.9988007538118888,0.730077120822622,-0.07345360824742306,0.21212121212121185,0.2210708117443869,0.0,4.0,4.75
STU-12784,-0.4,-0.8707269155206289,0.049683056364570446,-0.4113110539845761,-0.032646048109965874,-0.006060606060606468,-0.6033390903857225,0.0,4.0,3.42
STU-11570,0.6,0.36149312377210235,-0.06544457769402175,-0.0514138817480727,0.5270618556701032,1.145454545454545,0.1842256764536557,1.0,1.0,4.75
STU-11452,2.0,0.03929273084479372,0.010621894808976318,1.3059125964010276,0.3414948453608251,0.15757575757575742,-0.5641911341393206,0.0,3.0,4.4
STU-11970,0.2,-0.5799607072691553,-0.2525269830392336,0.2776349614395882,-0.33934707903780115,0.7333333333333332,-0.43983880253310303,0.0,0.0,4.65
STU-14680,-1.0,-0.18860510805500974,-0.5040260407743716,-1.2956298200514145,-0.023195876288660076,0.8242424242424242,-0.75993091537133,0.0,0.0,3.24
STU-10534,0.2,0.06444007858546172,-0.05585060818913907,0.9562982005141384,0.47895189003436417,-0.6727272727272727,-0.9948186528497411,1.0,3.0,4.69
STU-13246,-0.8,-1.1284872298624755,-0.15590200445434335,0.4318766066838045,-0.9729381443298977,0.41818181818181777,-0.1174438687392055,1.0,4.0,3.66
STU-14867,-0.6,-0.7277013752455797,-0.6335446290902864,-0.4524421593830338,0.0,0.1878787878787876,0.18192285549798506,0.0,0.0,2.73
STU-10827,-1.0,-0.6899803536345777,0.18948089772143129,0.34961439588688925,-1.491408934707905,-0.8848484848484847,0.3385146804835924,1.0,4.0,4.07
STU-13858,0.0,0.15559921414538316,-0.0037690594483472204,-0.3393316195372751,0.5270618556701032,-0.7212121212121213,-0.013816925734024092,0.0,0.0,4.2
STU-13380,0.2,1.8043222003929278,0.6335446290902854,0.030848329048842524,0.0,0.6848484848484846,-0.05526770293609678,0.0,1.0,5.43
STU-11960,-0.2,-0.7842829076620826,-0.22785677574096397,-0.7506426735218512,-0.688144329896908,0.27272727272727276,1.9481865284974098,0.0,0.0,3.45
STU-11783,0.2,-0.23104125736738718,0.06270344354976817,0.4421593830334187,0.04939862542955293,0.18181818181818168,0.4191134139320669,0.0,4.0,5.13
STU-10480,-0.2,-0.9917485265225934,-0.2538975501113594,0.05141388174807179,0.028350515463917394,-0.7575757575757575,-0.47207829591249284,0.0,1.0,3.45
STU-12253,1.4,0.49980353634577607,0.6349151961624112,0.6169665809768633,0.10781786941580723,0.21212121212121185,0.0,0.0,0.0,5.82
STU-14676,0.0,0.5548133595284872,-0.18742504711324404,-0.473007712082263,0.5270618556701032,0.2787878787878787,0.0,0.0,4.0,4.62
STU-13732,1.8,1.988212180746562,0.9988007538118888,-0.03084832904884344,0.5270618556701032,-1.3090909090909089,0.0,0.0,4.0,6.08
STU-13786,0.2,0.1210216110019646,0.39095425732396666,1.3059125964010276,0.0,-0.9575757575757574,0.33160621761658043,1.0,3.0,5.02
STU-13159,1.8,-1.0829076620825149,-1.5888298783621728,-0.8946015424164524,-1.9626288659793827,-1.1151515151515148,0.03454231433506054,0.0,3.0,2.4
STU-12147,1.6,-0.3111984282907663,-0.727428473530924,0.997429305912596,-0.5945017182130589,-0.2424242424242426,0.320092112838227,0.0,3.0,4.39
STU-14408,0.4,-0.25147347740667975,-1.3695391468219984,-0.3701799485861185,0.05240549828178692,-0.6181818181818183,-0.06447898675877957,0.0,4.0,3.22
STU-13714,0.4,0.10844793713163059,0.5842042144937462,1.3059125964010276,0.006872852233676834,0.5757575757575757,0.9487622337363272,1.0,4.0,5.48
STU-10671,1.2,-0.7434184675834973,-0.8459825252698312,-0.4113110539845761,-0.5738831615120278,1.2606060606060598,0.7046632124352332,0.0,4.0,4.03
STU-14252,0.8,-0.7921414538310414,-0.931642967277712,-1.994858611825193,-0.6331615120274922,-0.06060606060606091,0.0,0.0,1.0,2.47
STU-13422,0.0,0.8110019646365424,0.0,-0.2982005141388175,0.5270618556701032,-0.24848484848484853,-0.2579159470351181,0.0,3.0,4.31
STU-14059,-0.4,-0.744990176817289,-0.8918965221860554,-0.2776349614395891,0.16623711340206154,-0.48484848484848464,-0.8382268278641336,1.0,2.0,3.32
STU-11303,0.2,0.42593320235756404,0.07161212951858745,0.41131105398457524,-0.11426116838488025,0.22424242424242427,-0.13586643638457108,0.0,2.0,5.18
STU-13772,0.2,0.0,0.52664039746445,0.41131105398457524,-0.17139175257732006,1.163636363636363,1.6810592976396088,1.0,0.0,5.1
STU-14298,-1.0,-0.3159135559921415,-1.0234709611101604,0.462724935732647,0.44544673539518886,0.9333333333333331,0.4674726540011515,0.0,3.0,4.08
STU-14978,0.0,0.23732809430255403,0.0,0.462724935732647,-0.26890034364261206,-0.8303030303030302,1.91594703511802,0.0,3.0,4.49
STU-14188,-0.8,1.2777996070726916,0.6335446290902854,-0.18508997429305973,0.5270618556701032,-1.1636363636363634,0.0,0.0,4.0,4.84
STU-11599,0.0,-0.35834970530451865,0.6499914339557982,0.3598971722365034,-0.002147766323023934,-0.1515151515151515,-0.5549798503166379,0.0,0.0,5.04
STU-13124,0.0,-0.06758349705304516,0.9988007538118888,1.3059125964010276,0.5270618556701032,-1.242424242424242,-0.7253886010362696,1.0,3.0,5.13
STU-12595,1.0,0.8235756385068761,-0.33818742504711435,-0.6169665809768642,0.5270618556701032,0.03030303030303019,0.12204951065054699,0.0,2.0,4.92
STU-13440,-0.2,-0.18860510805500974,0.03597738564330933,0.2570694087403599,-1.6215635738831626,0.8242424242424242,-0.8082901554404146,0.0,1.0,4.18
STU-10365,0.2,-0.583104125736739,-0.6972759979441501,-1.3059125964010285,-1.2190721649484544,-1.5636363636363633,1.2297063903281524,1.0,0.0,2.73
STU-11223,-1.0,-0.9210216110019649,-1.0974815830049693,0.5964010282776341,-0.2676116838487976,1.145454545454545,-0.8198042602187681,0.0,4.0,3.88
STU-13949,1.4,0.6145383104125738,0.0,-1.4395886889460157,0.5270618556701032,0.21818181818181778,0.17040875071963163,0.0,3.0,4.0
STU-11848,-0.6,-0.020432220039292858,0.8727085831762881,0.9048843187660666,-0.4884020618556706,-0.29696969696969705,-0.3131836499712147,1.0,2.0,5.33
STU-10277,-0.6,0.21060903732809433,-0.454000342641769,0.13367609254498702,-0.2646048109965642,0.7878787878787876,0.19573978123200936,1.0,2.0,4.73
STU-13838,-1.0,-0.1964636542239686,-1.2297413054651367,0.02056555269922835,0.0,1.145454545454545,-0.5043177892918826,0.0,3.0,5.0
STU-10103,0.8,-0.9870333988212183,-0.01678944663354494,-0.9460154241645251,0.050687285223367406,0.5575757575757574,1.535981577432355,0.0,4.0,2.9
STU-13831,1.4,-0.7984282907662084,-2.0993661127291423,-1.4910025706940873,-0.6469072164948458,-0.4787878787878787,0.7829591249280369,0.0,3.0,1.94
STU-14952,0.0,0.7245579567779961,-0.1387699160527672,-0.09254498714653031,0.5270618556701032,0.41818181818181777,0.08520437535981581,0.0,1.0,4.5
STU-10733,-1.0,-0.029862475442043148,-0.26828850436868296,-0.041131105398457615,0.0962199312714775,-0.4545454545454545,1.146804835924007,0.0,0.0,3.55
STU-14796,1.4,-0.4165029469548135,-0.8041802295699855,0.4318766066838045,-0.6481958762886603,-0.9878787878787876,1.7593552101324124,0.0,4.0,3.03
STU-13845,1.4,-1.2212180746561887,-0.12232311118725446,-0.9768637532133676,-0.857817869415808,-0.8969696969696971,0.1934369602763385,0.0,1.0,2.7
STU-13727,-0.8,0.3064833005893909,0.2573239677916735,1.1413881748071972,0.5270618556701032,-0.006060606060606468,0.11514104778353484,1.0,2.0,5.02
STU-11785,0.6,0.5595284872298626,0.22991262634915124,-0.21593830334190317,0.460910652920962,-1.2181818181818183,0.16580310880829013,0.0,3.0,4.77
STU-13287,0.8,0.1587426326129666,0.9988007538118888,0.2570694087403599,0.3097079037800686,0.15757575757575742,-0.07829591249280367,1.0,3.0,4.94
STU-10106,0.0,1.0687622789783893,0.28953229398663655,1.3059125964010276,0.5270618556701032,0.0,0.0,0.0,2.0,5.86
STU-11209,-0.4,-1.0907662082514737,-0.9878362172348812,0.2570694087403599,0.0,-1.1393939393939392,-0.508923431203224,0.0,2.0,2.8
STU-14090,-0.4,-0.8974459724950885,0.10998800753811819,0.18508997429305882,-0.24054982817869466,-0.006060606060606468,-0.7161773172135867,0.0,0.0,4.24
STU-13100,0.4,0.6208251473477406,0.7342813088915531,-1.7789203084832907,0.2757731958762889,-1.3272727272727272,-0.5549798503166379,1.0,3.0,3.34
STU-13087,-0.8,1.0027504911591356,0.0,0.26735218508997405,0.2770618556701034,1.0181818181818183,0.2256764536557284,0.0,2.0,5.12
STU-13134,2.1,0.7009823182711201,0.41219804694192125,0.5244215938303339,0.5270618556701032,0.303030303030303,0.6332757628094419,0.0,1.0,5.74
STU-13768,1.0,0.6962671905697446,-0.6917937296556459,0.3187660668380458,0.5270618556701032,1.0848484848484847,-0.5780080598733449,0.0,4.0,4.42
STU-12786,-0.6,0.9351669941060904,0.9686482782251149,1.3059125964010276,0.5270618556701032,-1.0242424242424242,0.3914795624640185,0.0,4.0,5.73
STU-10687,0.8,0.17603143418467573,-0.4457769402090121,-0.041131105398457615,0.15850515463917525,0.44242424242424205,0.12895797351755914,1.0,0.0,4.47
STU-11768,-0.6,0.20275049115913546,0.36217234880931864,0.22622107969151642,0.5270618556701032,0.44242424242424205,0.27633851468048365,0.0,4.0,5.54
STU-13911,1.0,-0.776424361493124,-0.8329621380846335,-1.2030848329048849,-1.4261168384879734,0.4969696969696965,0.0,0.0,2.0,2.36
STU-10143,1.2,0.20432220039292745,-1.645708411855406,0.10282776349614357,-0.2598797250859107,-0.5575757575757574,-0.3016695451928612,0.0,3.0,3.59
STU-12260,-1.0,1.4161100196463658,0.9988007538118888,-0.020565552699229262,0.5270618556701032,0.9575757575757569,-0.8105929763960853,0.0,3.0,4.91
STU-13322,0.0,0.5925343811394892,-0.20250128490663097,-0.20565552699228806,0.5270618556701032,0.0,0.18652849740932656,1.0,2.0,4.42
STU-12420,0.8,-0.4086444007858546,-0.8788761350008577,0.9151670951156807,-0.072594501718213,-1.1575757575757575,0.09902130109384011,0.0,0.0,4.36
STU-13483,0.4,0.4809430255402752,0.9988007538118888,1.2442159383033418,0.5270618556701032,-0.7939393939393941,0.8474381116868166,1.0,2.0,6.55
STU-12902,-1.0,0.39921414538310407,-0.2634915196162421,-0.06169665809768688,-0.17697594501718242,-0.22424242424242427,-0.8151986183074267,0.0,4.0,4.37
STU-12824,1.0,0.0,-0.5574781565872883,-0.2467866323907457,-0.5051546391752583,-0.9878787878787876,0.23719055843408185,0.0,1.0,3.49
STU-14097,-0.2,0.04086444007858543,-0.6739763577180063,-0.2776349614395891,0.09879725085910646,-1.2303030303030302,-0.5365572826712723,0.0,1.0,4.15
STU-13364,-0.2,-0.25147347740667975,0.501284906630117,0.37017994858611764,-0.6228522336769763,-0.27272727272727276,-0.9533678756476685,0.0,4.0,4.38
STU-11390,0.6,-0.8754420432220041,0.0,0.4421593830334187,-0.6825601374570451,0.7999999999999995,0.05526770293609678,0.0,2.0,3.39
STU-12908,1.0,-0.12416502946954802,-0.9426075038547205,-1.0179948586118253,-0.018041237113402147,-0.31515151515151535,-0.36154289004029927,1.0,4.0,3.12
STU-10777,0.4,0.04086444007858543,0.381360287819084,0.19537275064267298,0.004295532646047868,-0.012121212121212399,-0.5273459988485896,0.0,2.0,4.5
STU-11025,-1.0,-0.34734774066797663,-0.12643481240363288,-1.1516709511568122,0.15850515463917525,-0.696969696969697,0.6793321819228556,0.0,2.0,4.1
STU-12291,0.2,-0.8848722986247546,-0.8041802295699855,-1.1413881748071981,-0.955756013745705,0.42424242424242425,-0.08750719631548647,0.0,3.0,2.17
STU-12739,0.0,0.056581532416502864,-0.5848894980298105,-1.3881748071979438,0.013745704467353667,-0.3272727272727272,0.6217616580310882,0.0,2.0,3.57
STU-13575,0.4,0.19803536345776032,-0.1833133458968656,-1.336760925449872,0.0,1.163636363636363,0.47668393782383434,0.0,3.0,3.84
STU-14958,-0.8,-1.7288801571709236,0.0,-1.0282776349614395,-0.35137457044673587,-0.4727272727272728,2.1565918249856075,0.0,1.0,2.01
STU-14915,0.2,-0.0990176817288803,-0.4868939523727955,-0.22622107969151733,0.15120274914089338,0.448484848484848,0.34772596430627517,1.0,2.0,4.06
STU-11491,0.2,-0.37092337917485263,-1.364056878533494,-0.60668380462725,-1.3629725085910662,0.8969696969696965,0.048359240069084625,0.0,2.0,2.36
STU-10575,-0.2,0.6711198428290767,0.7945862600651008,-0.06169665809768688,-0.6292955326460488,-0.7939393939393941,1.0500863557858378,0.0,1.0,4.64
STU-10117,0.8,0.23104125736738718,0.840500256981325,-0.13367609254498794,0.03522336769759423,-0.18181818181818168,-0.8727691421991941,0.0,2.0,4.67
STU-10342,0.4,-0.41493123772102175,-0.3751927359945183,-0.3907455012853478,0.16022336769759415,-0.703030303030303,-0.03684513529073118,0.0,3.0,3.65
STU-12909,0.4,-0.2703339882121809,-1.039917765975673,-0.08226221079691523,-0.7328178694158081,0.545454545454545,-0.2394933793897525,1.0,2.0,3.18
STU-11322,1.0,-0.532809430255403,-1.2112386499914347,0.6683804627249351,0.0,-1.0666666666666669,1.1053540587219346,0.0,4.0,3.06
STU-11040,0.8,1.1520628683693517,0.6349151961624112,1.3059125964010276,0.5270618556701032,-0.4606060606060609,-0.6793321819228555,1.0,2.0,6.02
STU-13297,0.2,0.0,0.6534178516361132,0.8226221079691514,-0.20403780068728533,0.29090909090909056,1.3033966609096148,1.0,3.0,5.35
STU-12187,0.2,-0.13202357563850686,0.09491176974473126,-1.398457583547558,0.4226804123711338,0.11515151515151482,0.0,0.0,3.0,4.12
STU-13466,1.4,0.0,-0.18536919650505482,-1.1413881748071981,-0.7001718213058422,-0.8424242424242426,1.2251007484168106,1.0,0.0,3.46
STU-11719,-1.0,-0.5406679764243615,0.4492033578893262,0.6683804627249351,-0.10352233676975997,-1.3333333333333333,-0.21416234887737476,0.0,4.0,4.81
STU-11863,0.0,-0.17445972495088402,-0.02843926674661684,0.20565552699228715,0.13487972508591076,-0.03636363636363666,-0.1128382268278642,0.0,3.0,4.9
STU-12227,-0.2,-1.6471512770137529,-1.6738050368339907,-1.7172236503856046,-1.310996563573884,0.9333333333333331,-0.19573978123200916,0.0,3.0,1.45
STU-12566,1.2,-0.1477406679764243,-0.9768716806578728,-0.11311053984575867,-0.2951030927835055,-0.07272727272727278,-0.7553252734599886,0.0,0.0,2.98
STU-11834,0.0,-0.4573673870333989,0.5910570498543762,-0.03084832904884344,-0.6924398625429559,0.0,0.4812895797351756,0.0,4.0,3.18
STU-13181,1.4,-1.3218074656188608,-0.08737365084803876,-1.5526992287917742,-0.5034364261168387,0.17575757575757575,0.38457109959700636,1.0,2.0,3.11
STU-13469,0.6,-0.02200392927308457,-0.7952715436011661,-0.35989717223650436,-0.8999140893470796,-1.9515151515151512,-0.7438111686816351,1.0,4.0,3.35
STU-14339,0.2,-0.22789783889980347,-0.9624807264005493,-0.9871465295629828,-1.0124570446735404,0.38181818181818167,-0.49050086355785844,0.0,4.0,3.31
STU-11142,0.0,0.7104125736738703,0.6314887784820962,1.3059125964010276,0.21005154639175272,-0.5575757575757574,0.478986758779505,0.0,4.0,4.64
STU-11527,1.4,-0.2090373280943026,-0.11067329107418256,1.3059125964010276,0.5270618556701032,-0.03636363636363666,-0.5618883131836501,1.0,0.0,4.92
STU-13613,1.4,0.41335952848723007,-0.06270344354976914,-0.7506426735218512,-0.3140034364261171,-0.8121212121212119,0.6424870466321244,0.0,4.0,3.87
STU-10023,-0.2,0.7952848722986247,0.18879561418536886,0.791773778920308,0.5270618556701032,0.5696969696969693,2.1565918249856075,0.0,3.0,4.74
STU-13312,0.2,-1.2400785854616898,-1.1941065615898585,-0.473007712082263,-1.2195017182130592,-0.4121212121212124,-0.13586643638457108,0.0,3.0,2.99
STU-12395,0.0,0.806286836935167,0.44577694020901115,0.30848329048843165,0.2542955326460483,0.07878787878787871,-0.188831318364997,0.0,4.0,5.09
STU-14866,-0.2,0.0,-0.2977556964193944,-0.22622107969151733,0.5270618556701032,1.0666666666666658,-1.2204951065054694,0.0,0.0,3.94
STU-10697,1.2,0.6381139489194498,0.6431385985951681,0.4318766066838045,0.5270618556701032,-0.042424242424242586,0.8405296488198043,0.0,2.0,4.38
STU-11232,0.4,-0.17760314341846772,-0.3073496659242771,-0.13367609254498794,-0.7358247422680421,-0.07272727272727278,-0.6931491076568798,1.0,4.0,3.68
STU-12592,0.2,1.0530451866404715,0.9988007538118888,1.3059125964010276,0.5270618556701032,-1.406060606060606,-0.32700057570523894,0.0,4.0,5.0
STU-13056,0.0,-0.7214145383104127,-0.06407401062189594,0.3187660668380458,-1.0300687285223376,2.048484848484848,0.7392055267702937,1.0,1.0,3.73
STU-12045,1.4,-1.2982318271119844,0.1908514647935571,0.5964010282776341,-0.18857388316151216,0.5878787878787876,-0.05987334484743807,0.0,3.0,3.74
STU-10837,0.2,0.6475442043222006,-0.2182628062360813,0.8226221079691514,0.5270618556701032,-0.23636363636363666,-0.881980426021877,1.0,4.0,5.31
STU-14906,0.2,1.6078585461689592,0.1696076751756035,0.4421593830334187,0.5270618556701032,-0.04848484848484852,1.1375935521013243,0.0,0.0,5.14
STU-14424,1.2,0.7622789783889984,0.6924790131917073,0.6375321336760916,0.5270618556701032,0.6727272727272727,0.20955670696603346,0.0,3.0,6.0
STU-13601,-1.0,1.0121807465618864,0.4971732054137396,1.00771208226221,0.36984536082474245,0.11515151515151482,-0.21416234887737476,1.0,1.0,4.79
STU-10459,0.8,-0.7182711198428292,-0.8987493575466855,-1.5115681233933167,-1.0760309278350524,-0.49696969696969706,0.0,0.0,4.0,2.94
STU-13540,0.0,-0.532809430255403,-0.8014390954257329,-0.7300771208226229,-0.5094501718213061,0.745454545454545,1.4645941278065633,0.0,4.0,3.45
STU-10462,-0.2,0.2420432220039292,0.0,1.3059125964010276,0.5270618556701032,0.12727272727272723,0.09441565918249861,0.0,4.0,5.58
STU-11652,1.4,1.0043222003929275,-0.7013876991605286,-0.17480719794344554,0.5270618556701032,0.19393939393939352,0.32239493379389766,0.0,0.0,3.99
STU-11791,-0.8,2.124165029469548,0.9988007538118888,1.3059125964010276,0.5270618556701032,0.8545454545454539,-0.8842832469775476,1.0,0.0,7.0
STU-11892,0.2,-0.6113948919449904,-0.42727428473531015,0.2879177377892024,0.048109965635738446,0.2363636363636361,-0.5204375359815775,0.0,3.0,4.07
STU-13301,-0.2,-1.3972495088408647,-0.33750214151105096,-0.22622107969151733,-0.5429553264604814,-1.7878787878787876,-0.8082901554404146,0.0,4.0,3.56
STU-10284,-0.2,-0.1335952848722986,-0.07229741305465183,0.9357326478149092,-0.04553264604811009,-0.696969696969697,-0.052964881980425926,0.0,4.0,4.66
STU-11707,0.0,0.16502946954813374,0.9988007538118888,0.030848329048842524,-0.05455326460481147,0.21212121212121185,0.15198618307426603,0.0,3.0,4.64
STU-10154,-0.6,-0.5233791748526524,0.6438238821312305,0.7712082262210795,-0.3960481099656359,0.24848484848484853,-0.8105929763960853,0.0,4.0,4.38
STU-14019,-0.6,1.2133595284872298,0.9988007538118888,0.26735218508997405,0.5270618556701032,0.9090909090909084,0.9810017271157171,0.0,2.0,4.83
STU-13882,-0.2,-0.650687622789784,-0.6451944492033582,0.6066838046272491,0.0,-0.5333333333333331,-1.0523891767415086,1.0,1.0,3.87
STU-14493,0.8,-0.6805500982318272,-0.20044543429844175,0.13367609254498702,-1.878006872852235,0.4363636363636361,2.1565918249856075,1.0,1.0,3.45
STU-13604,-1.0,1.3956777996070728,0.21689223916395353,0.16452442159382955,0.5270618556701032,-1.3939393939393936,-0.46747265400115146,0.0,0.0,5.45
STU-13351,0.6,-1.7288801571709236,-1.8766489635086523,-0.6478149100257077,-1.16151202749141,0.5575757575757574,-0.46747265400115146,1.0,4.0,2.37
STU-11506,1.2,0.0,-0.1140997087544976,0.6066838046272491,-1.2302405498281794,-0.12727272727272723,-0.36384571099597013,1.0,0.0,3.23
STU-13738,0.8,1.108055009823183,0.8781908514647924,-0.4832904884318772,0.5270618556701032,0.04242424242424205,1.6142774899251586,0.0,3.0,5.06
STU-12152,0.4,0.7937131630648333,0.7452458454685615,0.0,0.5270618556701032,0.2969696969696965,0.7000575705238918,0.0,2.0,5.4
STU-11126,0.4,-0.4510805500982318,-0.5814630803494955,0.5244215938303339,0.24656357388316144,0.5636363636363634,-0.33621185952792176,1.0,3.0,4.38
STU-13920,1.8,1.387819253438114,0.8178859002912446,0.9460154241645242,0.5270618556701032,-0.16969696969696982,0.5388601036269433,0.0,1.0,4.97
STU-10768,0.0,0.2829076620825149,0.1922220318656839,1.3059125964010276,0.5270618556701032,0.28484848484848463,0.7668393782383423,1.0,4.0,5.34
STU-10061,0.4,2.124165029469548,-0.5060818913825599,0.18508997429305882,-0.7701890034364268,2.048484848484848,-0.04145077720207248,0.0,0.0,4.48
STU-10193,-0.2,-0.19017681728880173,0.19633373308206234,0.2570694087403599,0.5270618556701032,-0.9818181818181817,0.08750719631548647,0.0,0.0,3.82
STU-11173,0.2,1.263654223968566,0.6006510193592589,0.32904884318766,0.0867697594501717,0.3090909090909089,-0.5342544617156016,1.0,2.0,5.32
STU-13154,0.8,-0.5045186640471515,-0.08600308377591294,0.2570694087403599,0.5270618556701032,-1.818181818181818,-0.34772596430627517,0.0,3.0,4.91
STU-10650,0.2,0.08644400785854629,0.6136714065444566,0.16452442159382955,0.5270618556701032,-1.7818181818181817,-0.5503742084052965,0.0,4.0,4.31
STU-12216,-0.4,0.5548133595284872,-0.2737707726571872,0.05141388174807179,0.5270618556701032,-1.406060606060606,0.320092112838227,0.0,0.0,4.36
STU-10674,0.0,-0.6208251473477406,-0.7226314887784832,-1.1002570694087406,-0.3831615120274917,0.3878787878787876,-0.35233160621761667,0.0,1.0,3.38
STU-12235,-0.4,0.04086444007858543,-1.4387527839643655,0.5347043701799481,0.2444158075601375,1.042424242424242,1.8215313759355216,1.0,4.0,4.76
STU-10610,0.6,0.05815324165029458,0.11272914168236983,1.3059125964010276,-0.03737113402061877,-0.19393939393939408,1.9412780656303974,1.0,3.0,5.05
STU-10835,-0.6,-0.13673870333988203,0.4827822511564151,-0.4215938303341903,0.1327319587628862,0.18181818181818168,-0.04375359815774313,0.0,0.0,3.97
STU-10986,-0.6,0.337917485265226,0.11889669350693748,-0.8946015424164524,0.5270618556701032,-0.24848484848484853,0.8566493955094993,0.0,0.0,4.26
STU-10304,0.6,-0.7544204322200394,-0.9193078636285766,0.5552699228791764,-0.5317869415807567,-1.5090909090909088,-1.0523891767415086,0.0,4.0,3.4
STU-14921,-0.8,-0.8911591355599215,-0.7514133972931312,0.0,-0.8268900343642617,-1.16969696969697,0.08981001727115731,0.0,3.0,3.09
STU-11306,1.4,-0.3929273084479372,-0.047627205756382206,-0.5038560411311055,-0.19501718213058458,0.04242424242424205,0.9902130109383996,1.0,0.0,4.34
STU-14559,0.6,-0.012573673870334002,-0.3909542573239686,-0.13367609254498794,-0.9050687285223376,-0.3696969696969698,1.367875647668394,0.0,1.0,3.12
STU-11401,0.4,1.208644400785855,0.9988007538118888,0.22622107969151642,0.5270618556701032,-0.49090909090909113,2.1565918249856075,0.0,2.0,5.28
STU-11050,0.2,-0.9084479371316309,0.21620695562789013,0.07197943444730014,0.39132302405498304,0.28484848484848463,0.13356361542890044,0.0,4.0,4.71
STU-14639,0.0,0.14616895874263258,0.3176289189652212,-0.7712082262210795,0.09879725085910646,-0.5636363636363639,-0.45365572826712725,0.0,4.0,4.39
STU-14331,-0.8,-0.3536345776031435,-0.8384444063731378,-0.5244215938303348,-0.21348797250859114,-0.08484848484848517,-0.6470926885434658,0.0,4.0,3.67
STU-13152,0.0,-1.0231827111984284,-0.60270686996745,-0.9871465295629828,-0.6340206185567016,-0.054545454545454446,0.0,0.0,4.0,2.93
STU-12695,1.0,-0.3756385068762281,-1.4853520644166531,-1.7789203084832907,-0.39561855670103147,0.0666666666666663,0.19804260218768002,0.0,2.0,2.74
STU-13179,0.2,-0.6978388998035365,-0.27034435497687215,0.6786632390745493,-0.34965635738831635,-0.9696969696969698,-0.2579159470351181,0.0,1.0,3.32
STU-13888,0.4,0.8125736738703344,0.9988007538118888,-0.46272493573264795,0.5270618556701032,0.5333333333333331,-0.3293033966609096,0.0,3.0,4.48
STU-14448,-0.6,0.7512770137524561,0.7685454856947054,0.030848329048842524,0.5270618556701032,0.6303030303030301,0.5526770293609672,0.0,2.0,4.83
STU-13701,-0.2,-0.21375245579567775,0.29981154702758167,0.26735218508997405,-0.12199312714776654,-0.27272727272727276,-0.02072538860103624,0.0,4.0,4.32
STU-12173,1.8,0.6239685658153243,-0.5581634401233517,0.9562982005141384,-0.3277491408934714,-1.2727272727272727,-1.0546919976971791,0.0,2.0,4.6
STU-10813,0.8,0.0,-0.9576837416481074,-0.802056555269923,-1.0438144329896915,-0.7818181818181816,-0.386873920552677,0.0,4.0,3.12
STU-13769,-0.2,1.0844793713163063,-0.6232653760493413,0.3598971722365034,0.5270618556701032,-0.49090909090909113,-0.5526770293609673,1.0,4.0,4.38
STU-10374,0.8,-1.0530451866404718,0.5081377419907481,-0.7506426735218512,-0.5107388316151206,-2.0727272727272723,-0.048359240069084625,0.0,0.0,3.48
STU-14596,0.4,0.6003929273084481,-0.0256981326023652,0.8534704370179939,0.5270618556701032,0.31515151515151485,0.24870466321243528,1.0,4.0,4.92
STU-10951,0.4,-0.25147347740667975,0.0,1.3059125964010276,0.016752577319587663,0.7878787878787876,-0.5618883131836501,1.0,4.0,5.41
STU-14857,0.4,-0.023575638506876287,-0.7685454856947074,0.05141388174807179,0.1056701030927833,0.7030303030303025,-0.36614853195164077,0.0,2.0,3.96
STU-13770,0.4,1.009037328094303,0.9693335617611774,0.730077120822622,0.5270618556701032,-0.909090909090909,0.47207829591249284,0.0,3.0,5.56
STU-10091,-0.8,0.46994106090373294,0.7048141168408416,0.061696658097685965,0.5270618556701032,-0.37575757575757573,-0.42141623488773744,0.0,0.0,4.25
STU-14673,-0.2,0.44950884086444004,0.9988007538118888,0.5347043701799481,0.17139175257731945,-0.7939393939393941,1.2642487046632125,0.0,4.0,5.79
STU-11228,0.4,-0.08330058939096259,-0.2977556964193944,-0.3393316195372751,0.5270618556701032,0.5939393939393935,-0.7852619458837076,0.0,2.0,4.52
STU-14548,0.0,-1.5512770137524563,-1.309919479184513,-1.4601542416452449,-1.0798969072164954,-1.303030303030303,0.15659182498560753,0.0,1.0,1.96
STU-14132,-0.2,0.0,-0.4259037176631843,-0.6272493573264784,-0.6039518900343647,0.16969696969696926,-0.0046056419113412956,0.0,3.0,3.93
STU-11320,0.4,-1.1646365422396858,-0.7993832448175436,0.5141388174807198,-0.985824742268042,0.054545454545454446,1.1122625215889468,1.0,1.0,3.52
STU-14109,-1.0,-0.2561886051080552,0.6671235223573743,0.05141388174807179,0.1653780068728521,0.5030303030303029,-0.06447898675877957,0.0,4.0,4.53
STU-14777,0.8,0.5563850687622789,-0.293643995203016,-0.09254498714653031,0.5270618556701032,0.09090909090909056,-0.7691421991940127,0.0,3.0,4.5
STU-10238,0.0,0.02671905697445972,-1.2571526469076588,-0.020565552699229262,-1.1932989690721656,-1.4121212121212119,0.0,1.0,2.0,3.66
STU-12230,0.8,0.8110019646365424,-0.17029295871166789,0.39074550128534685,0.2396907216494846,-0.44848484848484854,-0.09671848013816925,0.0,0.0,3.46
STU-10090,0.2,0.4903732809430255,0.7000171320884008,0.7095115681233927,0.47852233676975975,-0.10303030303030296,-0.3062751871042027,0.0,2.0,4.56
STU-10800,-0.6,0.0,0.3847867054994,0.17480719794344463,-0.18170103092783532,0.545454545454545,-0.6194588370754175,0.0,2.0,4.06
STU-13505,0.2,0.5060903732809432,0.1456227514133963,0.6786632390745493,0.5270618556701032,0.7636363636363628,-1.1905584340817503,0.0,3.0,5.21
STU-13232,-0.2,2.124165029469548,0.5958540346068181,0.0,0.5270618556701032,0.6181818181818183,-0.5595854922279793,0.0,3.0,5.69
STU-12208,-0.2,-0.35834970530451865,-1.0686996744903212,0.6169665809768633,-0.45704467353951916,1.0606060606060599,1.6764536557282674,0.0,2.0,3.4
STU-14456,0.6,0.44950884086444004,-0.06270344354976914,0.0,0.4763745704467352,-1.2848484848484847,1.1421991940126657,0.0,3.0,4.34
STU-11210,0.8,0.4275049115913558,0.9988007538118888,0.7814910025706937,0.5270618556701032,0.7090909090909083,-0.8451352907311458,0.0,2.0,4.22
STU-14816,-1.0,0.5296660117878192,0.9453486379989712,0.2776349614395882,0.5270618556701032,0.36969696969696925,-0.44905008635578586,1.0,2.0,5.09
STU-12136,2.1,0.5265225933202358,0.6438238821312305,0.02056555269922835,0.5270618556701032,0.12727272727272723,0.2671272308578009,0.0,3.0,5.31
STU-12362,-0.6,-1.6440078585461693,-0.6102449888641436,0.15424164524421538,-0.9931271477663238,0.745454545454545,0.9510650546919978,0.0,0.0,2.66
STU-10361,0.2,-0.1838899803536346,-1.664211067329108,-0.6889460154241652,0.2804982817869418,1.048484848484848,1.8353483016695453,0.0,1.0,3.92
STU-11167,1.4,-0.03929273084479372,-0.8014390954257329,0.2570694087403599,0.12242268041237096,-1.939393939393939,-0.32239493379389744,0.0,4.0,4.18
STU-14998,0.8,-1.3721021611001967,-1.2078122323111196,-0.5655526992287925,-1.497852233676977,0.18181818181818168,0.0,0.0,2.0,2.51
STU-12885,-0.2,0.0,0.14151105019701787,0.49357326478149044,-1.204467353951891,0.2,0.75993091537133,1.0,4.0,3.73
STU-12644,-0.8,0.38821218074656205,0.05036833990063287,-0.5552699228791773,0.4548969072164946,-1.5212121212121212,-0.6332757628094416,1.0,0.0,4.36
STU-11883,-0.4,0.2530451866404715,0.17508994346410775,-0.8431876606683806,0.5270618556701032,1.3151515151515143,-0.7092688543465746,0.0,4.0,4.54
STU-14152,-1.0,2.124165029469548,0.9988007538118888,0.5861182519280198,0.5270618556701032,-1.0424242424242427,0.0,1.0,2.0,5.64
STU-12097,0.4,0.21060903732809433,-0.5088230255268125,-0.7300771208226229,0.09364261168384853,0.1878787878787876,1.259643062751871,1.0,2.0,4.12
STU-12365,-0.8,-0.47465618860510805,-1.36542744560562,0.10282776349614357,-0.5012886597938148,-1.0787878787878786,0.320092112838227,0.0,3.0,3.18
STU-12946,-0.2,0.675834970530452,0.366284050025697,-0.31876606683804676,0.5270618556701032,0.3393939393939391,1.2872769142199199,0.0,3.0,4.73
STU-11344,1.2,0.6098231827111986,-0.9206784307007034,-1.7583547557840624,-0.13788659793814476,0.7272727272727272,-0.14507772020725387,0.0,0.0,3.53
STU-13428,0.4,0.4667976424361495,-0.5471989035463432,-0.6580976863753218,0.5270618556701032,-0.9333333333333331,1.073114565342545,0.0,4.0,4.63
STU-12708,-0.8,0.16502946954813374,0.21415110501970092,0.23650385604113058,0.3676975945017185,-1.8484848484848482,0.062176165803108925,1.0,1.0,5.42
STU-11133,-0.4,-0.4385068762278978,-0.724002055850609,-1.2442159383033427,-0.4780927835051553,-0.10909090909090943,-0.5710995970063328,0.0,2.0,2.93
STU-11371,-0.6,0.3944990176817289,-0.654788418708241,-0.2776349614395891,-0.12371134020618606,-0.2909090909090911,-0.09441565918249861,0.0,4.0,3.79
STU-11369,0.0,-0.3426326129666012,0.5143052938153158,0.6272493573264775,-0.5945017182130589,0.5333333333333331,0.0069084628670121485,0.0,0.0,4.75
STU-11769,-1.0,-0.20589390962671916,-1.2694877505567932,-0.7506426735218512,0.20403780068728533,-1.1878787878787875,2.1565918249856075,0.0,0.0,4.64
STU-10711,-1.0,0.3096267190569746,0.8679115984238472,0.6889460154241643,0.5270618556701032,0.7030303030303025,-0.09671848013816925,1.0,3.0,4.61
STU-12022,0.0,-0.8974459724950885,0.0,1.0488431876606679,-0.0025773195876289652,-1.6545454545454545,-0.8566493955094993,1.0,2.0,4.15
STU-12717,1.4,-0.6726915520628686,0.0544800411170113,-0.3496143958868902,0.5270618556701032,1.9030303030303024,0.8727691421991941,0.0,4.0,4.03
STU-11889,-0.2,-1.2086444007858548,-1.2831934212780542,-1.1516709511568122,-0.30025773195876343,0.3393939393939391,0.37305699481865295,1.0,0.0,3.03
STU-10485,-0.2,0.5689587426326129,-0.4026040774370405,-0.3804627249357327,-0.1576460481099658,0.06060606060606038,-0.7714450201496834,1.0,1.0,3.95
STU-10080,-1.0,-0.6538310412573676,0.9988007538118888,-1.0488431876606688,-0.39432989690721704,1.1151515151515143,0.36384571099597013,0.0,3.0,3.9
STU-10576,0.0,0.7198428290766207,-0.01541887956141912,0.6786632390745493,0.1417525773195876,0.5999999999999994,-0.33160621761658027,1.0,1.0,5.6
STU-12984,0.2,0.4620825147347741,-0.056535891725202465,-0.08226221079691523,0.12156357388316151,-0.8545454545454545,-0.36154289004029927,0.0,1.0,4.53
STU-12888,-1.0,-0.6082514734774067,0.0,-1.4910025706940873,-0.03178694158075642,0.21818181818181778,1.4691997697179047,0.0,1.0,3.61
STU-14187,0.0,-0.7277013752455797,-0.22374507452458553,-0.2365038560411315,-0.27663230240549835,-0.38181818181818167,-0.3822682786413357,0.0,2.0,3.71
STU-12608,-1.0,0.4888015717092338,-0.5122494432071275,0.7506426735218503,0.06615120274914059,-1.6666666666666663,-0.039147956246401834,0.0,4.0,5.24
STU-14873,-0.6,-1.7288801571709236,-1.4435497687168073,-1.069408740359897,-1.8758591065292107,-0.3090909090909094,0.24409902130109398,0.0,3.0,1.0
STU-13007,1.8,-1.3721021611001967,-0.8836731197532985,0.7712082262210795,-1.010738831615121,0.0,0.518134715025907,1.0,1.0,3.65
STU-13681,-1.0,-0.45893909626719065,0.07366798012677667,0.5655526992287915,-0.04252577319587671,0.10909090909090889,-0.4075993091537133,0.0,3.0,4.73
STU-13735,0.0,0.40392927308447946,0.0,-0.8329048843187664,0.49914089347079027,-0.5151515151515154,-0.03684513529073118,1.0,1.0,4.64
STU-10379,0.4,0.0,-0.08942950145622798,-0.9460154241645251,-0.22766323024054982,1.6060606060606053,-0.310880829015544,0.0,2.0,4.31
STU-10542,0.6,0.4416502946954815,0.2621209525441143,0.5861182519280198,-0.7031786941580762,1.2606060606060598,-0.234887737478411,0.0,3.0,3.58
STU-12543,1.2,0.4809430255402752,0.4827822511564151,-0.4215938303341903,-0.35137457044673587,-0.4727272727272728,0.6655152561888313,0.0,4.0,4.25
STU-14463,0.8,1.0168958742632612,0.9988007538118888,0.997429305912596,0.5270618556701032,0.07878787878787871,1.3172135866436385,0.0,3.0,5.64
STU-11165,0.8,-0.1964636542239686,0.12917594654788356,0.11311053984575775,0.0,-0.06060606060606091,-0.31548647092688553,0.0,4.0,4.62
STU-13223,-0.4,-0.36620825147347746,-0.09491176974473223,0.2879177377892024,0.3500859106529208,-0.16363636363636389,0.7553252734599887,0.0,1.0,4.42
STU-14490,-1.0,-0.9335952848722988,-0.24430358060647672,0.0,-0.7328178694158081,0.7999999999999995,-0.02072538860103624,1.0,3.0,4.24
STU-12514,0.6,0.06286836935167,0.3251670378619147,1.3059125964010276,0.03221649484536084,0.42424242424242425,-0.2072538860103626,1.0,3.0,5.33
STU-14098,0.8,-0.6554027504911593,-2.1162412198046945,-1.6143958868894601,-1.2199312714776642,0.8121212121212114,0.1174438687392055,0.0,3.0,2.5
STU-14347,0.2,-0.4086444007858546,-0.6280623608017821,-1.007712082262211,-0.8874570446735405,1.3090909090909084,0.11053540587219356,0.0,3.0,2.79
STU-13637,-0.8,-0.8031434184675836,0.639712180914853,0.32904884318766,-0.19931271477663243,0.0,0.584916522740357,0.0,3.0,3.97
STU-10028,-0.4,0.1477406679764243,-0.33955799211924015,0.23650385604113058,0.0,0.26666666666666633,-0.09441565918249861,0.0,3.0,3.11
STU-10110,0.0,0.856581532416503,0.8583176289189646,0.4010282776349611,0.5270618556701032,-0.2424242424242426,0.04605641911341398,1.0,0.0,6.07
STU-14973,-1.0,0.337917485265226,0.3032379647078967,0.5552699228791764,-0.3414948453608251,-0.4,0.7622337363270006,1.0,1.0,4.71
STU-12106,-0.2,-0.06601178781925343,-0.6013363028953232,0.0,-0.5704467353951894,-1.6121212121212118,-0.10362694300518141,0.0,4.0,3.92
STU-10765,1.0,-0.6459724950884088,0.6273770772657178,0.0,0.4458762886597939,-0.7696969696969698,0.10362694300518141,1.0,3.0,3.39
STU-11618,1.2,-0.8455795677799608,-0.06544457769402175,-0.3496143958868902,-0.11297250859106577,0.4303030303030302,-0.508923431203224,0.0,0.0,4.16
STU-11487,-0.4,1.1253438113948921,0.9988007538118888,-0.22622107969151733,0.30541237113402075,-1.133333333333333,-0.27633851468048365,0.0,3.0,4.25
STU-11108,-0.4,-1.494695481335953,0.0,-1.2853470437017993,-1.185567010309279,-1.0363636363636362,1.139896373056995,0.0,4.0,1.59
STU-13285,1.2,1.3453831041257367,0.9988007538118888,0.05141388174807179,0.5270618556701032,-0.07878787878787871,-0.6355785837651123,0.0,2.0,5.28
STU-14285,-0.4,0.20432220039292745,-0.3087202329964029,-0.12339331619537285,0.39991408934707934,-0.7090909090909089,-0.5526770293609673,1.0,2.0,4.52
STU-12144,1.0,2.0306483300589395,-0.06955627891040018,1.3059125964010276,0.5270618556701032,0.8848484848484847,0.0,1.0,4.0,5.75
STU-10097,-0.4,-0.0974459724950883,-0.06544457769402175,-0.4318766066838054,-0.3457903780068729,-1.133333333333333,0.08520437535981581,0.0,1.0,3.26
STU-11024,1.0,0.7764243614931241,-0.3676546170978248,0.39074550128534685,0.5270618556701032,-0.01818181818181833,0.03684513529073118,0.0,0.0,5.01
STU-14494,-1.0,0.08330058939096259,0.9988007538118888,-0.4113110539845761,0.32431271477663237,-0.6242424242424243,0.4743811168681637,1.0,1.0,4.27
STU-14571,0.8,0.6302554027504915,0.3388727085831758,1.3059125964010276,0.5270618556701032,-2.0727272727272723,-0.5066206102475532,1.0,4.0,5.04
STU-12657,-0.8,0.04086444007858543,-0.7753983210553375,-0.18508997429305973,-0.9016323024054992,0.08484848484848463,0.8036845135290731,0.0,2.0,2.32
STU-11461,0.4,0.09273084479371316,-0.5341785163611454,0.6786632390745493,0.5270618556701032,-0.6,0.9372481289579735,1.0,1.0,4.92
STU-13365,-0.8,-0.21532416502946947,-0.35943121466506794,-0.6786632390745502,0.3247422680412374,0.4727272727272722,1.1329879101899831,1.0,4.0,3.56
STU-14685,1.0,-0.7308447937131632,-0.8076066472503005,-0.010282776349615089,-0.13445017182130634,-0.18787878787878814,-0.6563039723661486,0.0,3.0,4.13
STU-11755,0.2,-0.16188605108055001,-0.30255268117183526,0.21593830334190225,0.14132302405498257,-1.0181818181818183,0.40759930915371345,1.0,1.0,4.02
STU-12221,-0.2,0.050294695481336006,0.48826451944491933,-0.802056555269923,0.014604810996563118,0.09090909090909056,-0.8497409326424872,0.0,2.0,4.53
STU-14307,0.2,-0.8691552062868371,-1.0556792873051235,-1.1516709511568122,-0.6731099656357393,0.745454545454545,-0.19113413932066786,1.0,4.0,3.25
STU-14447,0.2,0.9493123772102161,0.36559876648963463,0.030848329048842524,0.06872852233676956,-0.07878787878787871,0.0,1.0,2.0,5.59
STU-11435,0.2,-1.0483300589390965,0.2004454342984398,-0.18508997429305973,-0.6791237113402067,1.254545454545454,-0.7345998848589523,0.0,1.0,4.11
STU-11574,0.8,0.45893909626719065,0.7109816686654092,-0.44215938303341956,0.5270618556701032,0.0,0.667818077144502,0.0,3.0,4.53
STU-10300,-0.2,-0.34106090373280945,-0.6383416138427283,0.2570694087403599,-0.755154639175258,-0.4303030303030302,-0.14047207829591238,1.0,2.0,4.59
STU-13557,-0.8,0.9917485265225933,0.6486208668836724,0.26735218508997405,0.5270618556701032,0.13939393939393907,-0.5987334484743811,0.0,0.0,5.47
STU-12475,-0.2,-0.2813359528487229,-1.3448689395237288,-1.3161953727506428,0.119845360824742,-0.23030303030303018,-0.7645365572826713,0.0,2.0,3.45
STU-10553,1.2,0.13202357563850686,0.8350179886928207,0.20565552699228715,0.16795532646048106,0.21818181818181778,-0.16810592976396077,0.0,4.0,3.95
STU-10333,-0.6,0.619253438113949,0.2628062360801777,0.18508997429305882,-0.09793814432989702,-0.8909090909090911,0.356937248128958,1.0,4.0,4.26
STU-12438,0.4,0.22003929273084488,0.028439266746615864,1.1413881748071972,-0.16623711340206215,-0.6848484848484846,-0.5572826712723087,1.0,4.0,4.46
STU-12775,-0.8,0.5988212180746564,0.39712180914853434,0.26735218508997405,0.36683848797250845,0.13939393939393907,-0.7737478411053541,0.0,2.0,4.77
STU-14259,-1.0,0.3159135559921415,0.541716635257837,0.32904884318766,-1.491408934707905,-1.242424242424242,-0.27403569372481285,0.0,0.0,3.39
STU-13673,-0.4,-0.3237721021611003,0.0,1.3059125964010276,-0.3127147766323026,-1.4484848484848485,-0.5020149683362118,0.0,3.0,4.84
STU-12892,0.2,-0.275049115913556,-0.33750214151105096,1.00771208226221,0.0,-0.03030303030303019,-0.08290155440414496,0.0,3.0,4.41
STU-11972,-1.0,-0.8125736738703341,-1.856775740962824,-0.5244215938303348,-1.8810137457044687,-1.0909090909090906,0.041450777202072686,0.0,4.0,1.59
STU-10504,1.4,0.7214145383104127,0.334075723830734,0.3187660668380458,-0.9029209621993136,0.7333333333333332,0.0,1.0,3.0,4.45
STU-14195,-0.4,0.8675834970530453,0.0551653246530747,1.203084832904884,0.42010309278350544,0.38181818181818167,0.2118595279217041,0.0,0.0,4.79
STU-11591,0.0,-0.545383104125737,0.016789446633543967,-0.2982005141388175,-0.2603092783505157,-0.24848484848484853,-0.8566493955094993,0.0,3.0,3.12
STU-12485,-1.0,0.4557956777996072,0.74935754668494,0.7712082262210795,0.5270618556701032,-0.24848484848484853,-0.8981001727115718,0.0,2.0,5.55
STU-10931,0.4,-0.7041257367387035,-0.4231625835189317,0.2570694087403599,0.22250859106529192,-0.03636363636363666,-0.6125503742084053,0.0,3.0,4.19
STU-10261,1.6,0.13516699410609032,0.0,-0.534704370179949,-0.5034364261168387,-0.6363636363636361,0.16580310880829013,1.0,0.0,2.99
STU-10818,-1.0,-0.6129666011787821,0.9988007538118888,0.2879177377892024,-0.07001718213058465,-0.006060606060606468,-0.4122049510650548,0.0,4.0,4.54
STU-14803,0.2,-1.475834970530452,-2.045228713380162,-2.0154241645244215,-0.3505154639175264,0.7818181818181816,-0.538860103626943,0.0,3.0,2.3
STU-14366,0.0,0.6711198428290767,0.30803494946033855,1.3059125964010276,0.5270618556701032,-0.17575757575757575,-0.5895221646516984,1.0,4.0,4.91
STU-12320,0.4,0.42907662082514747,0.005824910056535463,-0.2879177377892033,0.5270618556701032,0.8606060606060598,0.9096142774899253,0.0,2.0,4.48
STU-14623,-0.4,-0.3646365422396858,-0.13602878190851558,-0.6375321336760925,0.15034364261168393,0.38181818181818167,-0.2878526194588371,0.0,3.0,3.39
STU-13976,-1.0,1.2495088408644401,-0.7541545314373829,0.6889460154241643,0.5270618556701032,1.8909090909090907,0.6793321819228556,1.0,1.0,5.13
STU-11328,-0.6,0.44950884086444004,-0.4855233853006687,-0.5552699228791773,-0.19845360824742297,0.38181818181818167,0.0069084628670121485,1.0,3.0,4.78
STU-11695,-1.0,0.7387033398821218,0.46016789446633466,0.6683804627249351,0.5270618556701032,-0.6,1.1214738054116293,0.0,4.0,5.41
STU-11736,0.6,0.8267190569744601,0.0,0.4832904884318763,0.5270618556701032,-0.703030303030303,-0.5066206102475532,0.0,0.0,5.65
STU-13042,-0.2,0.7308447937131629,0.3930101079321559,0.9254498714652949,0.5270618556701032,1.5696969696969687,2.0241796200345425,0.0,3.0,4.99
STU-12936,-0.6,-0.9744597249508843,-0.40603049511735556,-0.6169665809768642,-1.3337628865979392,-0.012121212121212399,0.5987334484743814,0.0,2.0,2.43
STU-11032,-0.6,-0.045579567779960584,0.9988007538118888,0.3804627249357318,-0.2255154639175259,-0.5696969696969698,0.2993667242371906,0.0,1.0,5.02
STU-12427,-0.6,-0.3567779960707269,-0.9275312660613335,0.4832904884318763,-0.13359106529209627,1.4121212121212112,-0.03684513529073118,0.0,2.0,3.54
STU-10899,-0.8,-0.19960707269155203,0.9988007538118888,-0.1439588688946021,-0.45833333333333365,0.5151515151515148,0.2855497985031665,0.0,4.0,3.87
STU-12998,-0.8,1.7320235756385072,0.7877334247044707,-0.16452442159383046,0.5270618556701032,-0.5272727272727272,0.02763385146804839,0.0,4.0,5.62
STU-10784,-0.6,-0.5736738703339883,-0.8089772143224263,0.37017994858611764,-0.5927835051546394,1.3030303030303023,-0.2210708117443869,0.0,3.0,4.01
STU-12219,0.2,-0.7544204322200394,0.16069898920678324,0.05141388174807179,0.5017182130584192,0.7757575757575758,0.12204951065054699,0.0,2.0,4.21
STU-13987,1.0,-0.6726915520628686,0.5787219462052419,0.7814910025706937,0.4806701030927837,0.642424242424242,-0.08290155440414496,0.0,3.0,4.78
STU-10268,1.2,0.1964636542239686,-0.07709439780709365,0.6992287917737785,0.0,-0.23030303030303018,0.0,1.0,4.0,4.58
STU-10107,0.8,-0.2090373280943026,-0.5848894980298105,-0.21593830334190317,-0.48453608247422714,-0.1333333333333337,-0.4812895797351756,0.0,4.0,3.63
STU-12278,-1.0,-0.6978388998035365,0.8144594826109296,-0.8431876606683806,0.03479381443298981,0.22424242424242427,1.4415659182498564,1.0,4.0,4.32
STU-10425,-0.8,-0.22946954813359546,-0.38752783964365356,0.4832904884318763,0.17783505154639187,-0.6303030303030301,1.2780656303972369,0.0,0.0,4.51
STU-14261,1.0,-0.8990176817288803,0.4430358060647585,0.10282776349614357,0.40764604810996563,-1.0121212121212118,0.845135290731146,0.0,3.0,3.83
STU-14942,-0.6,-0.20275049115913546,-0.1730340928559195,-0.06169665809768688,-0.8243127147766327,-0.9393939393939391,0.3385146804835924,1.0,1.0,3.0
STU-13423,0.4,0.13045186640471515,-0.8124036320027423,0.5964010282776341,0.14819587628866,-0.3090909090909094,1.2181922855497986,0.0,2.0,3.96
STU-13465,-0.6,0.16817288801571717,-0.09080006852835477,-0.2776349614395891,0.5270618556701032,-0.2,2.1565918249856075,1.0,2.0,4.22
STU-12487,0.0,0.09115913555992144,0.5526811718348454,-0.3393316195372751,0.1722508591065289,-0.8060606060606059,0.6378814047207831,0.0,4.0,4.46
STU-14253,0.8,1.5418467583497053,0.9103991776597554,0.0,0.5270618556701032,-0.33939393939393964,-0.5664939550949915,0.0,2.0,5.57
STU-14279,0.6,-0.4667976424361495,0.8254240191879381,0.0,0.35266323024054974,-0.9939393939393941,-0.24640184225676443,0.0,0.0,3.62
STU-13093,-0.4,0.4652259332023578,0.19016618125749468,0.730077120822622,0.0,-0.6666666666666669,-1.0961427748992516,1.0,4.0,5.11
STU-13755,-0.4,0.37406679764243633,0.9988007538118888,0.10282776349614357,-0.1877147766323027,0.0,-0.43983880253310303,1.0,1.0,4.42
STU-12435,0.4,0.40392927308447946,0.2977556964193924,-0.3393316195372751,0.245704467353952,1.2060606060606054,0.0,1.0,3.0,4.83
STU-14778,-0.4,0.2860510805500983,0.1373993489806404,-1.347043701799486,-0.029209621993127457,-0.8484848484848485,0.8474381116868166,1.0,1.0,3.95
STU-10709,1.6,-0.15088408644400803,0.9988007538118888,-0.2365038560411315,0.05240549828178692,-0.06666666666666685,0.11974668969487635,0.0,0.0,4.88
STU-12520,-0.6,-0.11316306483300602,0.0544800411170113,0.08226221079691431,-0.38831615120274965,0.41212121212121183,1.0477835348301672,0.0,4.0,4.22
STU-10249,-1.0,0.337917485265226,0.8261093027240015,-0.041131105398457615,0.5270618556701032,-1.436363636363636,1.268854346574554,1.0,3.0,4.26
STU-14255,0.4,0.4777996070726915,0.03049511735480508,0.8946015424164515,0.5270618556701032,-0.4181818181818183,-0.8405296488198044,0.0,2.0,5.3
STU-12671,0.2,0.26247544204322204,0.47867054994003666,0.13367609254498702,-0.1829896907216498,-0.696969696969697,-0.4375359815774324,0.0,2.0,3.59
STU-14786,-0.4,0.7277013752455795,-0.06133287647764332,-0.21593830334190317,0.0,1.8181818181818172,-0.48589522164651705,1.0,3.0,4.74
STU-14660,-1.0,-0.9178781925343813,-0.1161555593626868,-0.2570694087403599,0.0,1.1212121212121213,1.8330454807138747,0.0,0.0,3.96
STU-13993,-0.4,-0.47308447937131637,-0.3573753640568797,-1.2236503856041134,-0.444158075601375,-0.37575757575757573,-0.9303396660909615,0.0,2.0,2.62
STU-12448,-1.0,0.5406679764243615,0.7102963851293469,-0.08226221079691523,0.5270618556701032,1.0666666666666658,0.04605641911341398,1.0,1.0,4.57
STU-13741,-1.0,0.2813359528487229,0.9878362172348804,-0.26735218508997494,0.15077319587628835,-0.6121212121212124,-0.5526770293609673,0.0,3.0,4.51
STU-13593,0.8,-0.05186640471512772,0.35600479698475196,-0.6375321336760925,0.5270618556701032,-0.7151515151515153,-0.13816925734024174,0.0,4.0,3.78
STU-14017,-0.8,0.5799607072691553,-0.6780880589343847,0.20565552699228715,0.5270618556701032,0.23030303030303018,0.0,0.0,4.0,3.6
STU-11813,0.4,0.8660117878192538,0.450573924961452,1.2750642673521841,0.5270618556701032,0.0,0.2671272308578009,0.0,4.0,5.95
STU-12189,0.6,0.0738703339882123,-0.5711838273085494,-0.6889460154241652,0.14733676975944993,-1.3696969696969699,-0.66090961427749,0.0,2.0,3.14
STU-10146,1.2,1.0121807465618864,0.9720746959054299,0.07197943444730014,0.5270618556701032,0.4727272727272722,-0.10592976396085205,1.0,2.0,5.11
STU-13626,0.2,0.6428290766208252,0.0,0.5449871465295623,-0.22637457044673595,1.3212121212121213,-0.01842256764536559,0.0,3.0,4.91
STU-10911,-1.0,0.6003929273084481,0.06818571183827242,-0.11311053984575867,-0.5330756013745712,0.7818181818181816,0.0,1.0,4.0,4.87
STU-11996,0.4,0.9367387033398824,0.9988007538118888,0.2570694087403599,0.5270618556701032,0.36969696969696925,-0.5250431778929189,0.0,0.0,5.25
STU-13918,-0.2,0.933595284872299,0.9988007538118888,-0.06169665809768688,0.5270618556701032,-0.06060606060606091,0.508923431203224,0.0,1.0,4.68
STU-11230,1.2,-0.5783889980353635,-0.2881617269145117,-0.13367609254498794,-0.5678694158075605,0.3272727272727272,-0.9050086355785838,1.0,0.0,4.62
STU-10876,1.2,0.32534381139489205,-0.022271714922050163,0.010282776349614175,0.024914089347078977,0.5212121212121208,-0.09211283822682775,0.0,3.0,4.69
STU-10349,-0.8,-0.44950884086444004,-1.1296899091999324,0.7506426735218503,0.0,-0.7939393939393941,-0.25561312607944725,0.0,4.0,4.41
STU-11945,0.0,-0.46365422396856576,-0.7198903546342306,0.08226221079691431,-0.9699312714776637,0.9878787878787876,-0.729994242947611,0.0,2.0,3.19
STU-12142,0.8,-0.14459724950884087,-0.5101935925989383,-1.542416452442159,-0.39862542955326485,-0.33939393939393964,-0.31778929188255617,0.0,0.0,3.53
STU-14058,0.4,-0.8188605108055012,-0.09628233681685902,-0.22622107969151733,-0.13273195876288682,0.0,0.0,0.0,4.0,4.07
STU-13779,0.0,-0.35206286836935174,-0.4375535377762552,0.34961439588688925,-0.2474226804123715,-1.0606060606060603,-0.21876799078871625,1.0,2.0,4.34
STU-14528,-0.2,-1.4035363457760317,-1.3613157443892416,-1.0796915167095122,0.0,-0.6181818181818183,-0.538860103626943,0.0,3.0,2.85
STU-14119,1.2,-0.7056974459724953,-1.1084461195819777,-1.8817480719794346,-1.124140893470791,-0.4181818181818183,0.6424870466321244,0.0,3.0,2.71
STU-10086,-0.6,0.3913555992141455,-0.9062874764433789,0.6066838046272491,0.5270618556701032,0.8666666666666668,-0.09441565918249861,0.0,3.0,4.17
STU-13662,0.8,0.49980353634577607,0.007880760664724679,-0.7300771208226229,0.5270618556701032,0.8727272727272728,0.7921704087507199,0.0,0.0,5.18
STU-14080,1.2,-0.2577603143418469,-0.0592770258694541,-0.3701799485861185,-0.08204467353951941,0.0,0.0,0.0,2.0,3.51
STU-14235,0.0,0.04243614931237715,-1.2530409456912803,-0.6272493573264784,-0.8475085910652927,-1.3575757575757574,-0.8244099021301095,0.0,1.0,2.97
STU-10057,0.0,0.5783889980353635,0.9988007538118888,0.6375321336760916,0.5270618556701032,-0.4606060606060609,2.1565918249856075,0.0,4.0,6.07
STU-13164,-1.0,0.6459724950884087,-0.9193078636285766,-0.6375321336760925,0.2173539518900346,0.13333333333333316,-0.26021876799078875,0.0,0.0,3.08
STU-13475,-0.2,0.631827111984283,-0.44029467192050786,-0.5758354755784066,0.5270618556701032,-0.9636363636363633,2.1565918249856075,1.0,4.0,4.39
STU-14479,0.6,0.4243614931237721,0.07503854719890249,0.3393316195372742,0.23754295532646066,-0.2909090909090911,-0.5664939550949915,0.0,4.0,4.43
STU-12822,-0.2,-0.19017681728880173,0.9988007538118888,-0.3804627249357327,-0.5326460481099662,-0.3212121212121213,1.172135866436385,0.0,0.0,4.06
STU-10000,1.0,0.12573673870334,0.49922905602192785,0.1439588688946012,-0.21649484536082514,0.42424242424242425,2.031088082901555,0.0,2.0,3.55
STU-13205,0.0,0.42278978388998034,0.7849922905602181,-0.18508997429305973,0.5270618556701032,-0.7454545454545456,-0.6885434657455384,0.0,4.0,5.66
STU-10474,-0.6,-1.4271119842829079,-1.2475586774027763,-1.1413881748071981,-0.951030927835052,0.7090909090909083,-0.34772596430627517,0.0,3.0,3.06
STU-11151,0.2,-0.05343811394891944,0.19496316600993555,-0.08226221079691523,-0.2396907216494846,-0.31515151515151535,0.03454231433506054,0.0,2.0,3.34
STU-13574,1.4,-1.0341846758349706,-1.0207298269659077,-1.0488431876606688,-0.8689862542955333,0.09696969696969704,0.5710995970063327,0.0,4.0,2.59
STU-11542,-0.4,-0.7308447937131632,-0.04420078807606717,-0.5244215938303348,-0.3079896907216497,0.3212121212121208,0.38917674150834786,1.0,4.0,3.55
STU-11628,0.6,0.44479371316306493,-0.15316087031009173,0.5449871465295623,-0.03049828178694194,0.0,-0.6033390903857225,0.0,2.0,4.76
STU-11846,1.2,0.7921414538310413,0.793215692992975,0.24678663239074478,-0.14905498281786944,0.0,0.5204375359815777,1.0,1.0,5.27
STU-14736,0.6,-0.6538310412573676,-0.9172520130203875,-0.4113110539845761,0.2242268041237114,-0.2424242424242426,-1.0823258491652274,1.0,2.0,4.19
STU-11346,-0.4,0.4557956777996072,0.30940551653246434,-0.3290488431876609,0.5270618556701032,-0.9272727272727272,1.3195164075993093,0.0,3.0,4.67
STU-11941,-1.0,0.0,-0.8823025526811727,-0.40102827763496196,-0.7787800687285232,-0.4303030303030302,-0.16119746689694883,1.0,0.0,2.94
STU-12059,0.6,-0.29862475442043235,0.0,-0.03084832904884344,-0.3092783505154642,-0.13939393939393963,0.5641911341393208,0.0,4.0,3.88
STU-11148,-0.2,0.9430255402750493,0.2854205927702581,-0.10282776349614449,0.5270618556701032,0.07272727272727278,-0.9441565918249857,0.0,1.0,4.91
STU-13201,-1.0,1.2998035363457763,0.45742676032208207,-0.6992287917737794,0.5270618556701032,1.4303030303030302,0.15889464594127817,0.0,2.0,5.45
STU-11219,-0.6,0.2090373280943026,0.5382902175775219,0.5141388174807198,-0.047680412371134025,-0.3212121212121213,-0.8635578583765113,0.0,4.0,5.54
STU-13184,-0.2,-0.06915520628683687,0.8096624978584878,0.730077120822622,-0.17697594501718242,0.23030303030303018,0.19113413932066786,0.0,1.0,4.41
STU-10974,1.0,-0.3457760314341846,0.9988007538118888,0.0,0.32560137457044686,-0.18787878787878814,-0.5434657455382844,1.0,4.0,3.7
STU-13745,-0.4,-0.03929273084479372,0.6952201473359589,-0.3907455012853478,0.2006013745704469,1.3939393939393936,1.3886010362694303,0.0,1.0,4.41
STU-11969,-0.2,-1.7288801571709236,-1.154360116498202,-0.8637532133676099,-1.0433848797250869,-0.2848484848484852,-0.15198618307426603,1.0,4.0,2.96
STU-13012,0.2,1.3296660117878196,-0.056535891725202465,-0.9254498714652959,0.5270618556701032,0.3212121212121208,1.3701784686240648,0.0,1.0,5.76
STU-11272,-0.2,-1.0844793713163068,-0.5540517389069732,-0.4832904884318772,-1.056271477663231,-1.103030303030303,-0.08290155440414496,0.0,0.0,3.3
STU-13962,-1.0,-0.007858546168958855,0.46976186397121733,-0.9357326478149101,0.23539518900343612,-0.4,0.31778929188255617,0.0,4.0,3.49
STU-12039,1.0,0.09273084479371316,-0.06955627891040018,0.462724935732647,-0.08891752577319624,-1.4484848484848485,-0.02763385146804839,0.0,3.0,4.55
STU-13818,-1.0,-0.2703339882121809,0.03323625149905672,0.6786632390745493,-0.33934707903780115,1.145454545454545,-0.2832469775474956,0.0,3.0,4.3
STU-11702,0.6,0.3096267190569746,0.5348637998972069,1.3059125964010276,-1.13831615120275,-0.8060606060606059,0.3937823834196892,0.0,1.0,3.45
STU-13282,-1.0,0.4086444007858546,-0.9597395922562967,-0.4935732647814914,0.5270618556701032,0.848484848484848,-0.5043177892918826,1.0,3.0,4.86
STU-13704,0.2,-0.26247544204322204,-0.49032037005311047,0.07197943444730014,-0.5708762886597945,-0.06060606060606091,1.7409326424870468,1.0,3.0,3.99
STU-11882,-1.0,0.3489194499017683,-0.2730854891211248,-0.31876606683804676,0.5270618556701032,-0.042424242424242586,0.6240644789867589,0.0,0.0,5.03
STU-12191,-0.4,-0.5202357563850689,-1.5024841528182291,-0.60668380462725,-1.2620274914089356,-0.9878787878787876,0.48359240069084647,0.0,1.0,2.9
STU-12929,-1.0,0.8031434184675835,0.9988007538118888,0.863753213367609,0.5270618556701032,-0.909090909090909,0.2717328727691424,0.0,3.0,4.77
STU-14498,0.0,0.2216110019646366,-0.33750214151105096,-0.7609254498714654,0.07817869415807535,0.21212121212121185,-0.5734024179620035,0.0,0.0,3.94
STU-10373,0.6,-0.9933202357563853,0.20455713551481822,0.9562982005141384,-1.0889175257731964,-1.296969696969697,0.062176165803108925,0.0,1.0,3.77
STU-14023,0.2,0.3064833005893909,-1.4826109302724009,0.462724935732647,-0.25171821305841935,0.2606060606060604,-0.011514104778353443,1.0,4.0,4.3
STU-10760,1.0,-0.35834970530451865,-1.0145622751413401,-0.4215938303341903,0.0,0.012121212121211861,-0.6033390903857225,0.0,1.0,3.59
STU-13986,0.0,-1.3752455795677803,-1.6415967106390277,-1.4293059125964014,-0.5137457044673546,-0.7575757575757575,0.2210708117443869,0.0,2.0,2.03
STU-10423,1.0,1.3218074656188608,0.9988007538118888,0.4318766066838045,0.5270618556701032,-0.40606060606060596,0.0,0.0,0.0,4.66
STU-12377,1.0,-0.719842829076621,-0.008566044200789049,-0.40102827763496196,-0.587628865979382,0.1878787878787876,0.04375359815774333,0.0,4.0,4.09
STU-10847,0.2,0.03929273084479372,-0.16686654103135284,-0.8740359897172241,-0.3500859106529214,0.303030303030303,2.021876799078872,0.0,0.0,4.1
STU-11801,0.2,-0.2561886051080552,0.6623265376049334,-0.3393316195372751,-0.9884020618556709,0.6909090909090906,-0.2302820955670697,0.0,1.0,2.82
STU-14609,0.6,-0.9100196463654225,-0.9885215007709447,-1.264781491002571,-0.5347938144329901,0.0,0.2579159470351181,1.0,2.0,3.68
STU-13636,0.8,1.6172888015717093,0.9364399520301518,0.6683804627249351,0.5270618556701032,-0.5393939393939396,-0.6793321819228555,0.0,4.0,5.63
STU-11106,0.8,1.7100196463654225,0.5513106047627196,0.34961439588688925,0.5270618556701032,0.20606060606060592,-0.9694876223373634,0.0,4.0,5.58
STU-12923,0.2,0.5013752455795678,0.2840500256981313,0.15424164524421538,0.0025773195876289652,0.46060606060606035,-0.8105929763960853,0.0,2.0,4.26
STU-12674,0.2,0.37406679764243633,-0.585574781565874,-0.13367609254498794,0.5270618556701032,-1.2545454545454544,0.9579735175590102,0.0,1.0,2.85
STU-13016,0.2,-0.39607072691552064,0.2778824738735647,0.3187660668380458,0.44673539518900335,-1.3696969696969699,1.8008059873344848,1.0,4.0,4.29
STU-10714,0.6,-0.12259332023575631,0.7473016960767508,0.2570694087403599,-0.4256872852233684,0.9151515151515143,0.6056419113413932,0.0,1.0,3.72
STU-13819,2.1,-0.39764243614931233,0.8651704642795947,-0.30848329048843254,0.5270618556701032,-0.6484848484848486,1.268854346574554,0.0,2.0,4.22
STU-13167,0.0,-0.3724950884086443,0.49991433955799125,0.0,-0.3767182130584199,0.5272727272727272,0.601036269430052,1.0,0.0,4.71
STU-14334,0.6,0.8000000000000002,0.42521843412711896,-0.30848329048843254,0.5270618556701032,-1.83030303030303,2.1565918249856075,0.0,0.0,4.92
STU-11418,0.4,0.3803536345776032,0.2785677574096271,-0.4318766066838054,0.42053264604810986,0.15757575757575742,-0.4605641911341394,1.0,4.0,4.26
STU-11718,-1.0,-1.5497053045186642,-0.8452972417337679,-0.020565552699229262,-2.0671713917525785,-0.10909090909090943,-0.6770293609671849,0.0,0.0,2.72
STU-11845,-0.4,0.10687622789783888,0.7603220832619485,0.6375321336760916,0.029209621993126846,0.18181818181818168,1.1099597006332758,0.0,0.0,4.73
STU-14397,-0.4,0.5548133595284872,0.9988007538118888,0.462724935732647,0.011597938144329733,0.1878787878787876,-0.0805987334484743,0.0,4.0,5.03
STU-10503,-0.6,-1.456974459724951,-2.1162412198046945,-1.0796915167095122,-1.1761168384879732,0.5090909090909089,0.6793321819228556,0.0,2.0,1.42
STU-11087,0.8,-0.6176817288801573,-0.5314373822168929,0.09254498714652941,-0.9256872852233681,0.7151515151515153,0.20495106505469216,0.0,0.0,3.33
STU-12643,-1.0,0.15245579567779974,-0.36559876648963563,-0.5655526992287925,0.3943298969072164,1.0909090909090906,0.08750719631548647,0.0,2.0,4.29
STU-12844,-0.8,0.8000000000000002,0.18742504711324207,0.6169665809768633,0.5270618556701032,0.13333333333333316,-0.7369027058146229,1.0,1.0,5.16
STU-12234,-0.8,0.8722986247544207,0.9988007538118888,0.3598971722365034,0.5270618556701032,0.7272727272727272,0.8082901554404148,0.0,1.0,5.2
STU-10228,0.2,0.22003929273084488,0.15316087031008976,1.3059125964010276,0.30841924398625414,-0.3212121212121213,-0.8727691421991941,1.0,0.0,5.26
STU-12871,0.6,-0.8377210216110021,-1.343498372451603,-0.3804627249357327,-0.35266323024055035,0.9696969696969698,0.518134715025907,0.0,4.0,3.33
STU-14282,-0.6,-1.2290766208251476,-0.541716635257839,-0.7712082262210795,-0.7727663230240558,0.5636363636363634,-0.6931491076568798,0.0,0.0,3.78
STU-12242,0.0,-0.34106090373280945,-0.3820455713551493,-0.740359897172237,0.5270618556701032,-0.5151515151515154,2.01496833621186,0.0,4.0,3.83
STU-14254,0.2,-0.6711198428290767,-0.17646051053623552,-0.3496143958868902,-0.7229381443298972,0.28484848484848463,1.1099597006332758,0.0,3.0,3.44
STU-14593,-0.2,-0.6428290766208252,0.3169436354291578,0.10282776349614357,0.07689003436426087,1.1090909090909085,-0.24179620034542315,0.0,4.0,4.25
STU-11993,-0.2,-0.025147347740668003,0.9988007538118888,0.37017994858611764,0.07474226804123693,-0.5515151515151515,0.0,1.0,3.0,4.27
STU-14985,0.0,-0.7151277013752456,0.1675518245674143,0.20565552699228715,-0.8956185567010317,-0.5333333333333331,0.10592976396085205,0.0,2.0,3.49
STU-13969,0.0,-0.0031434184675834306,-0.023642281994175986,-0.4935732647814914,0.3423539518900345,-0.2121212121212124,-0.13816925734024174,0.0,0.0,4.39
STU-11403,0.0,-0.6946954813359529,0.09285591913654204,-0.2776349614395891,-1.0592783505154646,-0.6242424242424243,0.3293033966609098,1.0,0.0,3.22
STU-13350,-0.6,0.36149312377210235,0.04214493746787698,1.3059125964010276,0.5077319587628866,-0.2121212121212124,-0.2993667242371906,0.0,0.0,5.7
STU-13903,-0.6,-0.3080550098231829,-0.840500256981327,0.5449871465295623,-0.20575601374570485,0.38181818181818167,0.28324697754749584,0.0,3.0,3.88
STU-14871,0.4,0.37721021611001976,-0.6321740620181605,-0.44215938303341956,-0.419243986254296,-0.06666666666666685,2.1565918249856075,1.0,4.0,3.86
STU-11174,0.4,-0.26876227897838917,-0.3073496659242771,-0.010282776349615089,-1.0270618556701039,-0.1515151515151515,1.1836499712147381,0.0,3.0,3.89
STU-11122,-0.8,-0.8298624754420434,-0.10039403803323745,0.4010282776349611,-0.059278350515464366,0.9333333333333331,0.5757052389176744,0.0,4.0,3.88
STU-10515,-0.4,0.09430255402750487,0.11547027582662243,-0.3393316195372751,0.03951890034364271,0.8787878787878787,1.248128957973518,1.0,1.0,3.56
STU-12275,-0.2,-0.12416502946954802,0.928216549597395,-0.6375321336760925,0.42482817869415834,1.0606060606060599,0.15428900402993667,1.0,4.0,4.38
STU-14346,-0.6,0.20432220039292745,-1.9253040945691287,-0.03084832904884344,0.5270618556701032,-0.20606060606060592,-0.09671848013816925,0.0,4.0,4.36
STU-13240,0.8,0.7402750491159138,-0.02843926674661684,-0.8637532133676099,0.2525773195876288,0.945454545454545,1.004029936672424,0.0,0.0,4.47
STU-14700,-1.0,0.6098231827111986,0.5485694706184681,0.8226221079691514,-0.5717353951890038,-0.18181818181818168,0.09441565918249861,0.0,3.0,4.6
STU-10924,1.6,0.0,-1.0529381531608708,-0.0514138817480727,-0.49226804123711404,-0.08484848484848517,-0.7622337363270006,0.0,1.0,3.79
STU-11039,0.0,0.31434184675834975,0.3169436354291578,0.18508997429305882,0.5270618556701032,0.38181818181818167,0.10362694300518141,1.0,3.0,4.51
STU-11921,-0.4,-1.0121807465618864,0.2586945348637993,-1.1722365038560416,-0.1121134020618557,0.21818181818181778,-0.29015544041450775,1.0,3.0,3.92
STU-11650,0.8,0.03929273084479372,-0.5136200102792533,0.7814910025706937,0.0,-1.0545454545454545,0.08059873344847451,0.0,4.0,4.96
STU-11899,-1.0,0.6648330058939098,0.32927873907829314,0.6889460154241643,0.5270618556701032,0.04242424242424205,0.736902705814623,0.0,4.0,4.98
STU-10216,0.2,0.2860510805500983,-0.42042144937467907,-1.7789203084832907,0.19329896907216507,-1.0121212121212118,0.12895797351755914,0.0,2.0,3.41
STU-14967,0.2,0.5846758349705307,0.1223231111872525,0.5038560411311046,0.5270618556701032,-0.29696969696969705,-0.2694300518134715,1.0,4.0,4.59
STU-14085,-0.4,-0.3929273084479372,0.46496487921877555,0.8226221079691514,-0.3582474226804127,0.8727272727272728,-0.9004029936672425,0.0,3.0,3.9
STU-11497,-0.8,-0.7277013752455797,-0.6157272571526478,-0.7197943444730078,-0.9776632302405506,0.8787878787878787,1.4047207829591253,0.0,0.0,3.09
STU-11858,2.1,0.5155206286836935,-1.1152989549426078,0.6272493573264775,0.39518900343642643,-1.242424242424242,0.05757052389176742,0.0,4.0,4.15
STU-11888,-0.2,0.08172888015717086,-0.24841528182285516,1.3059125964010276,-1.0459621993127155,1.6181818181818173,-0.06217616580310872,1.0,3.0,5.04
STU-13726,0.0,-0.1948919449901769,0.0,-0.7506426735218512,-0.6619415807560146,-0.22424242424242427,0.0,0.0,4.0,3.07
STU-10391,-0.2,-0.8000000000000002,-2.0150762377933873,-0.7609254498714654,-0.5966494845360828,0.4363636363636361,0.08290155440414516,0.0,3.0,2.21
STU-10150,-0.4,0.023575638506876287,0.051738906972759666,-1.1208226221079698,-0.6189862542955334,-0.3696969696969698,-0.5135290731145654,0.0,4.0,3.54
STU-10819,0.0,0.0,-0.8363885557649485,-0.1953727506426739,-0.6335910652920965,-0.6121212121212124,0.4858952216465171,1.0,0.0,3.88
STU-13044,1.8,-0.06444007858546172,0.22100394038033194,-0.9562982005141393,0.5270618556701032,0.2363636363636361,0.11053540587219356,1.0,3.0,4.14
STU-13150,-1.0,-0.1603143418467583,-0.8548912112386505,-1.2442159383033427,-0.4866838487972511,0.345454545454545,0.4122049510650548,0.0,4.0,3.06
STU-13998,0.4,-0.35834970530451865,0.8864142538975492,1.1413881748071972,0.07689003436426087,-0.8727272727272728,-0.2164651698330454,0.0,0.0,5.36
STU-14773,0.2,1.441257367387034,0.18948089772143129,0.730077120822622,0.5270618556701032,0.145454545454545,0.9671848013816927,0.0,4.0,5.59
STU-10983,0.0,0.0,-0.3018673976357728,-0.8329048843187664,-0.44029209621993154,0.35757575757575744,2.0932642487046635,1.0,4.0,3.89
STU-12535,-0.8,1.1536345776031436,0.9988007538118888,0.0,0.5270618556701032,0.5030303030303029,0.08290155440414516,1.0,1.0,5.58
STU-13433,0.4,1.5135559921414539,0.6917937296556439,0.6889460154241643,0.5270618556701032,0.7636363636363628,-0.0990213010938399,1.0,4.0,5.7
STU-13525,0.0,-0.5233791748526524,-0.5883159157101255,-0.6889460154241652,0.5270618556701032,1.0121212121212113,-0.36384571099597013,0.0,2.0,4.45
STU-12661,0.0,-1.3422396856581533,-0.34983724516018627,-0.010282776349615089,-1.1340206185567019,-0.9151515151515154,0.06447898675877957,1.0,3.0,3.65
STU-14375,1.0,0.2561886051080552,-0.20044543429844175,0.5244215938303339,-0.9291237113402071,-0.3272727272727272,-0.713874496257916,1.0,3.0,3.58
STU-14895,0.4,0.11316306483300602,-0.5519958882987841,0.061696658097685965,0.5270618556701032,-1.4545454545454544,0.677029360967185,0.0,2.0,4.1
STU-10569,0.4,0.8770137524557956,0.4190508823025523,0.0,0.23281786941580776,0.36363636363636337,-0.25331030512377656,0.0,4.0,4.36
STU-11512,-0.4,0.42121807465618866,-0.6198389583690262,0.0,0.072594501718213,-0.7090909090909089,-0.4237190558434082,1.0,4.0,3.63
STU-14213,1.0,1.0640471512770138,0.9988007538118888,0.7506426735218503,0.5270618556701032,-0.8181818181818183,1.1260794473229707,1.0,1.0,5.53
STU-13720,1.6,0.3693516699410609,0.9069727599794404,0.8740359897172232,0.5270618556701032,-0.48484848484848464,-0.6056419113413932,1.0,2.0,4.81
STU-10029,0.8,-0.2451866404715129,0.0,0.8226221079691514,-0.2156357388316157,-0.27272727272727276,-0.05987334484743807,1.0,0.0,5.46
STU-12412,1.6,-0.42907662082514747,0.21552167209182674,-0.9254498714652959,0.18943298969072161,-0.2424242424242426,0.601036269430052,0.0,2.0,3.64
STU-13213,0.0,0.9414538310412572,0.8363885557649466,-0.03084832904884344,0.5270618556701032,0.1515151515151515,0.8128957973517561,0.0,3.0,5.6
STU-12009,-0.6,-0.4542239685658155,-0.5478841870824056,-0.07197943444730105,-0.08977663230240569,-0.6242424242424243,-1.001727115716753,0.0,2.0,3.67
STU-11413,-1.0,-0.9461689587426327,0.5842042144937462,-0.9357326478149101,-0.7255154639175262,0.03636363636363612,-0.8290155440414508,1.0,3.0,3.99
STU-11166,0.4,0.46994106090373294,-0.5506253212266582,0.8946015424164515,0.11125429553264565,0.46060606060606035,0.03454231433506054,1.0,3.0,4.71
STU-11681,-0.2,1.1442043222003933,0.9988007538118888,0.7095115681233927,0.5270618556701032,-1.1272727272727272,1.063903281519862,1.0,3.0,5.58
STU-12452,-0.6,0.3457760314341846,0.8781908514647924,1.0694087403598962,0.5270618556701032,0.16969696969696926,0.515831894070236,1.0,4.0,5.51
STU-14924,-1.0,-1.0278978388998037,-1.1468219976015084,-0.9562982005141393,-0.6258591065292103,0.145454545454545,-0.3200921128382268,1.0,2.0,2.29
STU-14579,-0.2,-0.33948919449901777,-0.12369367825938028,-0.4318766066838054,-0.42955326460481125,0.1515151515151515,0.40759930915371345,1.0,3.0,4.39
STU-14457,-0.6,0.39607072691552064,-0.5321226657529563,0.0,-0.9497422680412376,-0.16363636363636389,-0.2625215889464594,0.0,3.0,4.01
STU-14364,0.2,-0.02671905697445972,0.9988007538118888,-0.9871465295629828,-0.11039518900343681,1.0121212121212113,2.1565918249856075,0.0,0.0,5.0
STU-11055,1.6,0.025147347740668003,0.9988007538118888,0.08226221079691431,-0.5098797250859112,-0.6181818181818183,0.21876799078871625,0.0,0.0,3.99
STU-13064,0.8,-0.46051080550098233,-0.8165153332191197,0.15424164524421538,0.07302405498281803,0.5515151515151515,-0.32239493379389744,0.0,3.0,3.38
STU-11394,0.8,0.5155206286836935,0.9988007538118888,0.061696658097685965,0.5270618556701032,0.7090909090909083,2.1565918249856075,0.0,0.0,5.7
STU-11644,0.6,1.233791748526523,0.997430186739763,1.1413881748071972,0.5270618556701032,0.7151515151515153,0.2510074841681059,0.0,2.0,5.57
STU-14382,0.6,1.139489194499018,0.07915024841528093,0.09254498714652941,0.5270618556701032,0.07272727272727278,-0.9625791594703512,0.0,2.0,4.28
STU-12533,0.0,1.1300589390962676,0.38958369025184086,-0.4318766066838054,0.5270618556701032,-0.16969696969696982,0.6125503742084056,0.0,3.0,4.14
STU-14602,0.6,0.7905697445972498,0.9988007538118888,0.791773778920308,0.5270618556701032,-0.6727272727272727,0.3937823834196892,1.0,4.0,5.23
STU-14563,0.4,0.7685658153241652,0.18331334589686366,0.7403598971722362,0.02147766323024056,0.1515151515151515,-0.5250431778929189,0.0,4.0,4.97
STU-11186,-0.6,0.10216110019646372,-0.4259037176631843,-0.9665809768637534,-0.4381443298969076,0.012121212121211861,0.2118595279217041,0.0,3.0,4.21
STU-13173,-0.2,-1.045186640471513,-0.7692307692307697,0.4832904884318763,-0.07345360824742306,-0.5878787878787881,1.6442141623488775,0.0,2.0,3.6
STU-11000,0.6,-0.1838899803536346,0.45400034264176703,0.791773778920308,-0.5459621993127154,0.5151515151515148,0.7253886010362695,0.0,1.0,3.6
STU-12615,-1.0,1.0404715127701378,0.9988007538118888,0.9665809768637526,0.5270618556701032,-1.2545454545454544,-0.7944732297063903,0.0,4.0,5.3
STU-13043,0.0,-1.2243614931237723,-0.19222203186568487,-0.2570694087403599,-1.1095360824742277,-0.5030303030303029,0.4997121473805412,0.0,2.0,2.26
STU-10604,0.0,-1.6157170923379176,-0.3292787390782941,-1.069408740359897,-0.5399484536082481,-0.1212121212121213,-1.033966609096143,0.0,3.0,3.1
STU-11332,1.4,0.0,-0.1161555593626868,0.37017994858611764,-0.40034364261168437,1.248484848484848,0.09902130109384011,0.0,4.0,4.9
STU-10937,0.6,0.3819253438113949,0.6253212266575285,0.20565552699228715,0.0,0.6181818181818183,0.050662061024755276,0.0,4.0,5.22
STU-12933,0.6,0.6145383104125738,0.3854719890354624,0.10282776349614357,0.10695876288659778,-0.3515151515151515,-0.7691421991940127,0.0,3.0,3.54
STU-14079,1.8,0.8722986247544207,-0.3148877848209706,0.15424164524421538,0.5270618556701032,0.6545454545454539,-0.5043177892918826,0.0,4.0,4.93
STU-12346,0.2,0.5108055009823184,0.4485180743532628,0.4318766066838045,0.5270618556701032,-0.6787878787878787,0.3983880253310307,0.0,2.0,4.58
STU-11829,1.8,0.8172888015717092,0.9988007538118888,0.8843187660668373,0.5270618556701032,-0.6909090909090911,0.4997121473805412,1.0,3.0,5.13
STU-12017,-0.6,-1.7288801571709236,-0.5211581291759477,-0.6375321336760925,-1.042525773195877,0.5515151515151515,-0.02072538860103624,1.0,4.0,3.15
STU-14703,0.4,-0.32848722986247547,-0.3614870652732572,-0.3804627249357327,-0.11898625429553315,-0.10303030303030296,0.013816925734024297,0.0,3.0,3.82
STU-12576,1.0,-1.6864440078585465,0.5958540346068181,-0.16452442159383046,0.16967353951890057,0.7272727272727272,0.4881980426021878,0.0,1.0,3.83
STU-10271,-0.2,-1.188212180746562,0.4526297755696412,-0.2570694087403599,-0.044673539518900636,-0.7878787878787876,-0.5020149683362118,0.0,2.0,3.04
STU-14384,-0.2,1.739882121807466,0.724002055850607,1.3059125964010276,0.5270618556701032,-0.6363636363636361,0.24640184225676465,0.0,3.0,5.82
STU-12479,0.0,0.9351669941060904,-0.5149905773513801,0.0,0.08376288659793832,0.4,1.5336787564766845,0.0,3.0,5.1
STU-14645,0.2,1.1504911591355602,0.9988007538118888,0.6272493573264775,0.5270618556701032,-0.5636363636363639,0.0,0.0,3.0,5.81
STU-14948,1.0,0.4982318271119844,0.16275483981497246,0.5861182519280198,0.11426116838487964,0.7818181818181816,-0.5342544617156016,0.0,4.0,4.79
STU-13163,-1.0,-0.06129666011787829,0.08257666609559595,0.0,-0.3672680412371135,-0.7575757575757575,1.2964881980426024,1.0,4.0,4.32
STU-14093,1.2,-1.0043222003929275,0.0,-1.1002570694087406,-0.8715635738831623,-0.5757575757575757,0.6125503742084056,0.0,1.0,2.45
STU-12879,-1.0,0.3347740667976426,0.9988007538118888,0.0,0.11640893470790357,0.8242424242424242,-0.637881404720783,0.0,1.0,5.12
STU-13389,-0.6,-0.2216110019646366,-0.18605448004111821,0.7609254498714645,-0.017611683848797726,-0.6606060606060604,-1.192861255037421,0.0,0.0,4.33
STU-12636,0.0,-0.29233791748526516,-0.5478841870824056,-1.7583547557840624,-0.11297250859106577,-0.6121212121212124,0.6125503742084056,0.0,4.0,3.23
STU-13747,-1.0,-0.5249508840864441,0.15453143738221656,-1.727506426735219,-0.6232817869415813,-0.38787878787878816,-0.3822682786413357,0.0,0.0,3.03
STU-11240,0.0,-0.22475442043222002,-1.4318999486037354,0.5655526992287915,0.062285223367697755,-0.2787878787878787,-0.6194588370754175,0.0,3.0,3.82
STU-11992,-1.0,0.7355599214145384,0.25389755011135745,0.5141388174807198,0.5270618556701032,0.13333333333333316,1.291882556131261,0.0,2.0,5.36
STU-13041,1.4,0.9461689587426327,0.0,-0.7300771208226229,0.5270618556701032,-0.8363636363636361,0.26021876799078875,1.0,4.0,5.49
STU-12922,1.0,0.5516699410609038,0.4149391810861739,1.203084832904884,0.5270618556701032,-0.10909090909090943,0.21876799078871625,0.0,2.0,5.79
STU-10247,-1.0,-0.4243614931237721,-0.5506253212266582,-0.40102827763496196,-0.30025773195876343,0.5999999999999994,-0.386873920552677,0.0,0.0,3.96
STU-13910,-0.2,-0.22003929273084488,-0.10656158985780413,0.13367609254498702,-0.1670962199312716,0.0,-0.01842256764536559,0.0,1.0,3.45
STU-12667,0.4,0.015717092337917432,-0.39369539146822025,-1.9023136246786636,0.3290378006872853,-0.44848484848484854,0.03684513529073118,0.0,0.0,3.2
STU-11283,-0.6,0.0848722986247543,-0.523213979784136,0.02056555269922835,-0.1842783505154643,0.6545454545454539,-0.30857800805987334,0.0,2.0,3.29
STU-13611,-0.8,0.7166994106090373,-0.14767860202158747,-0.2776349614395891,0.5270618556701032,0.39393939393939353,1.4807138744962582,0.0,2.0,4.14
STU-13300,-1.0,0.21846758349705317,-0.45468562617783137,0.5758354755784056,0.1847079037800687,-1.096969696969697,2.1565918249856075,1.0,4.0,4.57
STU-12113,0.2,-0.9115913555992142,-0.46907658043515593,-0.7917737789203089,-0.19158075601374616,0.19393939393939352,0.4145077720207254,1.0,1.0,3.76
STU-11603,0.2,1.156777996070727,0.669864656501627,-0.020565552699229262,0.4317010309278352,-1.6727272727272728,-0.16810592976396077,1.0,0.0,5.13
STU-14963,2.1,-0.19174852652259344,-1.6066472502998124,-2.0822622107969164,-0.17611683848797297,-0.14545454545454556,-0.13356361542890044,0.0,3.0,2.21
STU-13235,0.4,0.5265225933202358,0.03871851978756097,0.5038560411311046,0.5270618556701032,-0.9151515151515154,-0.25331030512377656,0.0,2.0,5.16
STU-10316,0.6,-0.13831041257367402,-0.12643481240363288,0.7197943444730068,-0.9239690721649492,-1.8969696969696968,-0.35233160621761667,0.0,0.0,4.64
STU-13393,-0.8,-0.6585461689587429,-0.043515504540003774,0.18508997429305882,-0.8603951890034369,1.454545454545454,-0.9786989061600462,0.0,1.0,3.35
STU-14178,0.4,-0.5642436149312378,-0.3676546170978248,0.5964010282776341,0.46477663230240546,1.7757575757575756,-0.31778929188255617,1.0,4.0,4.68
STU-11082,0.2,0.15717092337917488,-0.22237450745245874,0.4730077120822621,-0.08548109965635782,-0.9333333333333331,0.518134715025907,1.0,4.0,4.69
STU-11054,-1.0,0.7119842829076624,0.5561075895151615,0.8123393316195363,0.5270618556701032,-0.5212121212121213,0.02072538860103624,0.0,3.0,5.31
STU-11661,-1.0,0.5060903732809432,0.03529210210724593,0.09254498714652941,0.463487972508591,-0.8121212121212119,-0.2625215889464594,1.0,0.0,4.95
STU-11658,0.4,-0.05815324165029458,0.12712009593969434,-0.2570694087403599,0.5270618556701032,1.2060606060606054,-0.5618883131836501,1.0,3.0,5.22
STU-13002,-0.8,0.5045186640471515,0.3039232482439601,0.4215938303341894,0.5270618556701032,0.2,0.37305699481865295,0.0,4.0,4.79
STU-11422,1.2,1.3642436149312378,0.056535891725200516,1.3059125964010276,0.47680412371134023,-0.5939393939393941,-0.5181347150259068,1.0,0.0,5.29
STU-10370,-0.2,-0.12259332023575631,-0.7178345040260413,-0.802056555269923,-0.23453608247422728,-1.096969696969697,1.4622913068508927,0.0,3.0,3.22
STU-13981,-1.0,-0.10844793713163059,-0.7918451259208502,-1.0899742930591263,-1.0090206185567019,-0.5030303030303029,2.1565918249856075,0.0,4.0,2.81
STU-13827,0.6,-0.6491159135559922,0.0,0.20565552699228715,-0.6391752577319595,0.5515151515151515,-0.10362694300518141,1.0,2.0,4.63
STU-12603,0.2,-0.3316306483300589,0.33133458968648233,-0.6992287917737794,-0.4579037800687292,-0.33939393939393964,0.2533103051237768,0.0,1.0,3.14
STU-11033,2.0,-0.1210216110019646,-0.31009080006852874,-1.069408740359897,0.07216494845360798,-0.7939393939393941,-0.5480713874496258,0.0,2.0,3.49
STU-10996,-0.2,-1.3280943025540277,-0.5163611444235059,-1.0282776349614395,-2.0562714776632314,0.06060606060606038,0.21416234887737495,1.0,2.0,1.92
STU-14076,0.2,-0.2671905697445972,0.3854719890354624,1.0385604113110536,-0.8346219931271486,1.151515151515151,1.3172135866436385,1.0,4.0,4.43
STU-13222,0.6,-0.28919449901768174,-0.457426760322084,-0.0514138817480727,0.04939862542955293,0.5030303030303029,0.0046056419113415,1.0,4.0,4.01
STU-14381,0.4,0.5233791748526524,0.9988007538118888,0.6992287917737785,-0.22766323024054982,-0.5212121212121213,-1.0109383995394359,0.0,3.0,5.24
STU-14410,0.4,-0.8691552062868371,0.4060304951173536,0.24678663239074478,-0.5605670103092786,-1.3090909090909089,0.33160621761658043,1.0,4.0,3.75
STU-12755,-0.6,0.25147347740667975,-0.06612986123008514,0.07197943444730014,-0.09407216494845357,0.0,-0.9004029936672425,1.0,4.0,4.95
STU-12921,0.4,-0.02671905697445972,0.33064930615041893,0.30848329048843165,0.5270618556701032,0.10303030303030296,1.0938399539435812,0.0,2.0,4.04
STU-11331,0.2,1.1127701375245578,0.9988007538118888,-0.26735218508997494,0.5270618556701032,0.6727272727272727,0.08981001727115731,0.0,0.0,5.41
STU-10421,0.6,-1.0844793713163068,-0.11272914168237178,-1.5732647814910026,-0.3934707903780076,0.5757575757575757,-0.1980426021876798,0.0,3.0,2.25
STU-14577,-0.6,0.42593320235756404,0.9988007538118888,0.26735218508997405,0.5270618556701032,0.303030303030303,-0.25561312607944725,1.0,2.0,4.62
STU-14238,-0.4,-0.05343811394891944,-0.31077608360459213,-1.8817480719794346,-0.3535223367697598,0.7333333333333332,-0.9004029936672425,1.0,4.0,2.97
STU-11600,-1.0,0.9053045186640476,-0.4875792359088579,0.7712082262210795,0.5270618556701032,1.1030303030303024,0.42141623488773755,0.0,2.0,4.88
STU-14943,0.4,-0.44950884086444004,0.6705499400376893,0.9562982005141384,-0.2255154639175259,-0.4181818181818183,-0.49050086355785844,1.0,3.0,4.16
STU-10619,-0.8,-0.39764243614931233,0.639712180914853,0.0,-0.47680412371134084,0.5393939393939391,-0.6701208981001727,1.0,2.0,4.03
STU-14433,-0.2,1.131630648330059,0.9988007538118888,1.0694087403598962,0.5270618556701032,0.4666666666666663,1.3379389752446749,1.0,2.0,5.93
STU-13884,0.2,-0.4275049115913558,-1.1475072811375708,-0.4215938303341903,-0.7091924398625435,0.7272727272727272,0.5549798503166382,0.0,4.0,2.39
STU-14729,1.4,-1.257367387033399,-1.6306321740620187,-0.6478149100257077,-1.1318728522336776,-0.1212121212121213,0.24640184225676465,0.0,1.0,2.11
STU-12467,-0.2,0.4086444007858546,-0.41973616583861667,-0.06169665809768688,0.5270618556701032,0.3878787878787876,-0.2625215889464594,0.0,4.0,3.9
STU-10101,0.2,-0.13988212180746573,-0.49717320541374055,-0.3393316195372751,-0.9995704467353962,0.9999999999999994,-0.27633851468048365,0.0,2.0,2.76
STU-10528,-0.6,1.0357563850687623,0.7061846839129684,0.17480719794344463,0.27491408934707884,-0.02424242424242426,0.6493955094991364,1.0,2.0,5.2
STU-10020,-1.0,-1.0891944990176818,-0.9343841014219636,0.0,-0.41838487972508653,-0.27272727272727276,0.8474381116868166,1.0,3.0,2.66
STU-12955,1.0,0.8785854616895875,-0.6849408942950148,0.8123393316195363,0.0,-1.4484848484848485,-0.7207829591249281,1.0,4.0,4.56
STU-14925,0.2,-0.8172888015717094,-0.48141168408429025,-0.7506426735218512,-0.14218213058419263,-0.8181818181818183,-0.03684513529073118,1.0,4.0,4.01
STU-10460,0.6,-0.4825147347740669,0.03734795271543515,-1.6452442159383036,-0.005584192439862961,0.4909090909090906,1.1859527921704087,0.0,4.0,3.68
STU-12723,0.4,0.41021611001964636,-0.28405002569813326,-0.09254498714653031,0.0,0.06060606060606038,-0.8497409326424872,0.0,2.0,3.84
STU-12794,1.0,-1.2463654223968568,-1.2921021072468746,-0.740359897172237,-0.5932130584192444,1.0303030303030303,1.0823258491652277,0.0,1.0,2.07
STU-11300,-0.6,0.2939096267190569,0.4478327908171994,0.6478149100257068,0.48969072164948446,1.739393939393939,1.2135866436384575,0.0,1.0,4.48
STU-11654,-0.2,-0.10844793713163059,-0.9460339215350355,-1.7069408740359897,-0.34063573883161563,-0.2424242424242426,0.2026482440990213,0.0,2.0,3.57
STU-13722,0.6,-0.9854616895874264,-0.34572554394380783,-0.4935732647814914,0.022766323024055044,0.5636363636363634,0.8036845135290731,1.0,2.0,3.74
STU-13399,-0.8,-0.5548133595284872,-0.5252698303923252,-0.9460154241645251,-0.835481099656358,0.303030303030303,0.009211283822682796,0.0,4.0,2.95
STU-12588,-0.2,-0.8848722986247546,-1.585403460681858,-0.03084832904884344,-0.9355670103092789,1.0969696969696965,1.146804835924007,0.0,2.0,2.63
STU-12027,-0.6,-1.519842829076621,-1.0392324824396098,-0.5655526992287925,-1.891752577319589,0.739393939393939,-0.3016695451928612,1.0,0.0,2.07
STU-13832,-1.0,-0.4353634577603143,-0.183998629432929,0.11311053984575775,-0.07989690721649487,-0.7272727272727272,-0.44905008635578586,0.0,0.0,3.72
STU-13383,2.1,0.8958742632612967,0.9988007538118888,0.16452442159382955,0.5270618556701032,-0.2606060606060609,0.0,0.0,3.0,5.09
STU-10083,0.6,-1.108055009823183,-1.0412883330477989,-0.22622107969151733,-0.10223367697594549,1.8363636363636362,-0.6816350028785263,0.0,2.0,3.62
STU-12205,-0.6,-0.05343811394891944,-0.6116155559362694,-0.3804627249357327,-0.02018900343642608,0.8424242424242421,0.35463442717328736,0.0,0.0,4.32
STU-12528,0.8,-0.8220039292730846,-1.3167723145451442,1.3059125964010276,-0.27405498281787,0.448484848484848,0.432930339666091,1.0,3.0,4.36
STU-10129,1.0,-0.14459724950884087,-0.10861744046599334,0.30848329048843165,0.007731958762886285,-0.6606060606060604,-0.4122049510650548,1.0,0.0,4.47
STU-13907,-1.0,1.0609037328094304,0.15521672091827898,0.08226221079691431,0.39132302405498304,-0.36363636363636387,-0.4697754749568222,0.0,4.0,4.57
STU-12200,0.8,-0.8015717092337918,-1.4593112900462577,0.13367609254498702,-1.568298969072166,0.23030303030303018,-0.13356361542890044,0.0,1.0,2.55
STU-14865,1.8,0.9147347740667978,0.9988007538118888,1.2339331619537266,0.5270618556701032,-0.5696969696969698,0.08290155440414516,0.0,2.0,5.98
STU-10640,0.0,-0.4180746561886052,-1.073496659242762,-0.9768637532133676,-0.4995704467353959,0.4363636363636361,-0.9372481289579737,1.0,1.0,3.41
STU-14297,0.4,-0.41493123772102175,0.28816172691450975,-0.2982005141388175,-0.4398625429553271,-0.46666666666666684,0.4812895797351756,1.0,1.0,3.39
STU-13846,-0.2,-0.3834970530451866,-0.0935412026726064,1.3059125964010276,-0.6065292096219936,-0.5212121212121213,0.6332757628094419,1.0,3.0,3.98
STU-10221,-0.6,-0.5626719056974461,-0.2429330135343509,-1.2030848329048849,-0.10481099656357384,0.7333333333333332,0.31318364997121484,0.0,1.0,2.83
STU-12941,0.2,0.5563850687622789,0.9988007538118888,1.1825192802056548,0.5270618556701032,1.6727272727272717,-0.5365572826712723,1.0,1.0,6.17
STU-11935,-0.8,0.7119842829076624,0.4862086688367301,0.9254498714652949,0.5270618556701032,0.6303030303030301,0.3822682786413357,0.0,2.0,5.64
STU-10821,0.2,-1.4255402750491162,-1.5175603906116162,-0.8637532133676099,-1.286082474226805,-0.5393939393939396,-0.11514104778353484,0.0,2.0,2.62
STU-10244,2.1,-1.439685658153242,-0.9110844611958208,-0.12339331619537285,-0.5176116838487974,0.3090909090909089,-0.4997121473805412,0.0,1.0,2.61
STU-11446,0.4,-0.22632612966601176,-0.6753469247901331,0.2570694087403599,-0.463917525773196,-0.6606060606060604,1.0109383995394359,1.0,4.0,4.85
STU-11875,0.0,-0.9445972495088409,-1.4147678602021592,-0.8123393316195372,0.0,-0.15757575757575795,-0.18192285549798506,1.0,0.0,3.6
STU-10834,-0.4,-0.34734774066797663,-0.3964365256124729,-0.46272493573264795,-0.20231958762886643,0.745454545454545,0.0,1.0,1.0,3.49
STU-14856,0.6,-1.2746561886051082,-1.2763405859174242,-1.4087403598971722,-1.1056701030927842,0.1515151515151515,-0.33621185952792176,0.0,0.0,1.63
STU-11592,-1.0,0.0,-0.4032893609731029,0.0,-0.4789518900343648,0.39393939393939353,0.2556131260794474,1.0,0.0,4.29
STU-13379,1.4,2.0102161100196465,0.9988007538118888,0.4318766066838045,0.5270618556701032,0.4,-1.0961427748992516,0.0,4.0,5.96
STU-12756,-0.4,0.0,0.9988007538118888,-0.09254498714653031,0.4853951890034366,-0.06060606060606091,0.7161773172135868,1.0,1.0,5.05
STU-13634,0.4,-0.8833005893909628,0.43549768716806503,-0.8329048843187664,-0.32860824742268085,0.07878787878787871,1.7524467472654004,1.0,4.0,4.52
STU-10054,0.0,-1.5874263261296662,-0.3203700531094748,-1.3264781491002569,-0.15249140893470786,-0.16363636363636389,-0.4122049510650548,0.0,0.0,3.87
STU-14040,0.4,-0.2797642436149312,0.0,0.7095115681233927,-1.2362542955326468,0.8666666666666668,0.7023603914795625,1.0,4.0,3.63
STU-13307,-0.6,-0.2813359528487229,-0.006510193592599833,-0.020565552699229262,0.5270618556701032,-0.14545454545454556,0.30857800805987334,0.0,0.0,4.0
STU-12397,0.4,0.1964636542239686,0.8939523727942427,0.6889460154241643,0.0,0.2363636363636361,1.4622913068508927,0.0,4.0,4.62
STU-10851,0.2,0.9131630648330058,-0.1627548398149744,0.5758354755784056,0.5270618556701032,-0.5454545454545455,-1.0523891767415086,1.0,2.0,5.33
STU-14889,0.6,2.124165029469548,0.9988007538118888,1.3059125964010276,0.5270618556701032,-0.5212121212121213,-1.0823258491652274,0.0,2.0,5.82
STU-13479,1.2,0.0,0.869282165495973,-0.22622107969151733,0.5270618556701032,-0.26666666666666683,0.32700057570523894,1.0,3.0,4.4
STU-10201,0.6,0.22003929273084488,0.12780537947575774,0.9254498714652949,0.5270618556701032,-1.303030303030303,-0.4766839378238342,0.0,4.0,5.46
STU-10155,0.8,-0.18703339882121803,-0.42179201644680586,-0.8329048843187664,-0.012886597938144215,0.48484848484848464,2.1565918249856075,1.0,4.0,3.94
STU-11902,0.2,-1.5874263261296662,-0.5143052938153168,-1.3161953727506428,-1.8629725085910664,-0.23636363636363666,0.4052964881980426,0.0,4.0,3.04
STU-14216,0.4,-0.9053045186640473,0.2052424190508816,-0.668380462724936,0.4806701030927837,0.37575757575757573,-0.2026482440990213,0.0,1.0,3.0
STU-14326,0.4,0.22946954813359546,-0.22305979098852213,0.4832904884318763,0.5270618556701032,0.6121212121212113,-0.22797927461139905,0.0,2.0,4.52
STU-14553,-0.6,0.0,-0.8829878362172352,-0.31876606683804676,0.0,0.0060606060606059305,0.07138744962579172,0.0,4.0,3.06
STU-13001,0.6,0.4809430255402752,0.9988007538118888,0.8020565552699221,0.25343642611683825,-0.6606060606060604,0.02072538860103624,0.0,4.0,4.73
STU-13645,0.4,-0.014145383104125716,-0.6890525955113933,-0.12339331619537285,0.0,0.01818181818181779,0.34772596430627517,0.0,4.0,3.39
STU-11856,0.4,0.48408644400785866,0.9988007538118888,0.6066838046272491,0.23109965635738824,0.5818181818181817,-0.6655152561888313,0.0,4.0,5.26
STU-10957,-0.4,-0.5170923379174852,-1.0810347781394556,0.7609254498714645,-0.1752577319587629,1.5212121212121201,-0.8336211859527922,1.0,3.0,4.61
STU-13536,1.4,1.207072691552063,0.0,1.3059125964010276,0.5270618556701032,-0.17575757575757575,-0.5296488198042603,0.0,1.0,5.86
STU-11349,0.2,0.5312377210216113,-0.1737193763919829,-0.1953727506426739,-0.11383161512027522,-0.37575757575757573,1.7040875071963155,1.0,4.0,4.12
STU-13499,-0.2,-0.5029469548133595,-0.5773513791331171,0.21593830334190225,-0.2332474226804128,-1.0484848484848486,-0.5572826712723087,0.0,0.0,3.25
STU-11556,-0.4,0.9430255402750493,0.30255268117183426,1.00771208226221,-0.08161512027491438,-0.6,-0.05526770293609678,0.0,2.0,4.81
STU-10977,-0.8,0.6302554027504915,-0.5588487236594151,-0.07197943444730105,0.07130584192439852,-0.4,-0.7783534830166955,1.0,3.0,4.12
STU-10406,0.8,1.433398821218075,0.9988007538118888,0.41131105398457524,0.5270618556701032,-0.6303030303030301,0.0,0.0,2.0,5.13
STU-10253,0.2,0.9351669941060904,0.4156244646222363,1.00771208226221,0.34364261168384896,-0.5030303030303029,1.4415659182498564,0.0,1.0,4.23
STU-14201,1.0,0.6035363457760315,-0.7383930101079325,-0.60668380462725,-0.8054123711340211,-0.3272727272727272,-0.455958549222798,0.0,1.0,4.01
STU-13951,0.2,-0.4888015717092338,-1.5518245674147684,0.7403598971722362,-1.5081615120274925,-0.6666666666666669,0.601036269430052,1.0,2.0,2.83
STU-12082,0.4,0.9273084479371315,0.07640911427102928,0.0,0.0,-0.5757575757575757,-0.2394933793897525,1.0,3.0,4.15
STU-14719,-1.0,0.0,-0.8206270344354982,-0.4935732647814914,0.07646048109965645,-1.1818181818181817,0.2924582613701786,1.0,0.0,4.41
STU-13085,0.0,-1.0593320235756387,-0.17714579407229794,-0.7197943444730078,-0.12199312714776654,0.7939393939393935,-0.9671848013816926,0.0,3.0,2.82
STU-10933,-0.4,-0.6789783889980355,0.5376049340414586,0.5655526992287915,-0.3518041237113403,-0.8787878787878787,-0.9856073690270581,0.0,1.0,4.25
STU-10487,0.0,0.6444007858546172,0.1449374678773339,0.6992287917737785,0.5270618556701032,0.24242424242424204,-0.19113413932066786,0.0,2.0,4.8
STU-14928,-1.0,-0.30333988212180746,0.48826451944491933,-0.6272493573264784,0.45403780068728516,0.5575757575757574,-0.4075993091537133,0.0,4.0,5.29
STU-12906,0.8,-0.5563850687622789,-1.426417680315231,-0.9562982005141393,-0.9703608247422687,0.13939393939393907,-0.6563039723661486,1.0,4.0,3.25
STU-10388,0.2,-0.6098231827111986,0.5280109645365759,-0.3907455012853478,0.5270618556701032,-1.2060606060606058,-0.6217616580310881,1.0,4.0,4.2
STU-12324,1.0,-1.057760314341847,0.3731368853863281,0.5449871465295623,0.0,0.8545454545454539,-0.0023028209556706478,1.0,3.0,4.1
STU-10648,0.4,0.19803536345776032,0.12712009593969434,1.3059125964010276,0.3827319587628867,1.2060606060606054,-0.05526770293609678,0.0,3.0,4.98
STU-13259,0.8,-0.3017681728880158,0.6308034949460328,-0.20565552699228806,-1.315721649484537,0.145454545454545,-0.234887737478411,0.0,3.0,3.31
STU-14330,0.2,0.44479371316306493,0.9988007538118888,0.34961439588688925,-0.10609965635738833,0.5212121212121208,-0.14047207829591238,0.0,1.0,4.7
STU-12681,1.2,-0.1728880157170923,-0.3827308548912118,0.24678663239074478,0.27792096219931284,-0.34545454545454557,0.5987334484743814,0.0,0.0,4.85
STU-11975,0.0,-1.0341846758349706,0.9988007538118888,-1.1002570694087406,0.0,0.5272727272727272,0.4513529073114566,0.0,3.0,3.61
STU-14274,0.4,-0.9398821218074659,0.0,-1.1413881748071981,0.5270618556701032,-0.06666666666666685,-0.2625215889464594,0.0,4.0,3.19
STU-12350,-0.8,-0.6569744597249509,0.6479355833476089,0.5141388174807198,0.0,-1.0424242424242427,0.28324697754749584,0.0,0.0,3.98
STU-11964,0.2,0.28762278978389005,0.2909028610587624,-0.473007712082263,0.5270618556701032,0.9878787878787876,0.041450777202072686,0.0,4.0,4.53
STU-11617,0.2,0.3017681728880158,-0.41425389755011244,0.0,0.5270618556701032,0.12727272727272723,-0.32239493379389744,0.0,2.0,4.35
STU-14088,-0.8,0.7811394891944989,0.6890525955113923,0.3187660668380458,0.5270618556701032,-1.133333333333333,-0.6217616580310881,0.0,3.0,5.37
STU-10841,-0.4,0.3567779960707269,0.02569813260236325,1.3059125964010276,0.27233676975944987,-0.5030303030303029,0.0,1.0,2.0,4.5
STU-10509,-0.6,-0.34420432220039293,0.7541545314373819,-0.8226221079691522,0.2603092783505157,0.0060606060606059305,0.7829591249280369,0.0,0.0,4.82
STU-11876,-0.2,0.11473477406679773,0.1565872879904048,0.6375321336760916,0.34321305841924393,-1.1454545454545455,0.4237190558434082,1.0,3.0,4.21
STU-12143,-0.4,-0.24990176817288803,-0.4313859859516886,-0.534704370179949,-1.0760309278350524,-0.16969696969696982,0.2026482440990213,0.0,1.0,3.1
STU-12120,1.0,0.10530451866404716,0.09628233681685708,-0.3290488431876609,-0.12113402061855709,-0.29696969696969705,-0.02763385146804839,1.0,3.0,3.98
STU-14909,0.0,0.3646365422396858,0.17440465992804435,0.17480719794344463,0.3797250859106527,-0.1515151515151515,-0.029936672423719037,1.0,3.0,4.62
STU-13063,-0.4,-0.1948919449901769,-0.06887099537433679,-0.668380462724936,-0.3230240549828185,0.04242424242424205,0.3799654576856651,0.0,3.0,3.58
STU-13938,-0.2,0.06129666011787829,0.9988007538118888,0.791773778920308,-0.012027491408934764,0.07272727272727278,-0.1980426021876798,0.0,4.0,5.0
STU-14160,-0.4,-0.5296660117878192,-0.9905773513791339,-1.665809768637532,-0.4059278350515467,-0.9757575757575757,0.8474381116868166,0.0,1.0,2.53
STU-10314,1.4,0.8518664047151281,0.8418708240534508,-0.041131105398457615,0.26417525773195855,0.6909090909090906,1.271157167530225,1.0,4.0,5.3
STU-14997,-0.8,0.8188605108055013,0.5629604248757916,0.11311053984575775,0.5270618556701032,-0.006060606060606468,0.8405296488198043,0.0,3.0,5.33
STU-13723,-0.4,0.6522593320235756,-0.35257837930443786,1.3059125964010276,0.2603092783505157,0.4363636363636361,0.6401842256764538,1.0,2.0,5.35
STU-10858,-1.0,-0.619253438113949,-1.1968476957341112,-0.5758354755784066,-0.44931271477663287,-0.14545454545454556,0.2533103051237768,0.0,4.0,3.5
STU-14322,0.2,0.8172888015717092,0.8829878362172342,0.6169665809768633,0.5270618556701032,0.09696969696969704,0.14738054116292473,1.0,4.0,4.94
STU-10682,0.6,-1.43811394891945,-0.07092684598252601,0.26735218508997405,-0.2379725085910657,0.10303030303030296,-0.5918249856073691,0.0,4.0,2.89
STU-10318,-1.0,-0.47151277013752463,-0.7109816686654112,-0.020565552699229262,-0.06357388316151223,-0.7878787878787876,-1.1030512377662638,0.0,4.0,4.02
STU-12616,0.2,0.06286836935167,0.8062360801781727,-0.1953727506426739,0.49226804123711343,0.4666666666666663,-0.37996545768566486,0.0,2.0,5.21
STU-11488,0.2,-0.39921414538310407,-0.6691793729655655,-0.6580976863753218,-0.6670962199312719,-0.6666666666666669,0.8796776050662061,0.0,3.0,3.09
STU-14590,0.4,-1.1709233791748528,-0.8233681685797508,0.0,0.5270618556701032,-0.44848484848484854,0.08290155440414516,1.0,1.0,2.81
STU-13622,0.2,-1.0483300589390965,-1.3188281651533325,-0.9460154241645251,-1.7465635738831626,0.0,0.2164651698330456,0.0,1.0,2.28
STU-12579,0.6,0.17603143418467573,-0.21483638855576528,0.02056555269922835,-0.12714776632302446,0.8303030303030302,0.3431203223949339,1.0,4.0,4.54
STU-10066,0.0,-0.004715127701375146,0.0,-0.06169665809768688,-0.0051546391752579305,0.33333333333333315,-1.1445020149683363,0.0,4.0,4.12
STU-13358,0.2,-0.587819253438114,-0.4916909371252363,-0.35989717223650436,-0.1546391752577324,-0.6121212121212124,1.3724812895797354,1.0,3.0,3.21
STU-10285,-1.0,-1.3375245579567783,-0.8596881959910924,-1.470437017994859,-0.65979381443299,-1.8848484848484846,0.24179620034542315,0.0,2.0,2.25
STU-14181,0.4,-1.0436149312377212,-1.4236765461709786,-0.40102827763496196,-0.8092783505154645,-0.0909090909090911,-0.9073114565342545,0.0,4.0,2.58
STU-12777,-0.6,0.06444007858546172,0.18262806236080123,-0.17480719794344554,0.14604810996563544,-0.48484848484848464,0.2717328727691424,1.0,3.0,3.74
STU-11861,-1.0,-0.8157170923379177,-0.5424019187939013,1.3059125964010276,-1.5485395189003448,0.7696969696969698,-0.5618883131836501,0.0,2.0,4.23
STU-12972,-0.2,-1.4459724950884087,-1.6306321740620187,-0.4215938303341903,-0.9884020618556709,-0.7575757575757575,0.0,1.0,4.0,3.01
STU-14391,0.4,-0.047151277013752574,-1.024156244646223,-0.473007712082263,-0.3672680412371135,-0.5878787878787881,0.6493955094991364,1.0,2.0,3.06
STU-11381,1.6,0.7481335952848727,0.12506424533150512,0.0411311053984567,0.15721649484536077,-0.4,-0.5780080598733449,1.0,0.0,5.38
STU-14671,-1.0,0.4086444007858546,-0.6445091656672959,-1.007712082262211,-0.3384879725085917,-1.3696969696969699,1.4070236039147959,1.0,3.0,4.74
STU-13522,0.4,0.5579567779960709,0.9988007538118888,0.17480719794344463,0.5270618556701032,0.345454545454545,0.7069660333909038,0.0,1.0,5.32
STU-14441,0.4,-1.0436149312377212,-0.9090286105876316,-0.06169665809768688,-1.1847079037800696,0.33333333333333315,0.07829591249280367,0.0,1.0,2.79
STU-12782,0.6,-0.15402750491159145,-0.585574781565874,0.8226221079691514,0.5257731958762888,0.04848484848484852,-0.17962003454231443,1.0,3.0,4.48
STU-12629,0.8,1.7996070726915523,0.3820455713551474,-0.2776349614395891,0.0,-0.303030303030303,-0.013816925734024092,0.0,2.0,4.6
STU-12090,-0.6,0.6255402750491161,0.47867054994003666,0.22622107969151642,0.5270618556701032,0.04848484848484852,-0.47898675877950486,1.0,4.0,3.66
STU-13489,1.4,0.9634577603143418,0.9988007538118888,0.6272493573264775,0.5270618556701032,-0.5575757575757574,0.2302820955670697,0.0,2.0,5.14
STU-12531,-1.0,-0.0990176817288803,0.11067329107418158,0.19537275064267298,-0.371993127147767,0.0,0.8036845135290731,0.0,2.0,3.82
STU-14468,-1.0,-0.4416502946954815,-0.48141168408429025,-0.802056555269923,-0.6065292096219936,-0.09696969696969704,0.20034542314335066,1.0,3.0,2.91
STU-14429,-0.6,0.9681728880157173,0.8891553880418018,0.2776349614395882,0.3552405498281787,0.09090909090909056,-0.3753598157743236,1.0,0.0,4.99
STU-10273,0.4,-0.0738703339882123,0.3936953914682193,0.462724935732647,-0.1653780068728527,-1.2060606060606058,0.14277489925158324,0.0,2.0,4.18
STU-10130,0.6,0.37406679764243633,-0.7000171320884028,-0.2879177377892033,0.5270618556701032,-0.0909090909090911,-0.24870466321243528,0.0,3.0,3.29
STU-12428,0.2,1.8561886051080552,0.9988007538118888,-0.4935732647814914,0.5270618556701032,-0.02424242424242426,0.5572826712723088,1.0,3.0,5.28
STU-13067,1.8,0.11944990176817287,-0.24772999828679176,-0.10282776349614449,-0.13187285223367737,0.4969696969696965,-0.42832469775474963,1.0,3.0,4.53
STU-12988,0.6,-0.7355599214145384,-0.6890525955113933,-0.3393316195372751,0.1735395189003434,-0.6363636363636361,-0.4006908462867013,0.0,1.0,3.69
STU-12305,-0.4,-0.8361493123772104,-0.8322768545485701,-0.5758354755784066,-0.3230240549828185,-0.16363636363636389,-0.7990788716177318,1.0,4.0,3.31
STU-12245,0.8,-0.08172888015717086,-1.3003255096796305,-1.3881748071979438,0.5270618556701032,0.6242424242424243,0.6079447322970639,1.0,2.0,3.33
STU-12653,-1.0,-0.5925343811394892,-1.3078636285763239,-1.0488431876606688,-0.7792096219931276,-0.9696969696969698,0.8658606793321822,1.0,4.0,3.08
STU-14472,1.2,0.3913555992141455,0.0,0.6786632390745493,-0.5721649484536089,0.11515151515151482,-0.46516983304548076,0.0,3.0,4.64
STU-10194,-1.0,1.3469548133595288,0.12026726057906427,1.1825192802056548,0.5270618556701032,0.642424242424242,-0.1128382268278642,1.0,4.0,5.35
STU-13047,0.4,0.0,-0.40877162926160815,1.3059125964010276,0.03694158075601374,-0.04848484848484852,-0.6493955094991365,0.0,1.0,4.26
STU-10786,2.1,-0.5862475442043223,0.08531780023984857,1.00771208226221,-0.3311855670103098,-0.2,0.2625215889464596,0.0,1.0,4.62
STU-14327,-0.6,1.6927308447937133,0.1798869282165486,-0.3701799485861185,0.5270618556701032,-0.5393939393939396,-0.4191134139320668,0.0,3.0,4.46
STU-10990,0.4,0.42907662082514747,0.3943806750042827,1.2236503856041123,-0.2066151202749143,1.0181818181818183,-0.10362694300518141,0.0,4.0,4.66
STU-12896,-0.4,-0.6726915520628686,0.2134658214836385,0.7814910025706937,-0.01589347079037821,-0.6121212121212124,-0.9487622337363272,0.0,1.0,4.22
STU-10864,-0.4,0.6742632612966601,0.9988007538118888,1.3059125964010276,0.5017182130584192,1.16969696969697,-0.8520437535981578,1.0,3.0,6.07
STU-10138,0.6,-0.8738703339882122,-0.6589001199246194,-0.6992287917737794,-0.4501718213058423,-0.6424242424242426,0.38457109959700636,0.0,0.0,3.1
STU-13299,-0.6,-0.6113948919449904,0.25526811718348424,0.10282776349614357,-0.7431271477663233,1.1393939393939392,0.3615428900402995,0.0,1.0,4.54
STU-14926,-1.0,-0.5736738703339883,-0.7144080863457263,0.4010282776349611,-0.7010309278350523,-0.4363636363636367,0.0,0.0,4.0,3.93
STU-10424,0.0,-0.4557956777996072,-0.047627205756382206,1.3059125964010276,0.10996563573883178,-0.6909090909090911,-0.11974668969487615,1.0,1.0,4.77
STU-13191,2.1,0.029862475442043148,-0.504711324310434,1.3059125964010276,-0.14089347079037814,-0.5454545454545455,0.5872193436960277,1.0,3.0,5.26
STU-10967,0.8,1.0216110019646367,0.8665410313517204,1.3059125964010276,0.5270618556701032,-1.2848484848484847,1.004029936672424,0.0,3.0,5.25
STU-12396,0.4,1.4522593320235757,0.6746616412540678,1.0796915167095111,0.5270618556701032,-0.49090909090909113,-0.36154289004029927,0.0,2.0,5.96
STU-14414,-1.0,0.0,0.08257666609559595,0.05141388174807179,-0.18384879725085926,0.6060606060606054,-0.7230857800805988,0.0,1.0,4.62
STU-11697,1.0,1.1049115913555996,0.9988007538118888,0.5038560411311046,0.5270618556701032,-0.6424242424242426,0.8267127230857804,1.0,1.0,5.77
STU-12101,-0.2,0.21060903732809433,-0.9761863971218094,-0.7609254498714654,0.17182130584192448,1.1878787878787875,-0.75993091537133,0.0,0.0,4.36
STU-14715,0.6,-0.31277013752455807,0.1785163611444228,-0.16452442159383046,-0.2860824742268048,0.345454545454545,-0.27633851468048365,1.0,0.0,4.86
STU-12974,2.0,-0.7717092337917487,-0.22511564159671135,0.2776349614395882,-0.7384020618556704,0.7030303030303025,0.8566493955094993,0.0,2.0,3.65
STU-12549,0.6,-0.3724950884086443,-0.9665924276169277,-0.8431876606683806,-0.8397766323024058,-0.4303030303030302,0.9763960852043754,0.0,4.0,2.59
STU-10701,1.6,-0.8251473477406681,-0.33681685797498756,-0.5244215938303348,-0.4995704467353959,-0.6181818181818183,-0.17731721358664357,0.0,0.0,3.45
STU-11881,-0.2,0.7528487229862475,0.0,0.5552699228791764,0.5270618556701032,-0.5878787878787881,-0.19113413932066786,0.0,4.0,4.99
STU-11490,-0.2,0.42121807465618866,-0.6232653760493413,-0.6375321336760925,0.5270618556701032,0.2606060606060604,-0.6908462867012091,0.0,3.0,3.8
STU-14174,0.0,0.48408644400785866,0.3327051567586081,0.19537275064267298,0.5270618556701032,-0.042424242424242586,-0.2394933793897525,0.0,3.0,4.39
STU-10149,-0.2,-0.8345776031434186,-0.7322254582833658,-0.5552699228791773,-0.6971649484536088,-0.9575757575757574,-0.9763960852043756,1.0,0.0,2.9
STU-11421,2.0,-0.08958742632612973,0.0,-0.5141388174807198,-0.12886597938144337,-0.23636363636363666,2.1565918249856075,0.0,4.0,3.96
STU-13107,0.8,-0.337917485265226,-1.3414425218434138,-1.264781491002571,0.0,0.9818181818181817,0.06908462867012087,1.0,1.0,2.5
STU-10202,-0.4,-0.42907662082514747,-0.6575295528524936,-0.10282776349614449,-0.5090206185567017,0.17575757575757575,-0.06678180771445022,0.0,0.0,4.56
STU-13535,-1.0,0.47308447937131637,0.0,0.4318766066838045,0.3814432989690722,-0.06060606060606091,-1.0546919976971791,0.0,1.0,4.58
STU-11597,0.0,-1.7288801571709236,-1.8067500428302214,-0.10282776349614449,-1.1945876288659802,-0.06666666666666685,-0.3131836499712147,1.0,4.0,2.04
STU-10414,0.2,0.35520628683693517,-0.08668836731197634,0.0,0.41451890034364247,-1.3757575757575757,1.6280944156591826,0.0,4.0,4.44
STU-11740,1.0,-0.5485265225933204,0.9988007538118888,-0.3496143958868902,-1.8187285223367708,0.26666666666666633,0.18652849740932656,1.0,2.0,3.77
STU-14709,0.4,0.3646365422396858,0.39163954086003006,0.8123393316195363,0.3419243986254295,-0.07878787878787871,-0.7507196315486472,0.0,1.0,4.74
STU-14847,-1.0,-1.3359528487229864,0.0,-0.6375321336760925,-1.1821305841924408,-0.006060606060606468,1.1744386873920556,0.0,2.0,1.79
STU-14116,0.4,0.7497053045186641,0.5204728456398824,0.5964010282776341,-0.03823024054982822,1.0969696969696965,0.0,0.0,4.0,4.7
STU-11721,0.8,0.40235756385068777,0.25184169950316826,1.2236503856041123,0.31314432989690705,0.1212121212121213,-0.9073114565342545,0.0,4.0,5.12
STU-12623,0.6,0.5406679764243615,0.604077437039574,0.9357326478149092,0.3767182130584193,-0.7090909090909089,0.0,1.0,4.0,5.45
STU-11094,-1.0,0.6616895874263263,0.10382045571355054,-0.9048843187660676,0.5270618556701032,0.31515151515151485,0.2164651698330456,0.0,2.0,4.25
STU-14938,-0.6,0.7277013752455795,0.7630632174062011,0.21593830334190225,-0.08934707903780066,0.25454545454545446,0.667818077144502,0.0,3.0,5.12
STU-10047,0.6,-0.3049115913555992,0.7836217234880923,-0.40102827763496196,-0.6808419243986262,-0.606060606060606,-0.19113413932066786,0.0,3.0,4.12
STU-14353,0.4,-1.7288801571709236,-1.7868768202843932,-1.8303341902313623,-1.8990549828178704,-0.5454545454545455,0.4467472654001153,0.0,0.0,1.6
STU-11939,-0.2,-1.6833005893909632,-1.7032722288847018,-1.6966580976863754,-1.8440721649484548,-1.0606060606060603,0.12435233160621764,0.0,0.0,1.58
STU-12967,-0.2,0.48565815324165035,0.10861744046599237,0.20565552699228715,0.21391752577319556,-0.23030303030303018,-0.6954519286125505,0.0,3.0,4.92
STU-12797,-0.6,-0.48408644400785866,0.0,-1.8817480719794346,-1.0923539518900354,-1.4242424242424243,-0.782959124928037,0.0,3.0,2.93
STU-13579,0.4,-0.29233791748526516,-0.7822511564159674,1.059125964010282,-0.8569587628865986,0.2606060606060604,0.2256764536557284,0.0,4.0,4.69
STU-14877,0.6,-0.275049115913556,0.9988007538118888,-0.12339331619537285,0.5270618556701032,1.0606060606060599,-0.8635578583765113,0.0,1.0,5.15
STU-11387,-1.0,1.6440078585461693,0.9988007538118888,1.3059125964010276,0.5270618556701032,-0.9818181818181817,0.28324697754749584,1.0,4.0,6.61
STU-12220,-0.6,-0.16660117878192546,-0.15864313859859597,-0.07197943444730105,0.1138316151202746,-0.5030303030303029,-0.3062751871042027,1.0,4.0,4.11
STU-13189,-0.2,0.16974459724950888,-0.04077437039575214,0.0,0.5270618556701032,0.18181818181818168,-0.42832469775474963,1.0,2.0,5.09
STU-11314,0.0,0.4825147347740669,-0.2648620866883679,-0.6992287917737794,-0.02620274914089346,0.8545454545454539,1.331030512377663,0.0,3.0,4.45
STU-14570,0.2,0.0,-0.4026040774370405,-0.35989717223650436,0.5270618556701032,-0.10909090909090943,-0.7760506620610248,0.0,0.0,5.01
STU-13674,-0.4,-0.6129666011787821,-0.9151961624121993,-1.727506426735219,-1.1872852233676983,-0.16969696969696982,0.17962003454231443,0.0,3.0,2.56
STU-11304,0.0,1.1866404715127705,0.9988007538118888,1.1002570694087397,0.5270618556701032,0.24848484848484853,1.308002302820956,0.0,1.0,5.75
STU-12798,0.6,-0.5280943025540275,0.9988007538118888,-0.9151670951156817,0.5270618556701032,-0.4,0.6701208981001731,0.0,3.0,4.53
STU-11838,-0.2,-0.7056974459724953,-0.3539489463765637,-0.534704370179949,-1.307130584192441,0.8787878787878787,1.4139320667818078,1.0,4.0,3.55
STU-10345,0.0,-1.651866404715128,-0.5979098852150082,-1.7789203084832907,-1.4261168384879734,1.7030303030303025,-0.04375359815774313,0.0,3.0,2.92
STU-10044,2.0,-0.3159135559921415,0.03871851978756097,-0.9254498714652959,0.0,-0.1212121212121213,-0.2510074841681059,0.0,2.0,2.89
STU-12294,-0.4,-1.658153241650295,-0.5588487236594151,0.3187660668380458,-1.0906357388316157,-0.6727272727272727,-0.9994242947610824,1.0,0.0,3.49
STU-12154,-0.2,0.18860510805500974,0.9988007538118888,-0.3804627249357327,-0.6769759450171827,0.13333333333333316,-0.12435233160621764,0.0,4.0,4.34
STU-11703,-0.4,0.4683693516699412,0.9988007538118888,0.5141388174807198,0.5270618556701032,0.16363636363636333,-0.7714450201496834,1.0,4.0,5.37
STU-11016,0.4,-0.6412573673870335,-0.6890525955113933,-0.5861182519280208,-0.883161512027492,-0.2121212121212124,0.12435233160621764,0.0,0.0,3.53
STU-10909,-0.8,0.16345776031434173,-0.1627548398149744,-0.18508997429305973,0.5270618556701032,-0.054545454545454446,0.6378814047207831,0.0,1.0,4.27
STU-13516,0.8,0.18703339882121803,-0.6959054308720243,0.8534704370179939,0.5270618556701032,-0.4121212121212124,-0.4260218767990789,0.0,3.0,4.47
STU-11045,1.6,0.7041257367387035,0.4012335103649127,0.462724935732647,0.5270618556701032,-1.1393939393939392,-0.49740932642487046,0.0,4.0,5.67
STU-11405,0.8,-1.3925343811394892,-0.8082919307863639,-0.46272493573264795,-1.6030927835051558,-1.939393939393939,0.08981001727115731,1.0,4.0,2.38
STU-10234,-1.0,-0.24833005893909632,-0.3779338701387709,0.02056555269922835,-0.908075601374571,-0.21818181818181834,1.1606217616580312,1.0,3.0,4.03
STU-10225,-0.6,0.0,0.012677745417165534,0.41131105398457524,0.5270618556701032,-0.9333333333333331,-0.06217616580310872,1.0,0.0,5.47
STU-13145,0.0,-0.3693516699410609,-0.0256981326023652,-0.8534704370179949,0.3423539518900345,1.1212121212121213,-0.7438111686816351,0.0,0.0,4.86
STU-14229,0.0,-0.5406679764243615,0.11958197704300087,0.5244215938303339,-0.013745704467354278,0.06060606060606038,0.2256764536557284,0.0,3.0,8.007299994402032
STU-11534,-0.2,-1.3783889980353636,-1.132431043344184,-2.0822622107969164,-0.7856529209622001,0.7818181818181816,0.7046632124352332,0.0,4.0,1.95
STU-12451,0.2,-1.6974459724950888,-0.15247558677402834,-0.596401028277635,-1.442869415807561,0.448484848484848,0.9234312032239497,0.0,1.0,3.49
STU-14897,0.0,-0.9273084479371319,-0.9542573239677924,-0.7609254498714654,-0.9213917525773202,-0.6909090909090911,-0.20495106505469196,0.0,3.0,2.2
STU-10968,0.8,0.9241650294695481,-0.3751927359945183,0.39074550128534685,0.5270618556701032,-0.17575757575757575,-0.3293033966609096,0.0,0.0,5.21
STU-11013,0.0,0.15717092337917488,0.9988007538118888,-0.6992287917737794,0.34536082474226787,-0.06666666666666685,1.0201496833621189,0.0,3.0,4.38
STU-11095,0.4,-1.013752455795678,-1.4298440979955462,0.0411311053984567,-0.9304123711340216,0.6909090909090906,0.0,0.0,3.0,3.13
STU-12114,0.4,-0.25147347740667975,-0.1696076751756045,-0.3804627249357327,-0.20274914089347085,2.036363636363636,-1.0293609671848014,0.0,4.0,4.07
STU-13566,0.4,-0.034577603143418574,0.23882131231797052,0.5861182519280198,-0.9630584192439868,0.5939393939393935,0.0,0.0,1.0,5.1
STU-11067,-1.0,-1.207072691552063,-1.6840842898749364,-1.347043701799486,-0.7942439862542964,0.6545454545454539,-1.0546919976971791,0.0,1.0,2.22
STU-10547,-0.6,-0.8502946954813361,-0.07846496487921947,0.658097686375321,-0.7091924398625435,1.0969696969696965,-0.5964306275187105,0.0,4.0,3.94
STU-14663,0.8,-0.023575638506876287,0.015418879561418146,-1.1105398457583546,0.1340206185567007,0.0,0.20034542314335066,0.0,1.0,3.92
STU-12745,0.0,-1.2369351669941062,0.0,-0.9768637532133676,-0.6331615120274922,0.0666666666666663,0.845135290731146,0.0,2.0,2.9
STU-14763,-1.0,0.2813359528487229,0.9988007538118888,-0.3804627249357327,0.0,-0.2909090909090911,-0.5250431778929189,0.0,4.0,5.76
STU-11189,0.2,0.581532416502947,0.7048141168408416,1.3059125964010276,-0.02147766323024056,-0.2121212121212124,1.208981001727116,0.0,2.0,5.45
STU-14251,1.4,0.7449901768172886,0.1675518245674143,0.3393316195372742,0.0648625429553261,-0.4606060606060609,0.8267127230857804,1.0,4.0,4.65
STU-11739,0.0,-0.42278978388998034,-0.29090286105876334,-0.2570694087403599,-0.8634020618556709,0.16363636363636333,0.13356361542890044,0.0,4.0,3.13
STU-12758,-1.0,0.3190569744597249,0.12026726057906427,-0.12339331619537285,0.242697594501718,0.8121212121212114,-0.20955670696603346,0.0,0.0,4.92
STU-12918,1.4,1.0216110019646367,-0.07777968134315608,0.2776349614395882,0.5270618556701032,1.163636363636363,-0.7415083477259644,1.0,0.0,5.04
STU-10410,0.0,-0.5721021611001966,-0.27034435497687215,-1.6555269922879179,-0.4527491408934713,0.739393939393939,-0.234887737478411,0.0,3.0,2.95
STU-14879,-0.4,0.2451866404715129,-1.1584718177145803,1.120822622107969,0.03522336769759423,-0.48484848484848464,0.32239493379389766,0.0,4.0,4.81
STU-10912,0.0,-1.0640471512770138,-0.3614870652732572,-1.007712082262211,-0.6696735395189009,-0.9212121212121213,0.8750719631548648,0.0,3.0,2.84
STU-13331,1.0,-0.12573673870334,0.0,0.1439588688946012,0.5270618556701032,1.1999999999999995,1.3862982153137597,1.0,3.0,4.95
STU-11038,-1.0,-0.776424361493124,0.9556278910399172,0.17480719794344463,-0.2697594501718215,-0.6242424242424243,-0.7046632124352332,0.0,3.0,4.04
STU-14121,2.0,1.8341846758349711,0.8363885557649466,1.3059125964010276,0.5270618556701032,-2.0727272727272723,-0.637881404720783,0.0,2.0,4.76
STU-12594,0.4,-0.5170923379174852,-0.48963508651704707,0.010282776349614175,-0.2753436426116845,-1.4848484848484846,0.3753598157743236,1.0,3.0,4.19
STU-12469,0.6,-0.28919449901768174,0.2771971903375013,0.37017994858611764,0.014175257731958697,0.07878787878787871,-0.30397236614853185,1.0,3.0,4.48
STU-14304,-0.2,0.1823182711198429,-0.10793215692993093,-0.3804627249357327,0.5270618556701032,0.145454545454545,-0.888888888888889,0.0,0.0,5.27
STU-13224,0.4,1.2275049115913557,-0.6472502998115475,0.2776349614395882,0.5270618556701032,1.1757575757575758,-0.3246977547495683,0.0,2.0,4.75
STU-14166,0.6,0.7182711198428292,-0.17166352578379368,-0.2365038560411315,0.39991408934707934,0.39393939393939353,-0.6424870466321244,1.0,2.0,5.26
STU-14369,-1.0,1.6125736738703345,0.9988007538118888,0.7506426735218503,0.5270618556701032,0.9030303030303024,-0.6470926885434658,0.0,1.0,5.8
STU-10623,0.6,0.806286836935167,-0.28473530923419665,0.4215938303341894,0.4351374570446736,0.04242424242424205,-0.9556706966033394,0.0,3.0,4.65
STU-12430,-0.8,-0.10530451866404716,-0.05722117526126489,0.02056555269922835,0.05756013745704424,-0.44848484848484854,1.0063327576280945,0.0,3.0,4.14
STU-14053,-1.0,0.4432220039292732,0.11067329107418158,-0.09254498714653031,0.5270618556701032,-0.606060606060606,-0.29245826137017844,0.0,1.0,5.08
STU-14745,0.6,0.51237721021611,0.1456227514133963,0.791773778920308,0.18900343642611658,-0.4,-0.04605641911341398,1.0,2.0,5.34
STU-13186,2.1,-1.0907662082514737,-0.4183655987664909,-1.2236503856041134,-1.042525773195877,0.12727272727272723,-0.7115716753022453,0.0,4.0,2.95
STU-13029,-0.2,1.032612966601179,0.8637998972074689,1.2236503856041123,0.5270618556701032,0.7818181818181816,-0.29706390328151994,0.0,0.0,6.0
STU-10357,-1.0,0.014145383104125716,0.7500428302210034,0.45244215938303284,-0.2723367697594505,-0.4363636363636367,2.1565918249856075,1.0,1.0,4.63
STU-14068,2.1,0.6852652259332024,0.014048312489291353,-0.8226221079691522,0.5270618556701032,0.33333333333333315,-0.8336211859527922,0.0,4.0,4.59
STU-13529,0.2,-0.8801571709233793,-1.3345896864827826,-1.1619537275064273,-0.8406357388316159,0.36363636363636337,-0.5158318940702361,0.0,0.0,3.47
STU-13385,0.6,-0.6946954813359529,-0.7843070070241567,-1.4395886889460157,-0.6636597938144335,-1.0363636363636362,0.4605641911341394,0.0,3.0,1.74
STU-10095,-0.2,-0.21689587426326146,-1.99314716463937,-0.13367609254498794,-0.7302405498281791,0.5636363636363634,-0.4075993091537133,0.0,2.0,3.43
STU-11359,-0.4,0.8267190569744601,0.9988007538118888,0.8123393316195363,0.5270618556701032,0.04242424242424205,-0.0023028209556706478,0.0,3.0,5.64
STU-13902,0.0,0.03929273084479372,-2.1162412198046945,-1.007712082262211,0.5270618556701032,0.448484848484848,-0.7230857800805988,0.0,3.0,3.56
STU-14524,-1.0,-0.7717092337917487,-1.1433955799211935,-2.0822622107969164,-0.11082474226804123,-0.5575757575757574,-0.03223949337938968,1.0,2.0,2.37
STU-13180,0.2,0.4825147347740669,0.21003940380332248,-0.4113110539845761,0.023195876288659465,0.0666666666666663,-0.35924006908462863,0.0,3.0,4.05
STU-11793,-0.2,-0.46051080550098233,-0.002398492376221401,-0.9665809768637534,0.03737113402061816,0.7939393939393935,0.49050086355785844,0.0,4.0,2.4
STU-10293,-0.8,-0.4667976424361495,-0.862429330135344,-0.7095115681233937,-0.0708762886597941,-0.23636363636363666,-0.531951640759931,0.0,4.0,3.54
STU-12560,0.2,1.9347740667976425,0.5307520986808285,0.6375321336760916,0.5270618556701032,0.6545454545454539,-0.5780080598733449,0.0,3.0,5.93
STU-13947,0.0,0.04086444007858543,0.2347096111015921,-0.21593830334190317,-0.6215635738831619,0.27272727272727276,-0.43523316062176165,0.0,1.0,4.01
STU-11469,1.4,0.26561886051080547,0.5047113243104331,1.3059125964010276,0.43900343642611706,1.0242424242424242,-0.039147956246401834,0.0,4.0,5.61
STU-14293,1.2,-0.18546168958742631,-0.15521672091828093,-1.7583547557840624,0.5270618556701032,0.5999999999999994,-0.6655152561888313,0.0,0.0,3.32
STU-12577,1.2,1.0106090373280945,0.04077437039575019,-0.2365038560411315,-0.05283505154639195,-1.096969696969697,-0.6678180771445021,0.0,4.0,3.84
STU-11830,-0.2,0.0990176817288803,-0.4176803152304275,-0.534704370179949,0.0,0.6121212121212113,0.05757052389176742,0.0,1.0,4.57
STU-12417,-0.4,0.545383104125737,-0.7870481411684093,-0.9562982005141393,0.5270618556701032,1.5999999999999994,0.4743811168681637,0.0,4.0,4.33
STU-12319,0.0,-0.594106090373281,-0.6260065101935929,-0.46272493573264795,0.3771477663230243,0.4787878787878787,-0.43062751871042027,0.0,4.0,3.47
STU-10160,-0.2,0.05186640471512772,0.9261606989892057,0.0,0.5270618556701032,0.35757575757575744,0.8290155440414511,1.0,4.0,5.68
STU-14214,0.4,0.09273084479371316,0.2785677574096271,0.20565552699228715,-0.22465635738831644,0.3212121212121208,0.7990788716177318,0.0,3.0,4.0
STU-11978,-0.2,0.4872298624754421,0.09422648620866786,-1.0179948586118253,-0.32989690721649534,-0.19393939393939408,0.8151986183074267,1.0,3.0,4.1
STU-14572,0.0,-1.2777996070726916,-0.25047113243104435,0.061696658097685965,-0.5403780068728524,-0.26666666666666683,0.0,0.0,0.0,3.98
STU-11361,-1.0,0.30019646365422403,0.4402946719205059,1.1619537275064264,0.42482817869415834,-0.8303030303030302,-0.7714450201496834,0.0,2.0,5.26
STU-11202,0.0,-0.6333988212180748,-0.37998972074696014,0.19537275064267298,-1.1275773195876297,0.10909090909090889,0.3868739205526772,0.0,2.0,3.38
STU-10401,0.4,-0.8267190569744598,-0.5643309919479194,0.13367609254498702,-0.100945017182131,-0.7393939393939396,0.40299366724237196,1.0,4.0,4.15
STU-11090,0.2,-0.46051080550098233,-1.0673291074181954,0.5758354755784056,-0.4364261168384887,0.4303030303030302,0.1128382268278642,1.0,4.0,4.43
STU-10297,-1.0,1.2369351669941064,0.9988007538118888,0.730077120822622,0.5270618556701032,-0.1515151515151515,0.17962003454231443,1.0,0.0,5.63
STU-12148,-1.0,-0.15245579567779974,0.0,0.3804627249357318,0.4020618556701033,0.0,0.0,0.0,1.0,4.05
STU-12211,-0.8,-0.22789783889980347,-0.23196847695734144,-0.18508997429305973,-1.295532646048111,-0.5090909090909089,-0.3684513529073114,0.0,4.0,3.38
STU-12662,0.0,0.9728880157170927,-0.7548398149734462,-0.1439588688946021,0.5270618556701032,1.145454545454545,-0.37996545768566486,1.0,3.0,4.74
STU-14324,-1.0,-1.0090373280943028,0.8103477813945511,0.18508997429305882,-0.8371993127147775,-0.5939393939393941,-0.0069084628670121485,0.0,4.0,3.83
STU-11350,-0.2,-1.2463654223968568,-0.46085317800239906,-1.5938303341902318,-1.768041237113403,0.09090909090909056,0.09441565918249861,0.0,1.0,2.13
STU-12209,0.8,0.16345776031434173,-0.8446119581977054,1.059125964010282,0.3981958762886598,0.5393939393939391,-0.1842256764536557,1.0,1.0,4.28
STU-13824,-0.6,-1.5921414538310414,-0.2634915196162421,-1.4807197943444732,-1.3341924398625438,0.9939393939393936,-0.08290155440414496,0.0,4.0,2.08
STU-10386,-0.4,-0.550098231827112,-0.5787219462052429,-0.534704370179949,-0.2835051546391758,-0.9818181818181817,1.8814047207829598,0.0,1.0,3.29
STU-14092,1.6,-0.4683693516699412,-0.7096111015932854,-0.6889460154241652,-0.908075601374571,-0.34545454545454557,0.0,0.0,4.0,3.15
STU-14257,-0.4,2.124165029469548,0.39095425732396666,0.02056555269922835,0.5270618556701032,-1.193939393939394,-0.16580310880829013,1.0,2.0,4.43
STU-10741,1.4,1.0923379174852652,0.04831248929244365,-0.1439588688946021,0.5270618556701032,-0.2121212121212124,0.13356361542890044,0.0,3.0,4.9
STU-12102,-0.4,0.0,-0.7507281137570678,-0.5449871465295631,0.30197594501718233,0.5333333333333331,-0.4513529073114566,0.0,0.0,4.41
STU-14024,1.0,0.03300589390962686,0.047627205756381234,0.030848329048842524,0.25816151202749116,0.9999999999999994,0.667818077144502,0.0,2.0,4.48
STU-13519,0.4,0.25147347740667975,-0.24772999828679176,0.13367609254498702,0.5270618556701032,0.648484848484848,0.1082325849165227,0.0,3.0,5.16
STU-14894,0.4,-1.0891944990176818,-1.426417680315231,0.21593830334190225,-1.584192439862544,-0.5818181818181817,-1.040875071963155,1.0,3.0,1.93
STU-13663,1.0,0.7889980353634578,0.9008052081548727,1.3059125964010276,0.39132302405498304,-0.04848484848484852,-0.4812895797351756,0.0,4.0,5.43
STU-13387,-0.2,1.36581532416503,0.46633544629090234,0.5964010282776341,0.45060137457044674,-0.4,-0.7369027058146229,1.0,4.0,5.8
STU-11092,1.0,-0.059724950884086574,-0.12300839472331786,-0.5861182519280208,0.32431271477663237,0.8424242424242421,-0.7322970639032815,0.0,1.0,3.84
STU-14619,0.4,-0.6412573673870335,-1.4442350522528706,-0.5552699228791773,-0.9901202749140898,0.1212121212121213,0.2556131260794474,0.0,1.0,2.51
STU-10340,-0.8,2.0998035363457763,0.9988007538118888,0.0,0.5270618556701032,-0.27272727272727276,-0.5757052389176742,0.0,0.0,5.84
STU-10807,-0.6,-0.5768172888015718,-0.8706527325681008,0.030848329048842524,0.20618556701030927,0.11515151515151482,-0.6355785837651123,1.0,2.0,4.1
STU-12107,0.6,0.17917485265225946,0.2559534007195467,0.23650385604113058,-0.1593642611683853,0.13333333333333316,2.1565918249856075,0.0,2.0,3.98
STU-13445,0.6,-0.3913555992141455,0.0,-0.46272493573264795,-1.0751718213058425,0.36969696969696925,-0.7507196315486472,0.0,3.0,3.24
STU-11443,-1.0,0.4620825147347741,0.9988007538118888,0.7712082262210795,0.2113402061855672,0.0,1.4116292458261372,0.0,0.0,5.86
STU-12374,1.8,-0.39607072691552064,-0.004454342984410617,-0.44215938303341956,0.5270618556701032,0.07272727272727278,-0.3753598157743236,0.0,4.0,3.47
STU-12997,-0.2,0.24833005893909632,0.8603734795271538,0.39074550128534685,0.5270618556701032,0.4666666666666663,0.2164651698330456,1.0,2.0,4.9
STU-12960,0.4,0.3724950884086443,-0.231283193421279,-0.22622107969151733,0.5270618556701032,0.6303030303030301,0.432930339666091,1.0,2.0,4.34
STU-14520,0.8,0.46051080550098233,0.07229741305465084,-0.35989717223650436,-0.08934707903780066,0.5515151515151515,-0.06217616580310872,0.0,4.0,3.38
STU-14052,1.4,0.08644400785854629,-0.012677745417167482,0.19537275064267298,-0.06915807560137459,0.37575757575757573,-0.8612550374208406,0.0,4.0,3.7
STU-14352,0.0,-0.37721021611001976,-0.8494089429501462,0.30848329048843165,-0.44201030927835105,1.0606060606060599,0.7230857800805988,1.0,2.0,4.32
STU-12874,0.8,0.680550098231827,0.8055507966421103,1.3059125964010276,0.5270618556701032,0.5696969696969693,1.6971790443293038,1.0,2.0,5.77
STU-12455,-0.6,-0.37406679764243633,0.4498886414253886,-1.0385604113110545,0.5270618556701032,0.44242424242424205,0.9349453080023029,0.0,4.0,3.39
STU-11543,-0.2,0.4353634577603143,0.0654445776940198,-0.1439588688946021,0.45403780068728516,0.0,0.0,1.0,3.0,4.5
STU-12800,1.2,0.34734774066797663,0.02158643138598482,0.658097686375321,0.28436426116838465,-0.1333333333333337,0.19113413932066786,0.0,4.0,4.89
STU-13125,-0.6,-0.44950884086444004,-0.3210553366455382,-0.7814910025706947,-0.2426975945017186,-0.3939393939393941,-0.6102475532527347,0.0,1.0,3.7
STU-10310,-0.2,0.15559921414538316,0.29432927873907744,0.09254498714652941,0.17139175257731945,0.7878787878787876,0.08290155440414516,0.0,0.0,3.96
STU-11238,-1.0,0.2231827111984283,0.03597738564330933,0.730077120822622,0.0,-0.303030303030303,-0.47898675877950486,0.0,4.0,5.17
STU-12000,0.4,0.10530451866404716,-0.21209525441151364,1.2442159383033418,0.053694158075601406,0.13333333333333316,0.0,1.0,2.0,4.96
STU-13560,0.2,0.275049115913556,0.33133458968648233,-0.2365038560411315,0.5270618556701032,0.25454545454545446,0.7875647668393786,1.0,1.0,3.88
STU-10098,-0.4,-0.6616895874263262,-0.6308034949460347,-1.1311053984575838,-0.7220790378006878,1.8848484848484846,-0.10362694300518141,0.0,4.0,3.63
STU-11594,1.0,-0.9681728880157173,-0.1161555593626868,1.3059125964010276,-0.6030927835051553,-0.35757575757575744,-0.43062751871042027,0.0,4.0,4.06
STU-12523,1.2,-1.357956777996071,-1.444920335788933,-1.0591259640102828,-0.29467353951890046,-0.27272727272727276,1.2780656303972369,1.0,3.0,2.88
STU-11722,0.8,0.5689587426326129,0.5622751413397282,0.0,0.25945017182130564,0.5515151515151515,0.13816925734024194,0.0,0.0,5.03
STU-12035,0.8,0.4620825147347741,-0.19016618125749565,0.24678663239074478,-0.2646048109965642,-1.406060606060606,-0.33390903857225107,0.0,2.0,4.39
STU-10816,0.0,-0.06915520628683687,0.1003940380332355,1.059125964010282,0.02620274914089346,0.0,-1.0109383995394359,0.0,4.0,4.13
STU-14541,-0.2,-0.8157170923379177,-1.0221003940380335,-0.9357326478149101,0.0,0.03030303030303019,-1.0685089234312033,0.0,1.0,2.48
STU-12436,0.0,-1.214931237721022,0.0,-0.1953727506426739,-0.24226804123711357,0.09090909090909056,-0.4766839378238342,0.0,3.0,2.88
STU-13028,-0.6,-0.49980353634577607,-0.7363371594997433,-0.8329048843187664,0.0055841924398623505,0.36363636363636337,-0.7714450201496834,0.0,0.0,2.83
STU-13584,-1.0,1.0624754420432225,0.70207298269659,1.3059125964010276,0.5270618556701032,-0.2121212121212124,-0.7046632124352332,1.0,2.0,5.76
STU-10775,-0.6,0.12259332023575631,0.21689223916395353,0.6169665809768633,0.07388316151202748,1.5030303030303025,-0.45826137017846863,0.0,1.0,4.33
STU-14862,0.8,0.7387033398821218,0.9988007538118888,0.0,0.5270618556701032,-0.29696969696969705,-0.4444444444444444,0.0,2.0,4.47
STU-10776,0.4,0.8487229862475442,-0.06750042830221097,0.6786632390745493,-0.03565292096219926,-1.0242424242424242,1.9067357512953373,0.0,4.0,4.87
STU-14784,1.4,-0.08644400785854629,0.46633544629090234,0.7814910025706937,0.5270618556701032,-0.6848484848484846,1.208981001727116,0.0,3.0,4.98
STU-10601,1.6,1.0671905697445974,-0.8137741990748681,0.02056555269922835,0.4948453608247424,-0.9636363636363633,0.35463442717328736,0.0,4.0,4.1
STU-12711,0.4,-0.31277013752455807,-0.1490491690937133,-0.3393316195372751,-0.23152920962199328,0.0,-0.6010362694300518,0.0,0.0,3.54
STU-13406,-0.2,0.6098231827111986,0.0,0.8534704370179939,0.5270618556701032,0.7030303030303025,-0.9948186528497411,1.0,2.0,5.33
STU-11110,1.6,0.9115913555992144,0.5581634401233497,0.6066838046272491,0.17310996563573897,0.09696969696969704,-0.29245826137017844,0.0,3.0,5.05
STU-10546,0.8,0.7465618860510806,0.0,-0.6992287917737794,-0.6563573883161516,0.0,-0.5020149683362118,0.0,4.0,3.27
STU-14755,-0.6,-0.028290766208251432,0.17303409285591853,-0.22622107969151733,0.41752577319587647,0.8545454545454539,0.37075417386298226,1.0,1.0,3.61
STU-12787,-1.0,-0.6475442043222005,-0.6959054308720243,-0.40102827763496196,-0.2444158075601375,-0.3090909090909094,0.0,1.0,0.0,3.85
STU-13472,0.6,0.10687622789783888,-0.30323796470789866,-0.4318766066838054,-0.1340206185567013,-1.103030303030303,0.6263672999424295,0.0,4.0,2.82
STU-10526,-0.2,1.3233791748526527,-0.04214493746787795,0.45244215938303284,0.5270618556701032,-0.06666666666666685,-0.7000575705238918,1.0,0.0,4.76
STU-14666,0.0,-1.6864440078585465,-2.0116498201130724,-0.8534704370179949,-1.3286082474226815,0.25454545454545446,0.08750719631548647,0.0,2.0,1.98
STU-13253,1.0,-0.13045186640471515,0.37039575124207547,-0.21593830334190317,-0.16022336769759477,1.7333333333333332,0.9556706966033391,0.0,2.0,4.02
STU-14731,0.0,0.4385068762278978,0.7438752783964357,0.5861182519280198,0.32689003436426134,0.7757575757575758,-0.3776626367299942,0.0,4.0,4.33
STU-14783,-0.8,-0.7277013752455797,0.8754497173205408,-0.6992287917737794,-0.8036941580756022,0.3272727272727272,0.03223949337938989,0.0,3.0,3.42
STU-13648,0.0,-0.4306483300589392,0.10450573924961394,0.37017994858611764,-0.32087628865979395,1.145454545454545,-0.6816350028785263,1.0,0.0,5.62
STU-10205,0.6,0.7041257367387035,0.5376049340414586,-0.3496143958868902,-0.02620274914089346,-1.236363636363636,-0.7553252734599886,0.0,0.0,5.1
STU-10121,0.4,-0.8801571709233793,0.3532636628404993,-0.6272493573264784,-0.7706185567010313,-0.07878787878787871,-0.2072538860103626,0.0,4.0,3.7
STU-11518,-0.6,-0.5925343811394892,0.21620695562789013,-0.22622107969151733,0.20919243986254266,-1.0121212121212118,-0.8612550374208406,0.0,0.0,3.71
STU-11500,-1.0,-0.337917485265226,-0.4026040774370405,-0.802056555269923,-0.18642611683848823,0.7515151515151509,-0.4881980426021877,0.0,4.0,3.48
STU-10541,0.0,-1.4538310412573676,-0.06475929415795835,-0.9460154241645251,-2.0000000000000013,0.4787878787878787,0.06678180771445022,0.0,2.0,2.72
STU-14242,0.2,-0.8974459724950885,-1.176289189652219,-0.8637532133676099,-0.7624570446735399,0.03636363636363612,0.49740932642487057,0.0,0.0,3.05
STU-14200,-0.6,1.4176817288801573,0.7527839643652551,1.120822622107969,0.5270618556701032,-0.3515151515151515,-0.2510074841681059,0.0,4.0,5.53
STU-14603,0.0,0.957170923379175,0.7801953058077773,0.863753213367609,0.5270618556701032,-0.2606060606060609,0.02533103051237774,1.0,3.0,5.83
STU-14025,0.0,0.04086444007858543,-1.1557306835703278,0.0,0.0,-0.5878787878787881,0.584916522740357,0.0,1.0,4.1
STU-14221,-0.4,-0.46994106090373294,-0.10861744046599334,0.8226221079691514,0.4836769759450171,0.5636363636363634,0.2717328727691424,0.0,4.0,4.71
STU-10684,1.2,0.11630648330058944,-0.742504711324311,0.39074550128534685,-0.36512027491408955,0.6303030303030301,0.18192285549798506,1.0,2.0,4.22
STU-13576,-1.0,0.16502946954813374,0.29501456227514083,1.2544987146529558,0.5214776632302409,1.0121212121212113,-0.45365572826712725,0.0,4.0,4.94
STU-10636,2.1,-0.6522593320235758,-0.759636799725887,-2.0668380462724936,-0.14948453608247447,-0.4121212121212124,0.0,0.0,1.0,2.42
STU-12672,0.8,0.30333988212180746,0.9988007538118888,1.1825192802056548,0.39561855670103085,-0.10303030303030296,-0.3200921128382268,1.0,2.0,5.36
STU-12905,0.2,0.19017681728880173,0.0,-0.5861182519280208,-0.27147766323024103,0.0,0.4283246977547497,0.0,0.0,3.43
STU-12307,1.2,-0.35049115913556006,0.6068185711838265,0.5244215938303339,0.5270618556701032,0.4969696969696965,2.1565918249856075,0.0,2.0,4.61
STU-14436,0.4,-1.0530451866404718,-0.4718177145794075,-0.46272493573264795,-0.7637457044673545,0.5696969696969693,-0.31778929188255617,0.0,3.0,4.17
STU-13450,0.0,-0.08015717092337915,-0.45468562617783137,-0.5141388174807198,0.5270618556701032,1.1939393939393936,-0.46286701208981,0.0,3.0,3.03
STU-13091,1.0,0.36306483300589404,0.7952715436011643,0.0,0.0055841924398623505,-0.10303030303030296,-0.2855497985031665,0.0,2.0,5.01
STU-14737,-0.4,-0.8550098231827113,-0.06750042830221097,0.45244215938303284,-0.3990549828178699,-0.2,0.0,1.0,1.0,3.5
STU-13528,-0.4,0.755992141453831,0.4087716292616062,1.120822622107969,0.07517182130584196,0.5212121212121208,1.6442141623488775,0.0,2.0,5.07
STU-10825,1.6,-0.7937131630648331,-0.24772999828679176,-1.676092544987147,-0.5317869415807567,-0.9757575757575757,-0.5618883131836501,0.0,0.0,2.81
STU-12887,0.8,-1.2117878192534384,-1.6340585917423343,-1.007712082262211,-1.1688144329896915,0.642424242424242,-0.5918249856073691,0.0,3.0,2.66
STU-12597,-1.0,-0.13673870333988203,-0.8850436868254243,-0.03084832904884344,0.0,0.9212121212121213,-0.16810592976396077,1.0,4.0,3.87
STU-10842,1.4,-1.2353634577603145,-0.7342813088915551,-1.8817480719794346,-0.9295532646048116,0.5333333333333331,-0.5895221646516984,0.0,0.0,2.73
STU-13553,-0.8,-0.707269155206287,-0.7390782936439959,-0.7814910025706947,0.0,0.46060606060606035,-0.9948186528497411,0.0,4.0,2.33
STU-12228,-0.2,-0.7669941060903734,-0.9686482782251159,0.3804627249357318,-0.562285223367698,0.3515151515151515,-0.8635578583765113,1.0,4.0,3.59
STU-13530,-0.4,1.183497053045187,0.545143052938152,0.4832904884318763,0.5270618556701032,-0.4606060606060609,-0.95797351755901,0.0,0.0,5.66
STU-10012,-0.2,0.04243614931237715,-1.0419736165838624,-0.4113110539845761,-1.033934707903781,0.40606060606060596,1.641911341393207,0.0,2.0,3.15
STU-11442,1.0,0.3457760314341846,-0.7061846839129694,-0.18508997429305973,0.5270618556701032,0.27272727272727276,0.10592976396085205,1.0,1.0,4.47
STU-14451,1.2,-1.2227897838899806,-0.6623265376049344,0.0,-1.1791237113402069,-0.3696969696969698,-0.4237190558434082,0.0,3.0,2.05
STU-13161,0.2,0.31277013752455807,-0.6609559705328086,0.09254498714652941,0.5270618556701032,-1.636363636363636,0.9142199194012667,1.0,0.0,4.34
STU-12105,1.4,-0.1948919449901769,0.2127805379475751,1.2442159383033418,0.4239690721649483,-1.2606060606060603,0.2394933793897525,1.0,4.0,4.53
STU-14081,1.6,-1.3956777996070728,0.37793387013876895,1.3059125964010276,0.1310137457044673,-0.3090909090909094,-0.4260218767990789,1.0,0.0,4.68
STU-11448,0.0,-0.4919449901768175,-0.25047113243104435,-0.7917737789203089,-1.2233676975945025,-1.0727272727272728,1.4415659182498564,0.0,0.0,3.26
STU-10559,0.6,-0.7795677799607074,-0.20661298612300938,-0.2570694087403599,-0.6481958762886603,0.5999999999999994,0.9533678756476685,1.0,2.0,4.54
STU-12255,-0.4,-0.02671905697445972,0.318999486037347,0.02056555269922835,0.0,0.303030303030303,0.31548647092688553,0.0,4.0,4.99
STU-11271,0.8,-0.5280943025540275,-0.5485694706184691,-0.5861182519280208,-0.7319587628865987,-0.48484848484848464,-0.19113413932066786,1.0,3.0,3.31
STU-14944,0.8,-1.5214145383104127,-0.8377591228370743,-0.5449871465295631,-1.067439862542956,0.0060606060606059305,0.5342544617156015,0.0,4.0,1.81
STU-13395,-1.0,1.0404715127701378,-0.4327565530238144,0.5758354755784056,-0.3784364261168388,0.012121212121211861,0.518134715025907,1.0,2.0,4.52
STU-10708,0.0,-0.7214145383104127,-0.7555250985095087,0.5655526992287915,-0.11726804123711364,-0.8484848484848485,-0.5664939550949915,0.0,4.0,3.94
STU-13695,-0.6,0.35992141453831034,0.9988007538118888,1.2133676092544983,0.5270618556701032,0.2,1.4645941278065633,1.0,4.0,5.76
STU-13481,0.2,-0.16817288801571717,0.0,-0.6169665809768642,0.18384879725085926,1.8181818181818172,0.6516983304548074,0.0,2.0,3.96
STU-10301,0.6,-1.677013752455796,-1.8218262806236085,-1.7789203084832907,-1.038230240549829,0.9878787878787876,2.067933218192286,0.0,4.0,1.9
STU-13086,0.2,-0.14459724950884087,-0.5321226657529563,-0.010282776349615089,-0.9871134020618564,-0.9696969696969698,-0.22337363270005756,1.0,2.0,4.47
STU-13066,0.6,0.0,0.7836217234880923,-1.1105398457583546,-0.8711340206185573,0.5999999999999994,-0.44905008635578586,1.0,3.0,3.37
STU-11206,-1.0,-0.2860510805500983,0.65478841870824,0.13367609254498702,-1.0906357388316157,-0.8121212121212119,-0.508923431203224,0.0,2.0,3.87
STU-13420,1.2,-0.2813359528487229,-0.21620695562789208,-1.0591259640102828,-0.7517182130584197,-0.10303030303030296,-0.9165227403569373,0.0,1.0,3.69
STU-11417,1.0,-1.0719056974459726,0.0,-0.668380462724936,-0.29467353951890046,0.7757575757575758,1.208981001727116,0.0,3.0,3.37
STU-10629,0.0,0.0,-1.6278910399177664,-0.8843187660668382,-1.9604810996563584,-1.2606060606060603,0.8681635002878528,0.0,4.0,2.24
STU-12809,-0.4,1.845186640471513,0.9988007538118888,0.5244215938303339,0.5270618556701032,0.8606060606060598,1.4576856649395513,0.0,4.0,5.75
STU-10646,-0.4,-0.19803536345776032,-0.4334418365598778,-0.9357326478149101,-0.8724226804123717,-1.6,-0.2832469775474956,0.0,0.0,3.19
STU-10666,1.8,-1.5811394891944994,0.5197875621038199,-0.60668380462725,-0.7422680412371139,-0.40606060606060596,-0.16580310880829013,0.0,0.0,3.41
STU-13940,-0.4,1.3611001964636544,0.4848381017646043,0.6375321336760916,0.4286941580756012,-0.24848484848484853,0.0069084628670121485,1.0,4.0,5.71
STU-11081,0.6,-0.6302554027504912,0.20866883673119666,1.3059125964010276,-0.3797250859106533,-0.07878787878787871,0.062176165803108925,1.0,2.0,4.37
STU-10111,0.0,-0.6491159135559922,-0.4457769402090121,-0.22622107969151733,-1.2323883161512037,0.31515151515151485,-0.2832469775474956,0.0,1.0,3.86
STU-12750,0.2,-0.004715127701375146,-0.8583176289189656,0.0411311053984567,0.3475085910652918,-1.4121212121212119,1.1652274035693726,0.0,2.0,4.07
STU-14476,-0.2,0.13988212180746573,0.5492547541545305,0.30848329048843165,0.17955326460481077,1.1151515151515143,0.3799654576856651,0.0,2.0,4.47
STU-13194,1.2,-0.4243614931237721,-0.6883673119753309,0.12339331619537193,0.5270618556701032,0.5575757575757574,-0.46516983304548076,1.0,2.0,4.55
STU-12495,-0.6,0.034577603143418574,0.5492547541545305,-1.4087403598971722,0.5270618556701032,-0.36363636363636387,0.0,0.0,1.0,3.95
STU-11367,2.0,1.2966601178781927,0.9988007538118888,-0.26735218508997494,0.5270618556701032,0.18181818181818168,0.6424870466321244,1.0,3.0,5.08
STU-13825,0.2,-0.06286836935167,0.28747644337844735,0.39074550128534685,0.13487972508591076,0.33333333333333315,0.1082325849165227,1.0,4.0,4.87
STU-11062,-0.2,-0.2593320235756386,-0.1140997087544976,1.1722365038560407,-1.340635738831616,0.054545454545454446,0.9902130109383996,0.0,1.0,3.57
STU-14638,0.2,-0.08330058939096259,0.05585060818913712,0.23650385604113058,-0.02448453608247456,-0.7818181818181816,-0.33621185952792176,1.0,2.0,4.57
STU-11005,0.2,-1.7288801571709236,-1.5244132259722467,-0.9460154241645251,0.0,0.16363636363636333,0.03454231433506054,0.0,4.0,2.25
STU-14323,0.4,-1.52770137524558,-0.5519958882987841,-0.7712082262210795,-1.646048109965637,-1.1818181818181817,-0.025331030512377537,1.0,2.0,3.16
STU-13784,0.2,-0.5390962671905698,-0.021586431385986767,-0.802056555269923,-0.7521477663230247,0.0,-0.47207829591249284,0.0,1.0,3.2
STU-13068,0.0,0.20275049115913546,0.06475929415795738,0.0,0.17783505154639187,-0.33333333333333315,-0.9510650546919978,0.0,4.0,4.64
STU-11580,-1.0,0.15402750491159145,-0.7294843241391132,0.18508997429305882,0.3582474226804121,-1.0303030303030303,0.0,0.0,4.0,4.66
STU-14062,-0.2,0.43693516699410606,-0.32516703786191564,-1.5012853470437024,0.5270618556701032,0.24242424242424204,0.9556706966033391,0.0,4.0,4.48
STU-10085,1.2,-0.8298624754420434,0.0,0.7095115681233927,-0.5373711340206191,0.41818181818181777,0.9556706966033391,1.0,3.0,3.9
STU-10433,0.4,0.15402750491159145,0.30186739763577086,-0.03084832904884344,0.31658075601374547,1.1030303030303024,0.03454231433506054,1.0,1.0,3.91
STU-11260,0.2,0.2561886051080552,0.9988007538118888,-0.7300771208226229,0.19501718213058397,0.10303030303030296,-0.5734024179620035,0.0,3.0,4.59
STU-12816,-1.0,-0.17760314341846772,-0.8007538118896704,-0.07197943444730105,-0.02018900343642608,1.4181818181818173,0.062176165803108925,0.0,4.0,4.06
STU-14941,0.0,-0.05343811394891944,-0.7945862600651028,-0.010282776349615089,-1.243127147766324,-0.5272727272727272,1.9435808865860684,1.0,4.0,4.12
STU-13524,-1.0,0.3222003929273086,0.1778310776083594,0.8534704370179939,0.25214776632302377,-0.1333333333333337,0.039147956246401834,0.0,1.0,4.26
STU-14489,-0.2,1.981925343811395,0.9878362172348804,1.3059125964010276,0.0,-0.3212121212121213,-0.46286701208981,0.0,4.0,6.02
STU-11554,0.2,-0.5406679764243615,-0.09491176974473223,-0.6992287917737794,-0.8363402061855675,-0.27272727272727276,-0.17962003454231443,0.0,1.0,2.96
STU-14576,0.6,-0.32534381139489205,-0.2628062360801787,0.2570694087403599,-0.7315292096219936,-1.16969696969697,-0.12435233160621764,0.0,3.0,4.1
STU-14287,-0.2,0.03614931237721029,-0.20661298612300938,-0.06169665809768688,-1.771048109965637,0.25454545454545446,-0.5549798503166379,1.0,3.0,3.05
STU-13471,0.4,0.11159135559921429,0.5403460681857112,1.1002570694087397,0.009450171821305798,-0.7454545454545456,0.02763385146804839,1.0,0.0,5.36
STU-12792,-1.0,-0.6852652259332025,-0.5382902175775239,-0.10282776349614449,-0.9450171821305847,0.28484848484848463,0.4237190558434082,0.0,4.0,3.9
STU-10163,-0.6,0.05343811394891944,0.4368682542401909,0.3187660668380458,0.2955326460481099,0.6121212121212113,1.2112838226827867,0.0,0.0,6.1
STU-12363,-1.0,-0.23732809430255403,-1.259208497515848,-1.9742930591259642,0.08548109965635722,-0.34545454545454557,0.4858952216465171,0.0,0.0,3.14
STU-12985,0.4,2.124165029469548,0.19770430015418816,-0.2776349614395891,0.5270618556701032,-1.3151515151515147,-0.36154289004029927,0.0,3.0,5.15
STU-13024,1.2,-1.7288801571709236,-0.43412712009594023,-1.3059125964010285,-0.887886597938145,0.1878787878787876,-0.3293033966609096,0.0,4.0,3.43
STU-13847,0.2,-0.8550098231827113,0.0,-0.9768637532133676,-0.0378006872852238,-0.25454545454545446,-0.16350028785261947,0.0,3.0,2.98
STU-12656,0.6,1.2102161100196465,0.8439266746616401,-0.03084832904884344,0.3475085910652918,0.41818181818181777,-0.7184801381692574,1.0,3.0,4.89
STU-10444,-1.0,-0.06601178781925343,0.6170978242247727,0.21593830334190225,-0.519759450171822,0.03030303030303019,-0.4237190558434082,0.0,3.0,4.57
STU-10543,0.0,0.6789783889980355,0.9988007538118888,1.3059125964010276,0.5270618556701032,0.5030303030303029,0.0,1.0,4.0,5.48
STU-10119,0.6,1.280943025540275,0.6506767174918615,0.9048843187660666,-0.08247422680412383,0.6060606060606054,1.5728267127230862,0.0,3.0,4.38
STU-11244,0.4,0.3426326129666012,-0.8925818057221179,0.2879177377892024,0.033505154639175326,-1.6484848484848484,2.1565918249856075,1.0,4.0,3.88
STU-10376,0.6,0.3174852652259332,-0.6033921535035125,-0.13367609254498794,-0.293384879725086,-0.9272727272727272,0.23719055843408185,0.0,4.0,3.84
STU-12738,1.2,-0.28762278978389005,0.2847353092341947,0.0,0.5270618556701032,-0.14545454545454556,0.12435233160621764,1.0,3.0,5.1
STU-14690,0.2,-0.6585461689587429,0.9988007538118888,0.010282776349614175,-0.1623711340206187,0.012121212121211861,0.07369027058146237,0.0,2.0,3.4
STU-12743,0.8,1.2227897838899808,0.08326194963165935,-0.5141388174807198,0.5270618556701032,-1.1454545454545455,0.18883131836499722,0.0,3.0,4.83
STU-12132,0.6,0.0,0.18262806236080123,-1.3161953727506428,-0.6967353951890037,0.5878787878787876,-0.6263672999424295,0.0,4.0,3.58
STU-12752,-0.4,1.4711198428290768,0.9988007538118888,0.5655526992287915,0.5270618556701032,0.40606060606060596,0.27633851468048365,1.0,1.0,5.42
STU-12065,-0.6,0.8738703339882121,0.4615384615384605,0.6066838046272491,0.5270618556701032,0.22424242424242427,-0.37996545768566486,0.0,2.0,5.1
STU-10305,1.4,-1.001178781925344,0.8034949460339211,-0.30848329048843254,-0.7826460481099661,0.5272727272727272,-0.6263672999424295,0.0,3.0,3.84
STU-13207,0.4,-0.045579567779960584,0.15384615384615316,0.29820051413881654,0.15206185567010283,0.5818181818181817,-0.66090961427749,1.0,4.0,4.9
STU-11645,-0.2,0.27347740667976433,0.24156244646222313,0.32904884318766,-0.24613402061855702,0.8909090909090905,-0.31548647092688553,1.0,1.0,5.48
STU-10210,0.4,0.20432220039292745,-0.8617440465992815,-0.5244215938303348,0.027061855670102913,-0.7575757575757575,-0.8221070811744388,1.0,2.0,3.4
STU-13019,-0.2,0.0,-0.5033407572383082,0.37017994858611764,-0.09879725085910646,1.0606060606060599,-0.4605641911341394,0.0,1.0,3.96
STU-13872,-0.2,-0.7229862475442044,0.36902518416994967,-0.3907455012853478,-0.23109965635738886,0.44242424242424205,0.2924582613701786,0.0,0.0,4.48
STU-14291,0.8,-1.7288801571709236,-1.8602021586431392,-2.0822622107969164,0.0,-0.4787878787878787,-0.6678180771445021,0.0,2.0,1.0
STU-14442,0.4,0.6506876227897841,0.9988007538118888,-0.020565552699229262,0.5270618556701032,-0.4363636363636367,-0.4812895797351756,0.0,2.0,4.97
STU-12542,1.4,-0.015717092337917432,0.4300154188795608,0.5244215938303339,-0.5025773195876293,0.4787878787878787,1.4507772020725391,0.0,4.0,4.76
STU-11962,0.4,-0.17445972495088402,0.7630632174062011,-0.0514138817480727,0.5270618556701032,1.3090909090909084,0.0,0.0,0.0,4.37
STU-14308,-0.4,2.124165029469548,-0.3971218091485363,-0.8843187660668382,0.14776632302405496,0.6606060606060599,0.04375359815774333,0.0,3.0,3.75
STU-13097,-1.0,-0.0031434184675834306,-0.19976015076237835,-0.12339331619537285,-0.22981099656357437,0.19393939393939352,-0.5503742084052965,0.0,1.0,3.62
STU-11770,-0.8,-0.10373280943025544,0.5842042144937462,-0.5141388174807198,-0.8646907216494855,-0.006060606060606468,0.31318364997121484,0.0,4.0,4.18
STU-10408,-0.6,-1.7288801571709236,0.0,-1.6555269922879179,-1.2225085910652929,-1.193939393939394,0.35463442717328736,0.0,4.0,1.48
STU-14460,2.1,0.2907662082514735,0.764433784478327,0.9871465295629819,0.5270618556701032,0.5151515151515148,-0.8313183649971215,0.0,0.0,6.04
STU-13563,0.6,1.6785854616895877,0.9988007538118888,1.3059125964010276,0.0,-0.15757575757575795,1.0523891767415083,0.0,3.0,5.99
STU-14204,0.2,-0.7135559921414539,-0.42795956827137255,-0.18508997429305973,-1.4634879725085923,-0.6363636363636361,-0.0069084628670121485,0.0,4.0,3.01
STU-13373,0.6,0.5155206286836935,-0.2662326537604937,-0.40102827763496196,0.29123711340206204,-0.5818181818181817,0.5112262521588946,0.0,3.0,3.24
STU-14971,1.0,-1.7288801571709236,-0.21278053794757704,-0.46272493573264795,-1.1219931271477672,-0.5151515151515154,-0.7345998848589523,0.0,0.0,2.52
STU-14947,1.4,0.7811394891944989,0.40054822682884933,0.3187660668380458,0.4978522336769758,1.0606060606060599,0.1842256764536557,0.0,2.0,5.25
STU-11595,0.2,0.006286836935166861,0.1572725715264682,-0.5758354755784066,-0.9965635738831622,0.40606060606060596,-0.0046056419113412956,0.0,3.0,3.99
STU-11280,-1.0,0.3567779960707269,-0.3217406201816006,0.15424164524421538,0.05798969072164927,0.6181818181818183,-0.17731721358664357,0.0,2.0,5.03
STU-10114,2.0,-0.6161100196463655,-1.5100222717149228,-0.35989717223650436,-0.6907216494845364,0.7515151515151509,-0.9165227403569373,1.0,3.0,3.4
STU-12044,0.6,1.11434184675835,0.5170464279595673,1.1722365038560407,-0.058848797250859335,-0.7575757575757575,0.8727691421991941,0.0,4.0,5.78
STU-13606,-0.6,-0.5972495088408647,0.4492033578893262,1.00771208226221,0.47723367697594526,0.0,0.4559585492227981,1.0,4.0,6.12
STU-11064,0.6,0.8078585461689589,0.7157786534178511,0.8946015424164515,0.5270618556701032,-0.18787878787878814,-0.013816925734024092,0.0,2.0,6.11
STU-14962,0.0,1.4051080550098236,0.563645708411855,1.1002570694087397,0.5270618556701032,1.0666666666666658,0.35924006908462885,1.0,2.0,5.13
STU-14189,-1.0,1.3280943025540277,0.5458283364742155,0.4730077120822621,0.5270618556701032,1.2303030303030302,0.2878526194588371,1.0,3.0,5.97
STU-11694,2.0,-0.2907662082514735,0.052424190508822084,-0.8329048843187664,0.21864261168384846,-0.09696969696969704,0.5757052389176744,0.0,4.0,4.11
STU-14507,-1.0,0.23889980353634574,0.2120952544115117,-0.5552699228791773,0.0,-1.2666666666666664,0.9441565918249859,0.0,0.0,3.6
STU-12199,0.2,0.5139489194499018,0.9988007538118888,0.5038560411311046,0.06185567010309272,0.7515151515151509,0.9395509499136446,0.0,0.0,5.09
STU-11131,-0.8,-0.6035363457760315,-0.3546342299126271,-0.7506426735218512,-0.7938144329896913,-0.6181818181818183,1.6833621185952794,0.0,2.0,3.56
STU-10176,1.0,0.9477406679764246,-0.02706869967449102,0.5861182519280198,0.42998281786941567,-0.8,1.1375935521013243,0.0,1.0,4.62
STU-11779,-1.0,0.932023575638507,0.9988007538118888,0.7197943444730068,0.5270618556701032,1.2666666666666657,1.351755900978699,0.0,1.0,5.58
STU-13279,0.6,-1.6487229862475445,-0.3984923762206621,-0.21593830334190317,-2.0671713917525785,-0.6303030303030301,0.45365572826712725,0.0,4.0,1.76
STU-14000,1.2,0.7261296660117881,0.5773513791331151,0.22622107969151642,0.5270618556701032,-1.0424242424242427,0.6378814047207831,0.0,0.0,4.98
STU-13959,-1.0,0.0015717092337917153,0.023642281994174036,-1.5012853470437024,0.47723367697594526,-0.33333333333333315,2.1565918249856075,0.0,0.0,3.33
STU-11231,0.8,-0.6726915520628686,-0.5862600651019364,-0.9048843187660676,0.1292955326460478,0.3272727272727272,-0.5664939550949915,0.0,2.0,3.59
STU-11904,0.2,-1.1410609037328097,-1.1954771286619843,-0.03084832904884344,0.0,0.01818181818181779,-0.17962003454231443,0.0,3.0,3.31
STU-13400,1.8,-1.408251473477407,-0.24772999828679176,-0.60668380462725,-1.7246563573883174,-0.7575757575757575,1.4231433506044908,0.0,2.0,2.49
STU-13048,1.8,0.7779960707269156,0.639712180914853,-0.10282776349614449,-0.14862542955326502,-0.6787878787878787,0.6309729418537708,0.0,4.0,4.23
STU-10562,-0.6,-0.09430255402750487,0.6904231625835181,1.203084832904884,-0.14089347079037814,-0.20606060606060592,1.259643062751871,0.0,4.0,4.48
STU-10358,-0.6,0.6522593320235756,0.1661812574952875,0.8329048843187655,0.5270618556701032,-0.8363636363636361,-0.10362694300518141,1.0,4.0,5.15
STU-11878,0.6,1.181925343811395,-0.6493061504197367,0.6992287917737785,-0.10223367697594549,-0.4181818181818183,-0.1174438687392055,1.0,3.0,4.38
STU-11731,0.4,-0.5422396856581532,-0.8487236594140829,0.07197943444730014,-0.4059278350515467,0.9212121212121213,0.13816925734024194,0.0,2.0,4.19
STU-14730,0.2,0.5516699410609038,0.9988007538118888,1.3059125964010276,-0.17482817869415848,0.0666666666666663,0.356937248128958,0.0,3.0,5.15
STU-10508,1.0,0.6176817288801573,0.22237450745245776,-0.20565552699228806,-0.22465635738831644,0.25454545454545446,0.8313183649971216,0.0,2.0,3.7
STU-11593,1.6,-0.15245579567779974,-0.007880760664725652,-0.20565552699228806,0.5270618556701032,-0.7090909090909089,0.32700057570523894,0.0,3.0,4.36
STU-14994,1.0,-1.131630648330059,0.13534349837245122,-0.4215938303341903,-1.4716494845360835,-0.7939393939393941,-0.1980426021876798,0.0,3.0,2.99
STU-11782,1.2,-0.3096267190569746,0.32311118725372545,-0.3701799485861185,-0.053694158075601406,0.4666666666666663,-0.538860103626943,1.0,4.0,4.74
STU-10449,0.2,0.0,-1.7101250642453323,-0.6992287917737794,-1.5055841924398636,-0.35757575757575744,0.05296488198042613,0.0,0.0,2.28
STU-10620,1.0,0.13988212180746573,0.9988007538118888,-0.08226221079691523,0.4424398625429555,-0.8303030303030302,0.5734024179620034,0.0,2.0,4.94
STU-12040,0.0,1.232220039292731,-0.2299126263491532,-0.010282776349615089,0.5270618556701032,-0.9818181818181817,0.12204951065054699,0.0,0.0,7.628340680206097
STU-12028,0.8,0.29862475442043235,0.523213979784135,-0.4318766066838054,0.3359106529209621,0.5272727272727272,0.6954519286125506,0.0,4.0,4.78
STU-14970,1.2,0.3269155206286838,-0.47592941579578596,-1.0591259640102828,-0.06357388316151223,0.8909090909090905,1.9735175590097873,0.0,1.0,3.31
STU-10518,0.0,-1.2872298624754421,-1.2866198389583694,-1.4807197943444732,-1.288230240549829,-0.03636363636363666,-0.7576280944156593,1.0,1.0,1.96
STU-12447,0.8,-0.40078585461689603,-0.7993832448175436,-1.1002570694087406,0.003436426116838417,0.44242424242424205,0.05757052389176742,0.0,4.0,3.65
STU-12553,1.8,-0.25147347740667975,0.2038718519787558,0.7814910025706937,-0.983247422680413,0.38181818181818167,0.08750719631548647,0.0,1.0,3.65
STU-10963,0.8,-0.015717092337917432,0.9988007538118888,0.6786632390745493,-0.07774914089347093,1.545454545454545,0.26021876799078875,0.0,2.0,4.63
STU-14678,0.6,-0.7779960707269157,-1.2352235737536408,0.0,-1.0524054982817879,-0.7454545454545456,-0.2026482440990213,1.0,2.0,3.07
STU-13802,-0.2,-1.357956777996071,-1.839643652561248,-1.2236503856041134,-0.46262886597938213,1.4242424242424243,0.09211283822682796,0.0,4.0,2.68
STU-12292,-1.0,0.5579567779960709,0.9988007538118888,0.6169665809768633,0.5270618556701032,0.6242424242424243,0.4559585492227981,1.0,1.0,5.28
STU-10258,0.0,-0.15717092337917488,-0.0716121295185894,0.6683804627249351,0.0,-1.0909090909090906,-0.13356361542890044,0.0,3.0,3.52
STU-14190,0.0,1.0153241650294698,0.0,1.3059125964010276,0.5270618556701032,0.4545454545454545,0.1934369602763385,0.0,3.0,5.63
STU-13378,1.0,0.4086444007858546,0.0,0.09254498714652941,-0.06701030927835065,-0.5333333333333331,-0.7069660333909039,0.0,1.0,3.87
STU-14898,0.2,-0.744990176817289,-0.003083775912284798,-0.5141388174807198,-1.2710481099656366,-0.8424242424242426,-0.7783534830166955,0.0,3.0,3.12
STU-10068,0.0,-0.3190569744597249,0.3539489463765627,0.45244215938303284,-0.26073883161512074,-0.5575757575757574,0.4237190558434082,0.0,1.0,4.41
STU-12289,-1.0,0.0,-0.8055507966421113,0.0,-1.5549828178694167,0.37575757575757573,-0.18652849740932637,0.0,4.0,3.47
STU-13594,0.6,0.5972495088408647,-1.4031180400890872,0.3598971722365034,-1.0652920962199321,-0.7515151515151515,-0.5941278065630398,0.0,2.0,3.67
STU-10166,0.4,0.6066797642436149,0.39712180914853434,0.49357326478149044,0.18986254295532665,-0.0909090909090911,0.1842256764536557,0.0,4.0,5.4
STU-10978,-0.4,0.6726915520628687,0.9001199246188103,-0.16452442159383046,0.5270618556701032,0.08484848484848463,-0.3960852043753598,0.0,2.0,4.8
STU-11938,0.8,-0.9037328094302556,0.0,-0.7814910025706947,-0.9179553264604818,-0.1515151515151515,-0.31778929188255617,0.0,2.0,2.88
STU-13354,1.0,-0.044007858546168864,0.9988007538118888,-0.08226221079691523,0.518900343642612,0.40606060606060596,-0.47898675877950486,0.0,0.0,4.32
STU-13848,-0.2,0.20589390962671916,0.08463251670378517,-0.5552699228791773,0.5270618556701032,0.1878787878787876,-0.10362694300518141,0.0,4.0,3.88
STU-13682,-0.2,0.5375245579567781,0.7479869796128142,0.5449871465295623,-0.6314432989690726,0.145454545454545,0.568796776050662,0.0,2.0,5.06
STU-13684,-1.0,0.14931237721021604,-0.23470961110159405,-0.6375321336760925,-0.5176116838487974,-0.08484848484848517,0.4697754749568222,0.0,0.0,4.78
STU-13073,0.0,0.5438113948919452,0.9988007538118888,1.1413881748071972,0.0,-0.38181818181818167,-0.9648819804260219,0.0,0.0,4.8
STU-14496,1.8,-0.8597249508840865,0.8603734795271538,-0.8226221079691522,0.38187285223367723,0.5757575757575757,-0.5734024179620035,0.0,4.0,4.32
STU-12501,-0.6,0.31277013752455807,0.04694192222031784,-0.18508997429305973,0.5270618556701032,0.7212121212121213,0.5480713874496258,0.0,2.0,3.97
STU-12572,-0.2,-0.18074656188605118,0.39712180914853434,-0.13367609254498794,0.2491408934707904,-1.5515151515151515,-0.9971214738054118,0.0,0.0,4.8
STU-10024,1.0,-1.2526522593320237,-1.0090800068528358,-1.9434447300771212,-0.564432989690722,0.06060606060606038,0.3431203223949339,1.0,3.0,2.42
STU-14106,1.0,-0.581532416502947,-1.0947404488607166,-0.60668380462725,-1.6718213058419253,-1.0060606060606059,-0.6793321819228555,1.0,4.0,2.53
STU-11851,-0.6,-0.3269155206286838,0.2264862086688362,-0.35989717223650436,-0.38402061855670117,0.4303030303030302,-0.7622337363270006,1.0,1.0,3.82
STU-14502,0.4,-0.2703339882121809,-1.2208326194963173,0.0,-0.3530927835051548,0.6666666666666669,-0.5872193436960277,1.0,4.0,4.95
STU-10563,0.2,0.6239685658153243,0.5903717663183138,1.0488431876606679,0.28307560137457016,-0.5575757575757574,-0.92573402417962,1.0,3.0,4.98
STU-13486,0.2,-1.131630648330059,-0.9206784307007034,-0.9151670951156817,-1.242268041237114,0.2606060606060604,0.6217616580310882,1.0,4.0,2.28
STU-14230,1.4,0.46051080550098233,-0.2305979098852156,0.4010282776349611,0.5270618556701032,-0.27272727272727276,0.35002878526194603,1.0,4.0,4.74
STU-10398,-0.6,-0.2530451866404715,0.0,-0.3701799485861185,-0.11597938144329915,-0.18181818181818168,0.8151986183074267,0.0,3.0,3.94
STU-14618,1.8,-0.5265225933202358,-0.3299640226143575,-0.35989717223650436,-0.29596219931271495,0.4727272727272722,0.6540011514104781,0.0,2.0,4.15
STU-14337,-0.2,0.34420432220039293,0.3806750042830216,-0.9871465295629828,0.22336769759450198,0.9575757575757569,-0.7069660333909039,0.0,2.0,5.18
STU-13128,0.0,-0.11159135559921429,-0.8521500770943988,0.3187660668380458,-0.7482817869415812,-0.5575757575757574,0.9833045480713877,0.0,4.0,3.19
STU-10754,-0.2,-0.2467583497053046,0.9892067843070061,-0.6580976863753218,0.4841065292096221,-0.7696969696969698,-0.5803108808290156,0.0,2.0,4.34
STU-10412,-0.2,1.0891944990176818,0.5389755011135854,1.3059125964010276,0.5270618556701032,0.12727272727272723,0.0046056419113415,0.0,4.0,6.06
STU-12284,-0.4,0.5076620825147349,0.4142538975501105,-0.26735218508997494,0.5270618556701032,0.6848484848484846,0.16350028785261947,0.0,0.0,4.38
STU-11513,0.6,-1.4664047151277015,0.11889669350693748,0.16452442159382955,-0.2646048109965642,0.8606060606060598,-0.39838802533103046,0.0,1.0,3.58
STU-13474,0.0,0.4872298624754421,-0.1949631660099375,-0.16452442159383046,0.2847938144329897,0.15757575757575742,0.07599309153713302,0.0,1.0,4.56
STU-12645,0.0,1.8530451866404718,0.5396607846496477,1.2544987146529558,0.5270618556701032,0.42424242424242425,-0.455958549222798,0.0,2.0,5.91
STU-11948,-0.2,-0.5076620825147349,-1.5360630460853186,-1.0899742930591263,-0.7225085910652929,0.6666666666666669,-0.11974668969487615,0.0,1.0,2.4
STU-11199,0.2,0.7544204322200395,0.8425561075895143,-0.22622107969151733,0.5270618556701032,-0.2848484848484852,0.3684513529073116,0.0,1.0,4.79
STU-13062,1.0,1.0341846758349704,0.9988007538118888,0.4832904884318763,0.009879725085910219,1.6666666666666659,-0.13586643638457108,0.0,3.0,5.07
STU-12677,2.1,0.17760314341846772,0.8103477813945511,0.5449871465295623,0.5270618556701032,-0.909090909090909,0.2026482440990213,0.0,4.0,4.24
STU-11581,-0.8,0.5406679764243615,0.4485180743532628,0.061696658097685965,0.3724226804123714,0.3515151515151515,0.29015544041450775,0.0,2.0,4.28
STU-12444,0.8,-0.738703339882122,0.1120438581463074,0.24678663239074478,-0.5803264604811001,-0.8060606060606059,-0.14047207829591238,0.0,0.0,3.78
STU-14608,-1.0,-0.05815324165029458,-0.37382216892239245,-0.8431876606683806,0.5206185567010309,0.02424242424242426,2.0587219343696033,1.0,0.0,4.44
STU-14400,0.4,0.27819253438113944,0.6143566900805201,0.6169665809768633,0.40463917525773224,-0.7090909090909089,-0.34081750143926304,0.0,3.0,4.41
STU-10749,-1.0,1.2683693516699412,0.4094569127976696,1.0694087403598962,0.21563573883161508,0.20606060606060592,-0.7507196315486472,0.0,2.0,5.73
STU-13627,0.2,1.5355599214145386,-0.049683056364571425,0.0,0.5270618556701032,-1.0909090909090906,0.9142199194012667,0.0,4.0,5.29
STU-12491,0.2,-0.09587426326129658,0.36559876648963463,0.6992287917737785,0.1434707903780065,0.4363636363636361,0.21876799078871625,0.0,4.0,4.27
STU-10904,-0.2,0.9618860510805504,0.5842042144937462,1.0179948586118244,0.5270618556701032,0.0,0.30397236614853207,1.0,2.0,5.72
STU-11006,0.0,-0.12573673870334,-0.17714579407229794,-0.3496143958868902,-0.519329896907217,0.4303030303030302,0.5780080598733451,1.0,2.0,3.51
STU-10236,0.6,-0.011001964636542285,0.7363371594997423,0.4318766066838045,0.5270618556701032,0.9696969696969698,0.08059873344847451,0.0,0.0,5.01
STU-12870,1.4,0.5013752455795678,0.09559705328079368,1.3059125964010276,0.3612542955326461,0.7757575757575758,0.05757052389176742,0.0,2.0,4.86
STU-13854,-0.8,0.8911591355599219,-0.025012849066301805,0.5347043701799481,0.0,-0.2,-0.7023603914795625,1.0,1.0,5.69
STU-11112,-0.6,0.7449901768172886,-1.3743361315744393,-0.041131105398457615,-0.000429553264605031,1.163636363636363,-0.20034542314335066,1.0,3.0,5.02
STU-12881,0.4,-0.5673870333988212,-0.20524241905088259,-0.041131105398457615,-0.7701890034364268,1.3212121212121213,-0.13816925734024174,0.0,3.0,2.95
STU-12446,0.6,2.124165029469548,-0.6123008394723327,-0.15424164524421627,0.5270618556701032,-1.0303030303030303,-0.3707541738629821,0.0,1.0,3.89
STU-14175,1.0,0.5155206286836935,-0.4999143395579932,-0.8843187660668382,-0.01503436426116876,-1.3515151515151516,0.4881980426021878,1.0,4.0,4.0
STU-12939,-0.8,0.30019646365422403,-0.22785677574096397,-0.06169665809768688,0.37156357388316136,1.442424242424242,-0.6102475532527347,0.0,2.0,4.59
STU-10062,-1.0,-0.3929273084479372,0.28610587630632056,0.0,-0.12542955326460495,-0.4606060606060609,1.139896373056995,1.0,4.0,5.15
STU-11247,-0.2,-1.257367387033399,-0.7102963851293478,-0.3804627249357327,-0.8152920962199319,-0.49090909090909113,0.2993667242371906,1.0,4.0,2.69
STU-10112,0.2,0.18703339882121803,-0.5211581291759477,0.7506426735218503,-0.9175257731958768,0.3393939393939391,-0.35002878526194586,1.0,4.0,3.98
STU-12449,0.6,-0.05500982318271115,-0.15453143738221753,-0.08226221079691523,0.4746563573883163,0.0,-0.6908462867012091,1.0,4.0,4.47
STU-10003,-0.2,0.09430255402750487,-0.16138427274284858,-0.8740359897172241,-0.5614261168384886,-0.7090909090909089,-0.26482440990213,1.0,3.0,3.36
STU-12026,0.4,-0.2640471512770137,-0.28199417508994407,-1.1002570694087406,-0.10051546391752597,1.436363636363636,-0.5020149683362118,0.0,0.0,3.8
STU-13074,-0.4,0.3017681728880158,0.0,0.32904884318766,0.3719931271477664,1.3030303030303023,1.1260794473229707,1.0,3.0,5.16
STU-10078,0.6,0.833005893909627,0.563645708411855,1.3059125964010276,0.5270618556701032,0.5939393939393935,-0.5020149683362118,1.0,1.0,5.97
STU-10251,0.2,-0.0031434184675834306,0.815144766146992,1.0385604113110536,-0.4072164948453612,-0.31515151515151535,-0.6125503742084053,0.0,4.0,4.52
STU-12977,-1.0,0.3222003929273086,-0.2182628062360813,-0.08226221079691523,0.5270618556701032,-0.7818181818181816,0.11974668969487635,1.0,3.0,4.71
STU-12103,0.8,-0.12416502946954802,-0.3416138427274294,-0.5449871465295631,-0.6301546391752582,-0.5878787878787881,-0.2510074841681059,1.0,4.0,3.95
STU-13822,0.8,0.044007858546168864,-0.6164125406887102,1.0694087403598962,0.5270618556701032,0.4363636363636361,0.2210708117443869,1.0,3.0,4.68
STU-12628,-1.0,0.6365422396856584,0.3395579921192382,0.6169665809768633,0.18857388316151216,0.448484848484848,2.1565918249856075,1.0,3.0,5.58
STU-11727,0.6,0.7465618860510806,0.6780880589343828,0.41131105398457524,0.5150343642611684,-0.04848484848484852,-0.06678180771445022,0.0,2.0,4.63
STU-14787,-0.2,-0.36620825147347746,-0.3772485866027075,-0.3701799485861185,-0.6134020618556705,-0.03030303030303019,-0.4075993091537133,0.0,2.0,3.43
STU-14488,-0.4,-0.1603143418467583,0.9988007538118888,1.3059125964010276,-0.3165807560137461,-1.1515151515151514,1.3287276914219923,0.0,2.0,5.04
STU-13452,-0.6,0.5092337917485267,-0.7952715436011661,0.0,-0.7079037800687291,0.4303030303030302,0.6632124352331606,1.0,1.0,3.62
STU-11171,-0.2,-0.8455795677799608,0.37793387013876895,-0.041131105398457615,0.0,1.2969696969696964,0.039147956246401834,1.0,2.0,3.46
STU-14574,1.4,-1.7288801571709236,0.007195477128661282,0.2879177377892024,-0.9029209621993136,0.0,0.0,1.0,0.0,3.63
STU-11059,0.2,-0.9037328094302556,-0.541716635257839,-0.8431876606683806,-1.441151202749142,-0.5090909090909089,-0.9096142774899252,1.0,2.0,2.55
STU-14597,1.4,1.33909626719057,0.7048141168408416,-0.6889460154241652,0.5270618556701032,0.8909090909090905,0.4006908462867013,0.0,4.0,4.69
STU-14547,0.2,-0.6632612966601179,-0.27034435497687215,0.6786632390745493,-1.679982817869417,-0.18787878787878814,-0.637881404720783,1.0,4.0,3.85
STU-12387,-0.2,0.6616895874263263,0.9008052081548727,0.0,0.5270618556701032,-0.2909090909090911,-0.2164651698330454,0.0,1.0,4.57
STU-13178,-1.0,0.0,-1.109131403118041,-0.2365038560411315,-0.8926116838487979,-1.2484848484848485,0.2256764536557284,1.0,1.0,2.22
STU-10817,-0.2,0.3190569744597249,0.6493061504197357,0.7095115681233927,0.413659793814433,0.7696969696969698,-0.4766839378238342,1.0,4.0,5.46
STU-10643,-0.2,-0.3489194499017683,0.24910056535891661,-0.6786632390745502,-0.013745704467354278,0.6787878787878787,0.4697754749568222,0.0,3.0,3.73
STU-11245,-1.0,1.5355599214145386,0.6869967449032031,1.3059125964010276,-0.29467353951890046,0.5151515151515148,-0.06678180771445022,0.0,4.0,4.99
STU-14922,-1.0,0.5768172888015718,0.09354120267260543,-1.0385604113110545,0.5270618556701032,-0.10909090909090943,-0.22797927461139905,0.0,4.0,3.61
STU-14146,-0.2,-0.33320235756385064,-0.5389755011135863,0.11311053984575775,-0.7826460481099661,0.21212121212121185,-0.0069084628670121485,0.0,2.0,3.63
STU-12073,-1.0,1.3705304518664048,0.7404488607161207,0.5552699228791764,0.5270618556701032,-0.6,-0.66090961427749,0.0,2.0,5.02
STU-10520,-0.2,-0.050294695481336006,0.2833647421620689,-0.1439588688946021,0.5270618556701032,0.9818181818181817,0.5066206102475533,0.0,3.0,4.81
STU-13105,0.2,1.5559921414538311,0.9275312660613316,0.3598971722365034,0.5270618556701032,-1.193939393939394,0.06678180771445022,0.0,3.0,5.1
STU-14087,0.2,1.4176817288801573,0.9988007538118888,0.0,0.5270618556701032,-0.4303030303030302,0.42141623488773755,0.0,1.0,5.21
STU-10329,-0.4,0.8125736738703344,0.20798355319513326,0.2570694087403599,0.4510309278350518,0.28484848484848463,0.0,0.0,2.0,4.83
STU-12959,1.4,1.3925343811394892,0.6068185711838265,0.7506426735218503,0.5270618556701032,0.4363636363636361,0.4421416234887738,0.0,3.0,5.11
STU-10591,0.8,-0.24990176817288803,-0.02295699845811259,-1.1619537275064273,-0.9115120274914094,-0.49090909090909113,-0.3776626367299942,0.0,0.0,3.5
STU-10536,0.0,-0.5673870333988212,0.7623779338701377,0.37017994858611764,-0.27491408934707945,0.9575757575757569,0.7253886010362695,0.0,2.0,4.19
STU-11430,0.0,0.4526522593320238,-0.0832619496316613,-0.6992287917737794,0.5270618556701032,0.8181818181818183,-0.4052964881980426,0.0,0.0,5.12
STU-13289,-1.0,0.0,-0.7116669522014737,-1.0179948586118253,-0.6825601374570451,-0.3272727272727272,0.8036845135290731,0.0,0.0,3.13
STU-11533,-1.0,0.4055009823182712,-0.6136714065444586,1.192802056555269,0.0,0.15757575757575742,-0.4812895797351756,1.0,1.0,4.83
STU-10159,0.4,0.22475442043222002,0.17029295871166591,-0.31876606683804676,0.2491408934707904,-0.04848484848484852,1.1237766263673001,1.0,2.0,4.53
STU-14565,-0.6,0.01886051080550086,-1.0035977385643315,-0.8123393316195372,-0.9299828178694166,-0.22424242424242427,-0.8313183649971215,0.0,3.0,2.89
STU-11842,0.8,1.1614931237721025,0.9988007538118888,1.3059125964010276,0.5270618556701032,-0.33939393939393964,-0.8290155440414508,0.0,2.0,5.83
STU-14012,0.4,0.0,0.43892410484838007,1.120822622107969,0.04123711340206161,-0.2787878787878787,1.0938399539435812,1.0,4.0,5.38
STU-10928,-0.4,0.26876227897838917,0.1709782422477293,-0.1439588688946021,0.3419243986254295,0.8424242424242421,-0.3385146804835924,0.0,4.0,4.12
STU-14537,-1.0,0.0974459724950883,0.2258009251327728,0.8740359897172232,0.32560137457044686,0.27272727272727276,-0.9556706966033394,1.0,3.0,4.61
STU-14762,1.6,-0.08644400785854629,0.28610587630632056,0.8431876606683797,0.072594501718213,0.303030303030303,-0.7691421991940127,1.0,4.0,4.57
STU-10584,0.0,-0.40235756385068777,-0.5951687510707566,0.16452442159382955,-0.49871134020618585,-1.0727272727272728,-0.5826137017846863,0.0,2.0,3.59
STU-11168,0.6,0.0,0.9988007538118888,0.5449871465295623,0.5270618556701032,0.40606060606060596,-0.6240644789867589,1.0,0.0,6.18
STU-12633,-0.4,-0.8455795677799608,-1.299640226143568,-1.5012853470437024,-0.9995704467353962,-0.1333333333333337,-0.280944156591825,1.0,4.0,2.53
STU-14030,0.4,0.05815324165029458,0.6294329278739069,0.7403598971722362,-0.7229381443298972,-0.1212121212121213,-0.07829591249280367,0.0,0.0,4.24
STU-14829,0.0,-0.7056974459724953,-0.7575809491176979,-0.21593830334190317,-0.5919243986254299,-0.08484848484848517,-0.8981001727115718,1.0,2.0,3.76
STU-12651,0.2,-0.2939096267190569,-0.6479355833476109,-1.0385604113110545,-0.3088487972508592,-0.7575757575757575,0.12895797351755914,0.0,3.0,4.54
STU-12833,-0.2,-0.19017681728880173,0.48826451944491933,-0.21593830334190317,0.0,-0.6727272727272727,-0.5595854922279793,1.0,4.0,3.99
STU-14425,0.0,-0.43693516699410606,0.10998800753811819,-0.6375321336760925,0.45360824742268074,-0.4303030303030302,-0.5941278065630398,1.0,0.0,3.96
STU-13737,1.8,-0.44950884086444004,0.5471989035463413,0.9460154241645242,0.10695876288659778,0.2969696969696965,-0.280944156591825,0.0,3.0,4.85
STU-12857,0.0,-0.7355599214145384,-0.8925818057221179,0.8740359897172232,-0.8818728522336775,0.145454545454545,-0.9349453080023029,0.0,3.0,4.41
STU-10695,-1.0,0.8172888015717092,0.7116669522014727,0.863753213367609,0.33762886597938163,1.0727272727272728,-0.2302820955670697,1.0,4.0,5.83
STU-11235,0.0,-0.41021611001964636,0.0,0.16452442159382955,0.13144329896907234,-1.0787878787878786,0.9925158318940703,1.0,2.0,4.27
STU-10588,-0.4,0.22475442043222002,0.15316087031008976,0.0411311053984567,0.5270618556701032,-0.9151515151515154,-0.29015544041450775,1.0,4.0,4.84
STU-10573,-0.8,0.7874263261296663,0.5547370224430347,-0.3393316195372751,0.5270618556701032,0.7939393939393935,-0.4444444444444444,1.0,2.0,5.14
STU-11073,0.0,0.9996070726915521,0.4868939523727935,-0.18508997429305973,0.25171821305841935,-0.35757575757575744,0.0,0.0,2.0,4.88
STU-11315,0.8,-0.8031434184675836,0.0,-1.9125964010282777,-0.43384879725085973,-0.38181818181818167,2.0955670696603343,1.0,3.0,2.92
STU-11677,-0.8,1.0106090373280945,0.9988007538118888,0.34961439588688925,0.5270618556701032,-0.6606060606060604,0.4052964881980426,0.0,0.0,5.31
STU-11630,0.4,2.124165029469548,-0.300496830563646,-1.0488431876606688,0.4231099656357388,-0.3515151515151515,0.2855497985031665,0.0,2.0,3.87
STU-12088,-1.0,0.5658153241650296,-0.5629604248757936,-1.1311053984575838,0.5206185567010309,-1.939393939393939,1.3356361542890043,0.0,0.0,3.66
STU-10535,-0.6,0.04243614931237715,-1.0474558848723665,0.34961439588688925,0.08848797250859121,-0.6787878787878787,0.09211283822682796,1.0,2.0,4.82
STU-10035,-0.6,0.9461689587426327,0.8048655131060469,1.0488431876606679,0.5270618556701032,0.8060606060606054,-0.7207829591249281,0.0,4.0,5.45
STU-10417,-0.6,0.0,-0.140140483124894,0.23650385604113058,0.5270618556701032,-0.5515151515151515,1.4254461715601614,0.0,4.0,4.75
STU-13302,1.8,0.5893909626719058,0.004454342984408669,1.3059125964010276,0.024054982817869528,0.4303030303030302,2.1565918249856075,0.0,1.0,4.97
STU-10519,1.2,-0.059724950884086574,0.10450573924961394,-0.10282776349614449,0.3475085910652918,-0.44848484848484854,-0.4766839378238342,0.0,0.0,4.12
STU-14575,1.0,-0.9178781925343813,0.0,-1.470437017994859,-0.4394329896907221,-1.6606060606060604,-0.6493955094991365,1.0,1.0,2.07
STU-12013,-0.8,1.8561886051080552,0.9988007538118888,1.3059125964010276,0.0,0.39393939393939353,-0.4444444444444444,1.0,4.0,5.78
STU-10429,-1.0,-0.5186640471512772,0.4903203700531085,-0.6169665809768642,-0.38659793814433013,0.3272727272727272,-0.9740932642487047,0.0,1.0,3.63
STU-10208,-0.2,0.4809430255402752,0.6520472845639874,-0.5038560411311055,0.5270618556701032,0.8545454545454539,-0.9487622337363272,0.0,3.0,5.07
STU-12875,0.2,2.124165029469548,0.9988007538118888,1.3059125964010276,0.5270618556701032,-0.2424242424242426,1.2297063903281524,0.0,0.0,5.95
STU-13502,0.2,1.1017681728880162,-0.1058763063217417,0.5758354755784056,0.5270618556701032,-0.49696969696969706,0.26482440990213024,1.0,4.0,5.17
STU-12232,0.0,-0.8895874263261299,0.44440637313688436,0.2879177377892024,-0.2985395189003439,1.236363636363636,-0.49280368451352907,1.0,3.0,4.15
STU-10031,-1.0,0.3536345776031435,0.10793215692992897,0.24678663239074478,0.5270618556701032,-0.4545454545454545,-0.2625215889464594,0.0,1.0,5.0
STU-12337,0.4,-0.20117878192534375,-0.6582148363885569,0.30848329048843165,-1.340206185567011,1.86060606060606,-0.10132412204951055,1.0,0.0,4.33
STU-13875,-0.4,1.163064833005894,0.3532636628404993,0.5758354755784056,0.5270618556701032,0.2969696969696965,0.039147956246401834,0.0,4.0,5.55
STU-10652,0.6,-0.07544204322200401,-0.26965907144080975,0.6889460154241643,-0.9944158075601383,-0.49090909090909113,1.687967760506621,0.0,2.0,3.52
STU-13599,1.2,-0.2939096267190569,-1.3304779852664044,-1.1722365038560416,-0.3599656357388322,1.1212121212121213,1.4922279792746116,1.0,2.0,3.17
STU-14126,0.0,0.35992141453831034,0.16344012335103586,0.9665809768637526,-0.011168384879725312,-0.2,0.35924006908462885,0.0,3.0,4.89
STU-11155,0.6,-0.048722986247544293,-1.5401747473016965,0.0,-0.8303264604811,-0.9878787878787876,-0.66090961427749,0.0,4.0,2.96
STU-12503,-0.8,-0.048722986247544293,0.15316087031008976,-0.13367609254498794,0.0,0.40606060606060596,1.655728267127231,1.0,0.0,3.34
STU-14765,0.0,-1.5669941060903736,-0.7212609217063564,-1.0385604113110545,-1.0665807560137466,0.13939393939393907,0.7207829591249281,1.0,0.0,2.7
STU-13359,0.4,-0.9288801571709235,-0.24430358060647672,-0.31876606683804676,-1.780068728522338,-1.2606060606060603,-0.12204951065054699,0.0,2.0,3.01
STU-10860,0.6,-1.2463654223968568,-1.1934212780537952,-1.347043701799486,-1.463917525773197,-1.406060606060606,-0.4951065054691998,0.0,3.0,2.23
STU-12655,0.0,1.0703339882121807,0.9988007538118888,1.3059125964010276,0.3552405498281787,-0.042424242424242586,0.15198618307426603,0.0,2.0,5.29
STU-14741,1.0,-0.3426326129666012,0.5540517389069722,-0.5244215938303348,0.2603092783505157,0.848484848484848,2.0702360391479564,0.0,0.0,3.7
STU-11560,0.2,0.4322200392927309,-0.28336474216206986,0.2879177377892024,0.35094501718213084,0.0,1.9712147380541163,0.0,2.0,4.79
STU-11449,-0.6,0.8157170923379178,-0.19359259893781167,-0.22622107969151733,0.0,-0.8545454545454545,-0.2072538860103626,0.0,4.0,4.13
STU-12333,-0.2,-0.6129666011787821,-0.0140483124892933,0.23650385604113058,-0.1752577319587629,0.8121212121212114,0.7668393782383423,0.0,2.0,2.98
STU-14050,0.2,-0.776424361493124,-0.956998458112045,-0.5655526992287925,-0.9132302405498289,0.8303030303030302,0.7207829591249281,0.0,2.0,2.14
STU-10523,0.0,-0.5988212180746564,0.21140997087544927,0.5141388174807198,-0.5743127147766328,1.0121212121212113,-0.25561312607944725,1.0,0.0,3.95
STU-13497,0.2,-1.295088408644401,-1.3763919821826285,-0.6478149100257077,-1.8019759450171833,0.7090909090909083,0.8175014392630974,1.0,2.0,2.28
STU-13396,0.8,-0.04243614931237715,0.0,0.10282776349614357,0.2396907216494846,-0.8060606060606059,-0.3753598157743236,0.0,1.0,4.48
STU-10923,1.2,0.7182711198428292,-0.03392153503512109,0.6992287917737785,0.3896048109965635,0.5999999999999994,-0.3707541738629821,0.0,2.0,5.19
STU-10139,-1.0,0.08644400785854629,0.08531780023984857,-0.15424164524421627,-0.2985395189003439,-0.3212121212121213,1.0961427748992518,0.0,1.0,3.6
STU-10907,2.1,-0.5422396856581532,0.6876820284392655,0.21593830334190225,-0.1086769759450173,0.04848484848484852,0.7484168105929767,0.0,2.0,4.03
STU-14885,0.6,0.3834970530451866,-0.49785848894980395,0.4215938303341894,0.4604810996563576,2.048484848484848,-0.38457109959700636,1.0,0.0,5.31
STU-11053,1.2,0.3897838899803538,-0.6856261778310783,-0.18508997429305973,-0.44759450171821336,-1.1878787878787875,-0.4375359815774324,0.0,2.0,3.72
STU-10337,-1.0,-0.11159135559921429,0.35737536405687775,0.863753213367609,0.5270618556701032,-0.8,-0.16350028785261947,1.0,0.0,4.57
STU-14383,-1.0,-1.1033398821218077,-1.6594140825766668,-1.5218508997429308,-0.368986254295533,0.6606060606060599,0.584916522740357,1.0,4.0,2.65
STU-12934,0.0,0.7135559921414538,0.5821483638855569,0.08226221079691431,0.5270618556701032,0.03636363636363612,-0.5941278065630398,0.0,0.0,4.77
STU-11507,1.2,-0.5233791748526524,-0.1284906630118221,-0.31876606683804676,-0.19243986254295561,-1.3696969696969699,-1.1583189407023604,1.0,1.0,3.15
STU-10668,-0.4,-0.16817288801571717,0.18673976357717964,-0.2982005141388175,0.44888316151202784,0.21212121212121185,1.1514104778353487,0.0,4.0,4.22
STU-12134,-0.6,-0.7371316306483302,-0.1826280623608022,-0.6580976863753218,-1.2452749140893478,0.23030303030303018,0.14738054116292473,0.0,1.0,3.32
STU-14800,-0.2,0.012573673870334002,0.7589515161898227,-0.3701799485861185,0.5270618556701032,-1.0242424242424242,-0.4513529073114566,0.0,4.0,4.81
STU-10400,0.0,-0.8267190569744598,0.23882131231797052,0.07197943444730014,0.3990549828178693,-0.5272727272727272,0.06447898675877957,0.0,0.0,5.07
STU-10922,-0.4,-1.3375245579567783,-1.09542573239678,-1.665809768637532,-1.3642611683848807,0.3878787878787876,-0.24640184225676443,0.0,3.0,2.36
STU-12880,0.4,0.7324165029469549,-0.3491519616241229,-0.010282776349615089,0.5270618556701032,0.5151515151515148,-0.6286701208981003,0.0,4.0,4.77
STU-12731,0.2,0.7905697445972498,0.15041973616583815,0.6683804627249351,0.10481099656357384,0.7757575757575758,-0.8497409326424872,0.0,3.0,4.77
STU-11093,0.4,0.5673870333988212,0.9988007538118888,-0.7609254498714654,0.5270618556701032,0.7333333333333332,1.1951640759930917,0.0,0.0,4.35
STU-14495,0.8,0.11473477406679773,-0.18536919650505482,0.0,-0.08118556701030935,-0.31515151515151535,-0.7760506620610248,0.0,4.0,3.9
STU-10015,0.2,-0.4353634577603143,0.0668151447661466,-0.020565552699229262,0.32130584192439837,-0.7333333333333332,-0.7921704087507198,1.0,3.0,4.1
STU-11911,0.0,0.2090373280943026,0.0,-0.5655526992287925,0.3569587628865982,1.0606060606060599,1.6764536557282674,1.0,4.0,4.36
STU-10918,0.4,-0.037721021611002006,0.7473016960767508,-0.13367609254498794,0.18986254295532665,-0.7454545454545456,0.02533103051237774,0.0,4.0,4.78
STU-12001,0.2,-0.7166994106090374,0.5746102449888635,-1.0282776349614395,-0.7568728522336776,-0.8242424242424242,2.1565918249856075,0.0,3.0,3.72
STU-10109,1.8,0.028290766208251432,-0.3621723488093206,-0.46272493573264795,-0.4888316151202756,0.5515151515151515,-0.8105929763960853,1.0,0.0,4.51
STU-12014,0.6,-0.16188605108055001,0.9988007538118888,-0.1439588688946021,0.5270618556701032,-0.4424242424242426,-0.32700057570523894,0.0,0.0,4.07
STU-14267,0.8,0.21846758349705317,0.2792530409456905,0.17480719794344463,-0.04853951890034409,0.9030303030303024,0.07369027058146237,1.0,1.0,4.43
STU-13834,-0.2,0.012573673870334002,0.83707383930101,0.12339331619537193,-0.29123711340206204,-0.8787878787878787,-0.3431203223949339,0.0,0.0,4.54
STU-14483,1.8,-0.3237721021611003,0.06475929415795738,-0.5861182519280208,-0.14475945017182157,0.0,1.351755900978699,0.0,4.0,4.97
STU-12680,0.2,-0.6931237721021613,-1.5237279424361838,-0.6272493573264784,-1.1606529209622,-0.5333333333333331,-0.12665515256188828,0.0,4.0,2.29
STU-14658,1.2,-0.46365422396856576,-0.08120609902347209,0.658097686375321,-0.7203608247422689,0.0,0.4283246977547497,0.0,1.0,4.29
STU-13490,0.6,0.6868369351669944,0.5499400376905939,-0.5244215938303348,0.31743986254295553,-0.33333333333333315,-0.9280368451352907,0.0,4.0,4.11
STU-14406,0.0,-0.9021611001964639,0.6650676717491851,0.5141388174807198,0.17139175257731945,-1.6727272727272728,0.5872193436960277,0.0,3.0,3.88
STU-11781,-0.2,0.0,-0.7699160527668332,-1.1722365038560416,-0.858676975945018,0.31515151515151485,-0.888888888888889,0.0,3.0,2.62
STU-11887,-0.2,-0.41178781925343805,0.7616926503340753,-0.30848329048843254,-0.23840206185567012,-0.35757575757575744,-0.713874496257916,0.0,0.0,4.31
STU-11836,0.0,-0.36620825147347746,-0.05173890697276064,0.41131105398457524,0.10352233676975936,0.8909090909090905,0.568796776050662,1.0,2.0,4.11
STU-12666,1.2,-0.1210216110019646,-0.08531780023984954,0.0,-0.48195876288659817,-0.7393939393939396,0.5342544617156015,1.0,2.0,3.66
STU-11003,-0.8,0.05343811394891944,-0.0599623094055175,0.02056555269922835,-0.38487972508591123,0.26666666666666633,-0.6563039723661486,0.0,4.0,4.07
STU-11648,1.2,-0.6821218074656189,-0.29227342813089013,-0.30848329048843254,0.1765463917525774,0.40606060606060596,0.30857800805987334,0.0,4.0,3.58
STU-11289,-1.0,0.0,-0.32448175432585324,0.15424164524421538,-0.23582474226804176,0.0,2.031088082901555,0.0,3.0,4.33
STU-11706,1.2,2.115520628683694,0.9988007538118888,-0.26735218508997494,0.5270618556701032,-0.4787878787878787,2.1565918249856075,0.0,4.0,5.49
STU-10673,-0.8,0.0,-0.1833133458968656,-0.06169665809768688,0.07173539518900356,-0.9636363636363633,-0.7714450201496834,0.0,1.0,3.46
STU-10988,-0.2,0.17603143418467573,0.2011307178345032,-0.6889460154241652,-0.3264604810996569,-0.40606060606060596,-0.14968336211859518,0.0,3.0,3.6
STU-12508,-0.2,0.19332023575638516,0.7568956655816335,-0.13367609254498794,0.5270618556701032,-0.2909090909090911,-0.5734024179620035,1.0,4.0,4.44
STU-11489,1.0,-0.9178781925343813,-0.5951687510707566,0.09254498714652941,-0.6980240549828183,1.345454545454545,-0.20495106505469196,1.0,0.0,3.81
STU-14028,0.6,-1.601571709233792,0.9515161898235388,-0.3804627249357327,-0.5549828178694162,-0.5939393939393941,-0.44674726540011517,0.0,2.0,2.71
STU-13198,-1.0,-0.6648330058939098,-1.0474558848723665,-0.1439588688946021,-1.3011168384879734,-1.4666666666666663,-0.881980426021877,0.0,2.0,2.47
STU-11567,0.4,0.33320235756385064,-0.03871851978756292,-0.8740359897172241,0.30240549828178676,-0.909090909090909,-0.4766839378238342,0.0,4.0,4.65
STU-11355,0.0,-0.13516699410609032,0.6314887784820962,-0.2982005141388175,-0.12414089347079048,1.1212121212121213,0.4122049510650548,1.0,4.0,3.93
STU-12687,0.6,0.7277013752455795,-0.09833818742504824,1.0899742930591254,0.5270618556701032,-0.7333333333333332,-0.568796776050662,1.0,3.0,5.24
STU-13281,0.4,-0.02671905697445972,0.36422819941750784,0.7609254498714645,-0.31443298969072214,-0.36363636363636387,1.2412204951065056,0.0,2.0,3.38
STU-12639,0.4,0.20746561886051088,0.636285763234537,-0.8740359897172241,-0.5562714776632307,1.1272727272727272,0.5526770293609672,0.0,3.0,3.35
STU-14761,0.4,0.8471512770137527,-0.09765290388898484,-0.7917737789203089,0.37156357388316136,0.0,0.12895797351755914,0.0,1.0,3.93
STU-13913,1.4,-1.1253438113948921,-0.5376049340414605,-0.4113110539845761,-0.6804123711340212,0.10909090909090889,1.3172135866436385,0.0,0.0,3.51
STU-11585,-1.0,-0.2216110019646366,-0.0716121295185894,0.4421593830334187,0.08161512027491377,0.3393939393939391,-0.04605641911341398,1.0,2.0,3.47
STU-13144,1.4,0.023575638506876287,-0.7891039917765985,0.0,-0.1670962199312716,-0.2848484848484852,-0.07138744962579152,1.0,3.0,3.45
STU-11551,-0.4,0.3756385068762281,0.3820455713551474,0.16452442159382955,0.0,-0.8181818181818183,-1.137593552101324,0.0,4.0,4.43
STU-14039,1.2,0.24833005893909632,-0.0140483124892933,0.5141388174807198,0.5270618556701032,0.03636363636363612,0.02302820955670709,0.0,2.0,4.28
STU-14614,0.8,-0.7292730844793713,-0.3422991262634918,0.41131105398457524,-0.7804982817869421,-0.02424242424242426,0.29476108232584924,1.0,2.0,4.13
STU-11236,0.0,0.5092337917485267,0.08052081548740674,1.3059125964010276,0.5270618556701032,-0.4606060606060609,-0.7023603914795625,0.0,4.0,5.24
STU-13776,0.8,-0.5108055009823184,0.02569813260236325,-0.5861182519280208,-0.855670103092784,0.28484848484848463,0.3914795624640185,1.0,1.0,3.07
STU-11198,-0.2,0.6333988212180749,0.9988007538118888,-0.473007712082263,0.0,-1.9030303030303026,0.17271157167530227,0.0,2.0,4.19
STU-10063,1.4,0.9728880157170927,0.43892410484838007,0.7197943444730068,0.5270618556701032,0.07878787878787871,-0.6355785837651123,1.0,3.0,4.9
STU-12712,2.0,0.06129666011787829,0.0,0.4421593830334187,-0.8256013745704471,0.36969696969696925,-0.2256764536557282,1.0,3.0,3.96
STU-13077,-0.2,0.4385068762278978,-0.4587973273942098,0.4730077120822621,0.29639175257731937,0.37575757575757573,-0.06447898675877957,0.0,1.0,4.37
STU-13255,1.4,-0.9540275049115916,-0.3779338701387709,0.32904884318766,-1.0614261168384886,0.04242424242424205,-0.729994242947611,1.0,4.0,3.17
STU-12118,1.0,2.124165029469548,-1.0495117354805559,-0.5758354755784066,-1.3676975945017191,-0.20606060606060592,0.4674726540011515,1.0,4.0,3.13
STU-10259,0.6,0.6994106090373281,0.9988007538118888,0.0,0.5270618556701032,0.9393939393939391,-0.9234312032239494,0.0,0.0,5.64
STU-10590,-0.2,-0.14145383104125744,0.8226828850436865,0.37017994858611764,-0.6632302405498285,0.0,0.6056419113413932,1.0,4.0,4.13
STU-12507,0.4,0.705697445972495,0.3183142025012836,-0.2570694087403599,0.5270618556701032,-0.6545454545454544,-0.35463442717328736,0.0,0.0,4.69
STU-10192,-1.0,-0.3724950884086443,-0.8247387356518766,-0.9871465295629828,0.07646048109965645,-0.09696969696969704,0.0,0.0,2.0,3.02
STU-11947,0.0,0.40392927308447946,0.8781908514647924,0.6478149100257068,0.49097938144329895,0.04848484848484852,-0.26021876799078875,1.0,3.0,5.89
STU-13376,0.2,-0.9414538310412576,-0.3690251841699506,0.9151670951156807,-0.7233676975945023,0.16969696969696926,-0.050662061024755276,0.0,1.0,3.62
STU-11767,1.2,0.3049115913555992,0.6876820284392655,-0.3496143958868902,0.5270618556701032,0.39393939393939353,0.12435233160621764,0.0,4.0,4.81
STU-10594,0.0,0.5092337917485267,0.8014390954257319,0.34961439588688925,0.5270618556701032,-0.2606060606060609,-0.8681635002878527,0.0,4.0,4.18
STU-10344,1.2,-0.35992141453831034,0.19976015076237738,-0.6889460154241652,0.18728522336769768,0.2606060606060604,-0.5918249856073691,0.0,2.0,4.16
STU-11008,0.0,-1.1237721021611005,-1.5949974301867405,-0.9974293059125969,-0.36211340206185616,0.42424242424242425,-0.16810592976396077,1.0,4.0,2.96
STU-14509,-0.2,-0.6774066797642436,0.4375535377762543,-0.3496143958868902,-0.43900343642611706,0.36363636363636337,1.1053540587219346,1.0,4.0,4.04
STU-14386,1.2,0.4762278978388998,0.9988007538118888,-0.11311053984575867,0.4733676975945018,-0.01818181818181833,-0.6148531951640761,0.0,3.0,4.88
STU-11105,1.8,-0.5988212180746564,0.10656158985780315,-0.4318766066838054,-1.1335910652920969,0.1515151515151515,1.15601611974669,0.0,0.0,3.67
STU-13291,0.8,-1.5937131630648333,-1.6539318142881625,-1.542416452442159,-0.9256872852233681,-0.23636363636363666,0.2210708117443869,0.0,1.0,2.43
STU-10486,0.8,0.07544204322200401,-0.12095254411512864,-0.07197943444730105,-0.8062714776632312,-1.303030303030303,0.4237190558434082,0.0,2.0,3.68
STU-11669,1.2,-0.3096267190569746,-0.6225800925132778,-1.4807197943444732,0.09020618556701011,0.5212121212121208,-0.15659182498560734,0.0,1.0,2.03
STU-13381,0.4,-0.2671905697445972,0.3402432756553016,0.3804627249357318,-0.5953608247422684,-0.7636363636363639,-0.6470926885434658,1.0,4.0,3.73
STU-11117,0.2,-0.5422396856581532,0.1792016446804862,0.0,0.05283505154639134,-0.6303030303030301,0.20955670696603346,0.0,2.0,4.34
STU-12659,0.0,0.9005893909626721,0.1908514647935571,1.3059125964010276,0.5270618556701032,-1.1818181818181817,0.3615428900402995,1.0,3.0,5.27
STU-12343,-0.4,0.8094302554027504,0.5321226657529543,-0.802056555269923,0.36812714776632294,-1.5090909090909088,-0.8865860679332183,0.0,4.0,4.51
STU-14611,0.2,-0.13202357563850686,0.4183655987664889,0.17480719794344463,0.5270618556701032,-0.6,0.13356361542890044,0.0,4.0,4.61
STU-13193,0.4,-0.10844793713163059,-0.4923762206612997,-0.07197943444730105,0.5270618556701032,-1.0848484848484847,0.4306275187104204,0.0,4.0,4.05
STU-14935,-0.2,-0.4919449901768175,-0.7815658728799051,-0.10282776349614449,0.03092783505154636,0.12727272727272723,-0.13586643638457108,1.0,4.0,3.01
STU-13217,-1.0,0.2216110019646366,-0.6479355833476109,-0.3701799485861185,0.38187285223367723,1.3818181818181816,-0.17040875071963163,0.0,0.0,3.75
STU-14702,0.2,-0.906876227897839,-0.5129347267431908,0.5964010282776341,-0.49570446735395246,0.3878787878787876,-0.039147956246401834,1.0,0.0,3.8
STU-14625,0.0,-1.444400785854617,-1.0097652903888992,-0.22622107969151733,-0.34364261168384896,-0.07878787878787871,-0.812895797351756,0.0,2.0,2.47
STU-14869,0.4,1.0781925343811396,-0.2792530409456924,0.4730077120822621,0.5270618556701032,-0.6363636363636361,0.1082325849165227,0.0,2.0,3.85
STU-11746,1.0,-0.09587426326129658,0.6705499400376893,0.4832904884318763,-0.13144329896907234,-0.40606060606060596,-0.7484168105929765,0.0,4.0,4.49
STU-14753,0.8,0.0,0.0,1.2750642673521841,0.01073883161512028,0.0,-0.26482440990213,0.0,4.0,5.65
STU-13442,-0.6,0.5768172888015718,-0.07435326366284103,0.3187660668380458,-0.7465635738831623,0.13333333333333316,-0.45826137017846863,0.0,4.0,3.22
STU-12877,-0.2,-0.7056974459724953,0.07092684598252405,0.2570694087403599,-1.2680412371134029,0.07878787878787871,1.275762809441566,0.0,2.0,3.74
STU-10415,0.4,-0.13045186640471515,0.5650162754839808,-1.007712082262211,-0.22809278350515486,-1.3636363636363633,2.031088082901555,1.0,3.0,3.39
STU-12217,-1.0,1.1237721021611002,-0.21963337330820712,1.3059125964010276,0.5197594501718213,0.44242424242424205,-0.37996545768566486,0.0,4.0,6.5
STU-13696,-0.4,-0.7701375245579569,0.1442521843412705,-0.40102827763496196,-0.5124570446735401,-0.3939393939393941,0.541162924582614,0.0,3.0,3.65
STU-11480,-0.6,-0.8518664047151279,-0.9062874764433789,-0.2570694087403599,-1.117697594501719,-1.1515151515151514,-0.039147956246401834,1.0,3.0,3.29
STU-11216,0.2,0.4903732809430255,0.869282165495973,0.29820051413881654,0.0,0.2969696969696965,-0.3960852043753598,0.0,1.0,5.4
STU-11282,-0.4,0.5170923379174852,-0.043515504540003774,-0.5244215938303348,0.5270618556701032,-0.054545454545454446,0.8428324697754753,0.0,2.0,4.66
STU-14749,0.0,-0.3269155206286838,0.0017132088401570307,0.6066838046272491,-0.3608247422680417,0.44242424242424205,-0.23719055843408185,1.0,2.0,4.17
STU-11123,0.2,0.831434184675835,-0.10656158985780413,1.0385604113110536,0.5146048109965634,0.02424242424242426,-0.029936672423719037,1.0,4.0,5.84
STU-14605,-1.0,0.35520628683693517,0.33476100736679737,0.10282776349614357,-0.041666666666666644,0.03030303030303019,-0.02763385146804839,0.0,0.0,3.84
STU-10906,0.0,-0.2231827111984283,0.07435326366284006,-0.5552699228791773,-1.0502577319587636,0.28484848484848463,-1.1882556131260797,0.0,0.0,3.45
STU-14396,0.0,0.9728880157170927,0.5040260407743696,0.12339331619537193,0.5270618556701032,-0.03030303030303019,-0.1174438687392055,0.0,3.0,5.03
STU-11682,-1.0,0.10530451866404716,0.1792016446804862,0.9460154241645242,0.5270618556701032,1.0181818181818183,0.5803108808290157,0.0,3.0,4.71
STU-14774,1.4,-0.42278978388998034,0.5286962480726393,-0.5758354755784066,0.2508591065292093,-0.5878787878787881,0.0,0.0,4.0,4.21
STU-11826,-0.4,0.08958742632612973,0.6369710467706005,0.4215938303341894,-0.01546391752577318,1.2242424242424244,0.40759930915371345,1.0,1.0,5.31
STU-13670,-0.2,0.24361493123772118,-0.001027925304095582,0.6889460154241643,0.11812714776632309,0.6242424242424243,-0.3200921128382268,1.0,3.0,4.18
STU-14905,-0.2,-0.16660117878192546,-0.2792530409456924,-0.30848329048843254,-0.5970790378006878,-0.49090909090909113,0.9280368451352909,1.0,1.0,4.14
STU-14981,-1.0,-0.47465618860510805,-0.3217406201816006,0.3393316195372742,0.0,0.0,-0.6470926885434658,0.0,4.0,4.17
STU-12509,0.8,0.4353634577603143,-0.5896864827822523,-0.46272493573264795,0.3767182130584193,0.10909090909090889,1.91594703511802,0.0,1.0,3.83
STU-13607,-0.6,-0.13516699410609032,-0.5972246016789459,0.30848329048843165,-0.4652061855670105,-0.35757575757575744,-0.050662061024755276,1.0,1.0,4.01
STU-12126,-1.0,-1.4836935166994107,-0.6506767174918625,-1.2956298200514145,-0.639604810996564,0.13939393939393907,-0.46516983304548076,0.0,4.0,1.6
STU-12356,0.0,-0.9555992141453833,-0.1278053794757587,-0.22622107969151733,-0.40163230240549885,0.4727272727272722,0.06908462867012087,0.0,4.0,3.44
STU-11021,-0.6,-0.7151277013752456,0.5663868425561066,0.2570694087403599,-0.4054982817869417,0.7090909090909083,0.7207829591249281,1.0,1.0,4.65
STU-14212,0.0,-0.594106090373281,0.0,-0.5552699228791773,-0.10352233676975997,0.6242424242424243,-0.26482440990213,0.0,2.0,3.67
STU-10441,0.0,-1.301375245579568,-1.4175089943464119,-0.2570694087403599,0.0,-0.40606060606060596,0.01842256764536559,0.0,3.0,2.1
STU-10257,1.8,0.5485265225933204,0.9988007538118888,-0.07197943444730105,0.3341924398625432,0.07272727272727278,0.33621185952792176,0.0,4.0,4.56
STU-14650,-0.8,-0.045579567779960584,0.5382902175775219,-0.4318766066838054,0.5055841924398626,-0.9636363636363633,-0.683937823834197,0.0,4.0,4.1
STU-14991,-1.0,-0.8895874263261299,-0.4450916566729487,-1.2133676092544992,-0.8067010309278355,-0.46666666666666684,-0.7944732297063903,0.0,4.0,2.75
STU-12004,0.2,0.20117878192534375,-0.1744046599280463,0.3393316195372742,-0.8917525773195883,0.33333333333333315,-0.15659182498560734,0.0,4.0,4.82
STU-12524,-0.8,1.3469548133595288,0.9988007538118888,1.3059125964010276,0.5270618556701032,-0.6666666666666669,-0.9280368451352907,0.0,2.0,5.5
STU-10875,-0.6,1.4129666011787818,0.5766660955970527,0.29820051413881654,0.5270618556701032,-0.0909090909090911,1.0316637881404722,0.0,4.0,5.23
STU-11373,0.0,-1.7288801571709236,-0.39986294329278793,-0.3907455012853478,-2.0671713917525785,-0.6181818181818183,-0.3293033966609096,0.0,4.0,2.85
STU-13230,0.0,0.0,0.07503854719890249,0.26735218508997405,-0.027491408934707945,0.29090909090909056,0.17962003454231443,0.0,4.0,4.02
STU-12299,2.1,0.7009823182711201,0.9988007538118888,0.3393316195372742,0.49914089347079027,0.5090909090909089,0.0,0.0,0.0,5.66
STU-11716,-1.0,1.357956777996071,0.9988007538118888,0.010282776349614175,0.5270618556701032,0.012121212121211861,1.9412780656303974,0.0,2.0,5.44
STU-14296,0.8,-0.5265225933202358,-1.6690080520815493,-0.03084832904884344,-0.7680412371134029,0.46060606060606035,0.0,1.0,0.0,3.05
STU-14002,0.2,0.11473477406679773,0.5074524584546847,-0.2982005141388175,0.5270618556701032,-1.193939393939394,-0.6447898675877951,0.0,4.0,4.3
STU-10021,-1.0,0.0,-0.5355490834332713,0.6683804627249351,0.1516323024054984,0.28484848484848463,-0.42832469775474963,1.0,3.0,5.42
STU-11378,-0.8,0.30333988212180746,0.16823710810347672,0.8946015424164515,0.4471649484536084,-0.3272727272727272,-0.49740932642487046,0.0,1.0,5.6
STU-11463,0.0,-0.12888015717092344,0.2374507452458447,-0.6169665809768642,-0.20747422680412375,0.8545454545454539,-0.0023028209556706478,0.0,3.0,4.28
STU-10500,-0.2,-0.545383104125737,0.24156244646222313,0.07197943444730014,0.5270618556701032,0.13333333333333316,-0.7461139896373058,0.0,0.0,4.28
STU-13447,-0.2,1.2290766208251476,0.09628233681685708,0.30848329048843165,0.5270618556701032,0.6303030303030301,2.1565918249856075,0.0,1.0,4.7
STU-12986,-0.4,-0.07544204322200401,-0.38478670549940097,-0.7506426735218512,-0.006443298969072413,0.1212121212121213,0.38917674150834786,0.0,2.0,3.52
STU-10881,-0.8,-0.02671905697445972,-0.40740106218948136,-0.0514138817480727,-0.10223367697594549,-0.08484848484848517,-0.888888888888889,0.0,2.0,4.16
STU-13360,1.8,-1.1787819253438117,-0.6335446290902864,-0.1439588688946021,-1.1924398625429562,0.4727272727272722,-0.17731721358664357,1.0,4.0,3.82
STU-13011,1.6,1.3831041257367391,0.11547027582662243,0.19537275064267298,0.5270618556701032,0.41212121212121183,-1.0040299366724237,0.0,2.0,4.92
STU-11837,0.8,1.081335952848723,0.034606818571183515,-0.2776349614395891,0.5270618556701032,-0.6787878787878787,0.0,0.0,4.0,5.47
STU-13564,1.0,-0.3159135559921415,0.7534692479013184,0.7506426735218503,-1.1224226804123718,-0.5333333333333331,-0.7345998848589523,0.0,4.0,4.01
STU-10394,-0.2,0.3834970530451866,0.5800925132773678,-0.44215938303341956,0.45060137457044674,0.3878787878787876,1.6925734024179624,1.0,4.0,3.92
STU-14584,1.2,0.1210216110019646,-0.7822511564159674,-0.12339331619537285,-0.0867697594501723,-0.4787878787878787,-0.36384571099597013,0.0,4.0,3.05
STU-13589,-0.4,0.4950884086444009,-0.24772999828679176,-0.3496143958868902,0.5270618556701032,1.145454545454545,-0.2072538860103626,0.0,3.0,4.23
STU-12370,0.8,0.4652259332023578,0.0,-0.40102827763496196,0.5270618556701032,1.751515151515151,1.1168681635002882,0.0,4.0,5.02
STU-13141,1.0,-0.7952848722986249,-0.7267431899948615,0.6375321336760916,-0.7018900343642617,0.4666666666666663,0.05296488198042613,0.0,4.0,4.03
STU-11149,-1.0,-0.023575638506876287,0.0544800411170113,0.7095115681233927,0.32216494845360844,0.6969696969696965,0.7115716753022455,0.0,1.0,5.11
STU-10369,0.2,-0.782711198428291,0.04694192222031784,-0.13367609254498794,-0.9776632302405506,-0.44848484848484854,0.27864133563615434,0.0,4.0,3.94
STU-12316,0.4,0.3897838899803538,-0.2792530409456924,-0.17480719794344554,-0.639604810996564,-0.34545454545454557,0.22337363270005756,0.0,4.0,4.02
STU-13192,0.0,-1.0609037328094304,-1.1927359945177327,-1.4190231362467873,-0.27405498281787,-1.2242424242424244,-0.8704663212435234,0.0,4.0,2.71
STU-14256,0.0,-0.3190569744597249,-0.6280623608017821,0.07197943444730014,-0.08891752577319624,0.03030303030303019,2.1565918249856075,1.0,0.0,4.98
STU-10315,-0.2,-0.1587426326129666,0.3943806750042827,0.2570694087403599,0.5270618556701032,-0.703030303030303,0.3868739205526772,0.0,3.0,3.74
STU-10105,0.6,0.5045186640471515,0.5979098852150073,0.8534704370179939,0.11082474226804123,0.3090909090909089,-0.11053540587219335,0.0,0.0,5.14
STU-10794,1.2,1.0499017681728882,0.9988007538118888,0.7609254498714645,0.45189003436426123,0.8545454545454539,0.36384571099597013,0.0,4.0,5.7
STU-11432,1.0,-0.4888015717092338,-0.6273770772657197,0.21593830334190225,-1.6877147766323035,0.7757575757575758,-0.8336211859527922,0.0,2.0,3.49
STU-13244,-0.8,-0.3190569744597249,-0.4012335103649147,-0.5758354755784066,-0.9024914089347086,-0.06060606060606091,-0.2671272308578009,1.0,3.0,2.51
STU-13857,0.8,0.587819253438114,0.5622751413397282,-0.22622107969151733,0.027061855670102913,0.26666666666666633,-0.050662061024755276,1.0,4.0,4.67
STU-14982,-0.8,-0.3017681728880158,-0.19359259893781167,0.08226221079691431,0.242697594501718,-0.3212121212121213,0.0046056419113415,0.0,4.0,4.54
STU-11575,1.2,0.07072691552062858,-0.4108274798697964,-0.4524421593830338,-0.5489690721649488,-0.4424242424242426,-0.6447898675877951,1.0,3.0,4.24
STU-14858,0.6,1.4679764243614934,0.10656158985780315,-0.8123393316195372,0.5270618556701032,-0.7272727272727272,-0.6332757628094416,0.0,3.0,4.45
STU-12856,0.2,-0.2530451866404715,0.10313517217748812,-0.6580976863753218,0.33977663230240557,-0.5212121212121213,-0.5066206102475532,0.0,4.0,3.46
STU-12652,0.0,-0.8031434184675836,0.11478499229055904,-0.11311053984575867,-0.4334192439862547,0.3515151515151515,-0.32700057570523894,0.0,4.0,3.5
STU-11710,0.4,-0.056581532416502864,-1.6224087716292623,-0.5244215938303348,0.011597938144329733,0.3393939393939391,-0.46286701208981,0.0,1.0,3.46
STU-12375,-1.0,-1.1850687622789786,-0.21963337330820712,-1.4601542416452449,-0.6997422680412377,0.44242424242424205,-0.3293033966609096,0.0,4.0,2.5
STU-11566,1.0,0.6428290766208252,0.9988007538118888,0.5861182519280198,0.5270618556701032,0.25454545454545446,-0.03684513529073118,0.0,3.0,4.84
STU-10397,-1.0,-1.5339882121807469,-0.4382388213123186,-0.3496143958868902,-1.863831615120276,0.7151515151515153,0.22337363270005756,1.0,0.0,2.7
STU-12268,0.0,0.8785854616895875,-0.6431385985951691,-0.2776349614395891,0.23324742268041218,-0.5818181818181817,-0.3753598157743236,1.0,4.0,4.54
STU-13022,0.4,-1.4554027504911593,-0.5334932328250821,-0.8843187660668382,-1.0322164948453614,0.6545454545454539,-0.15198618307426603,0.0,4.0,3.23
STU-14445,1.2,-0.5186640471512772,0.33064930615041893,0.5552699228791764,-0.6103951890034371,-0.10909090909090943,0.10362694300518141,1.0,4.0,4.44
STU-12068,0.0,0.30333988212180746,0.246359431214664,0.39074550128534685,0.1799828178694158,0.37575757575757573,1.2642487046632125,0.0,4.0,4.43
STU-14061,0.4,1.357956777996071,0.9988007538118888,0.8534704370179939,0.5270618556701032,-0.6303030303030301,0.0,0.0,4.0,5.82
STU-13541,-1.0,-0.38821218074656205,0.0,0.18508997429305882,-0.21391752577319617,0.1212121212121213,0.33390903857225107,0.0,3.0,3.14
STU-11898,0.8,0.6522593320235756,-0.8953229398663705,-0.40102827763496196,0.5270618556701032,-1.7212121212121207,1.2734599884858955,0.0,0.0,4.6
STU-11265,0.0,0.6931237721021613,0.9988007538118888,0.0,0.5270618556701032,0.7515151515151509,0.0,0.0,4.0,5.68
STU-13487,1.8,-0.07544204322200401,0.0,-0.6580976863753218,-1.3238831615120286,-0.1333333333333337,0.9073114565342547,0.0,2.0,2.87
STU-12399,0.2,0.6066797642436149,-0.2305979098852156,1.3059125964010276,-0.07646048109965645,0.5393939393939391,-0.7530224525043179,1.0,3.0,5.39
STU-12532,0.0,0.3929273084479372,0.3724516018502647,0.8123393316195363,0.4810996563573887,0.5818181818181817,0.0,0.0,4.0,5.31
STU-10133,-0.4,-0.014145383104125716,-0.17714579407229794,-0.4113110539845761,0.5270618556701032,-0.40606060606060596,-0.4375359815774324,1.0,2.0,3.7
STU-14721,0.2,0.41493123772102175,0.9988007538118888,1.3059125964010276,0.5193298969072163,-0.14545454545454556,-0.310880829015544,1.0,0.0,5.96
STU-13498,0.8,0.933595284872299,0.9988007538118888,0.0411311053984567,0.5270618556701032,-0.18787878787878814,0.2579159470351181,0.0,0.0,5.54
STU-14954,-0.4,0.35520628683693517,-0.4176803152304275,-0.2467866323907457,0.5270618556701032,-0.6424242424242426,0.7253886010362695,0.0,0.0,4.8
STU-13049,0.4,0.18546168958742631,-0.24019187939009828,0.18508997429305882,0.24183848797250854,-0.6727272727272727,0.17271157167530227,0.0,1.0,4.73
STU-12023,0.0,-0.31277013752455807,0.0,0.0,0.5270618556701032,-1.739393939393939,-1.0915371329879104,1.0,4.0,3.32
STU-12331,-0.4,-0.33948919449901777,0.0,0.010282776349614175,0.5270618556701032,-0.33939393939393964,-0.8520437535981578,0.0,3.0,4.41
STU-14887,0.4,1.0970530451866407,0.9988007538118888,1.0694087403598962,0.5270618556701032,0.35757575757575744,0.3914795624640185,0.0,2.0,5.89
STU-10359,-0.2,-0.23575638506876231,-0.683570327222889,-0.4832904884318772,-1.0463917525773205,0.4303030303030302,-0.9694876223373634,0.0,1.0,3.32
STU-14208,-0.4,-0.5752455795677801,-1.0221003940380335,0.9768637532133667,-0.9467353951890043,-1.1636363636363634,0.02072538860103624,0.0,0.0,3.64
STU-14115,1.0,0.5280943025540275,0.4711324310433432,0.08226221079691431,0.5090206185567011,0.9151515151515143,0.601036269430052,0.0,4.0,4.67
STU-12722,0.0,1.706876227897839,0.36285763234538204,1.3059125964010276,0.5270618556701032,0.36969696969696925,0.38917674150834786,0.0,1.0,5.2
STU-10326,-0.8,0.0,-0.6493061504197367,1.2236503856041123,0.3612542955326461,-0.7090909090909089,-0.8405296488198044,1.0,3.0,4.09
STU-14227,1.0,0.13202357563850686,0.7034435497687158,1.3059125964010276,0.4304123711340207,0.3090909090909089,0.9902130109383996,0.0,4.0,5.4
STU-10665,-1.0,0.5909626719056975,0.9988007538118888,-0.596401028277635,0.5270618556701032,-0.48484848484848464,-0.5757052389176742,0.0,4.0,5.03
STU-12478,-1.0,0.7465618860510806,-0.3416138427274294,0.22622107969151642,0.5270618556701032,-0.22424242424242427,-0.3684513529073114,0.0,1.0,3.91
STU-11424,0.4,0.5359528487229863,0.9988007538118888,-0.2365038560411315,-0.008591065292096347,0.04848484848484852,-1.1675302245250434,1.0,3.0,4.72
STU-14418,0.4,-0.10216110019646372,0.9988007538118888,-1.4601542416452449,0.4024914089347077,0.2969696969696965,-0.6954519286125505,0.0,1.0,3.77
STU-12983,-1.0,-1.7288801571709236,0.10861744046599237,0.5655526992287915,-2.0671713917525785,0.4787878787878787,1.2964881980426024,0.0,4.0,2.32
STU-11279,0.2,-0.05186640471512772,-0.9672777111529901,0.6992287917737785,-0.0678694158075601,-0.10909090909090943,0.8635578583765116,0.0,4.0,4.62
STU-14696,0.8,-0.30019646365422403,-0.3984923762206621,0.13367609254498702,-0.19158075601374616,1.2969696969696964,-0.6563039723661486,0.0,4.0,4.7
STU-10999,0.2,0.045579567779960584,0.7013876991605266,0.18508997429305882,0.07001718213058404,0.5636363636363634,0.753022452504318,1.0,0.0,4.85
STU-11075,1.4,1.0231827111984286,0.9988007538118888,1.3059125964010276,0.26546391752577303,1.454545454545454,0.1174438687392055,0.0,4.0,6.15
STU-12961,0.0,-0.8707269155206289,-0.7109816686654112,-0.9871465295629828,-0.6537800687285227,-1.3696969696969699,0.1404720782959126,0.0,3.0,2.66
STU-12924,1.2,-1.007465618860511,-0.4786705499400386,0.10282776349614357,-0.10137457044673542,-0.4363636363636367,-0.12665515256188828,1.0,2.0,3.78
STU-12622,-0.2,0.9414538310412572,-0.018845297241734154,-0.12339331619537285,0.5270618556701032,-0.19393939393939408,0.320092112838227,0.0,1.0,4.08
STU-10703,-1.0,-0.8911591355599215,-0.7548398149734462,-0.2365038560411315,0.5270618556701032,-0.44848484848484854,0.9326424870466322,1.0,2.0,4.13
STU-14312,-0.8,-0.38506876227897835,-1.0625321226657536,-0.4113110539845761,-1.3148625429553276,0.2787878787878787,0.0,0.0,2.0,3.58
STU-14430,0.0,0.43693516699410606,0.4361829707041284,0.2776349614395882,0.5270618556701032,0.24848484848484853,-0.36154289004029927,1.0,2.0,5.39
STU-14934,-0.2,-0.028290766208251432,0.3868425561075882,0.658097686375321,-0.5184707903780075,-0.7696969696969698,0.12435233160621764,1.0,0.0,4.09
STU-10377,0.0,-0.44007858546168976,-0.15384615384615413,-0.4832904884318772,-0.2444158075601375,0.25454545454545446,-0.9027058146229132,0.0,2.0,3.25
STU-12635,-0.6,0.8943025540275052,0.0003426417680312114,0.3804627249357318,0.5270618556701032,0.9575757575757569,0.9004029936672427,0.0,4.0,5.57
STU-13598,0.4,-0.7041257367387035,-0.09148535206441719,-0.9151670951156817,-0.08376288659793832,0.01818181818181779,0.20725388601036282,1.0,0.0,4.33
STU-14506,0.8,-0.2829076620825149,-0.3285934555422317,0.11311053984575775,-0.36984536082474245,-1.0363636363636362,0.525043177892919,0.0,4.0,4.61
STU-13710,0.6,0.20589390962671916,0.6890525955113923,-0.6786632390745502,0.5270618556701032,0.9212121212121213,-0.455958549222798,0.0,1.0,4.61
STU-14125,-0.6,-0.21689587426326146,0.0,-0.4113110539845761,-0.41237113402061915,0.5696969696969693,1.0708117443868739,1.0,1.0,4.55
STU-13869,0.6,-0.5029469548133595,-1.3428130889155396,-0.4215938303341903,-1.070017182130585,0.04242424242424205,-0.4006908462867013,0.0,1.0,2.07
STU-13568,0.0,1.3139489194499019,0.7102963851293469,-0.534704370179949,0.5270618556701032,-0.8121212121212119,-0.6217616580310881,0.0,0.0,5.15
STU-12244,-0.2,0.4683693516699412,0.541716635257837,0.20565552699228715,0.30541237113402075,-0.5151515151515154,0.7668393782383423,1.0,1.0,4.2
STU-14194,-1.0,1.9426326129666014,0.366284050025697,-0.010282776349615089,0.5270618556701032,-0.1212121212121213,0.19804260218768002,0.0,0.0,4.22
STU-10007,0.2,0.4306483300589392,-0.3011821140997094,0.26735218508997405,0.0,-1.5696969696969694,-0.36614853195164077,1.0,4.0,4.28
STU-14124,0.4,0.3316306483300589,0.8953229398663685,0.0,0.5270618556701032,0.5515151515151515,-0.7069660333909039,0.0,4.0,4.88
STU-10525,-1.0,0.1210216110019646,-0.44029467192050786,-0.740359897172237,-0.31786941580756056,-0.07272727272727278,-0.6655152561888313,0.0,4.0,3.59
STU-14567,0.2,0.5438113948919452,-0.7507281137570678,0.0,0.072594501718213,0.0,0.6793321819228556,0.0,3.0,4.33
STU-11720,-0.6,-0.5139489194499018,-0.2874764433784483,0.07197943444730014,-0.49097938144329956,-0.21818181818181834,-0.24179620034542315,0.0,2.0,3.6
STU-11208,0.0,-0.8895874263261299,-1.0878876135000866,-0.9357326478149101,-0.47379725085910684,-1.109090909090909,0.13356361542890044,0.0,3.0,3.19
STU-14321,0.8,0.8864440078585464,0.9727599794414934,-0.16452442159383046,0.5270618556701032,-0.40606060606060596,0.8681635002878528,1.0,2.0,4.94
STU-10453,-1.0,-0.39607072691552064,0.0318656844269309,0.22622107969151642,0.34493127147766345,-0.2787878787878787,1.2020725388601037,0.0,4.0,4.3
STU-10767,-1.0,1.0153241650294698,0.19016618125749468,-0.5244215938303348,0.48625429553264604,-1.236363636363636,0.1312607944732298,1.0,4.0,5.25
STU-12125,-0.6,0.42121807465618866,-0.11067329107418256,0.730077120822622,0.5270618556701032,-0.5757575757575757,0.1312607944732298,1.0,4.0,4.7
STU-12611,0.8,-1.0278978388998037,-0.029809833818743633,-0.6786632390745502,-0.6039518900343647,0.27272727272727276,-0.07829591249280367,0.0,0.0,3.18
STU-12248,0.8,-1.5512770137524563,-0.6568442693164301,-1.0488431876606688,-1.2173539518900351,0.6060606060606054,-0.7069660333909039,0.0,0.0,3.31
STU-11663,-1.0,0.275049115913556,0.0318656844269309,-0.4318766066838054,0.04939862542955293,0.2363636363636361,0.09671848013816925,1.0,2.0,4.72
STU-10537,-0.8,0.47308447937131637,-0.4882645194449213,-0.5244215938303348,0.4527491408934707,0.1515151515151515,0.0,0.0,4.0,4.69
STU-14545,0.8,0.587819253438114,-0.3073496659242771,0.2570694087403599,0.09664948453608253,-0.7636363636363639,0.5734024179620034,1.0,4.0,4.16
STU-12796,0.4,1.284086444007859,0.5972246016789439,0.730077120822622,0.5270618556701032,0.2787878787878787,2.1439263097294186,0.0,4.0,5.31
STU-13821,1.2,0.0,0.7945862600651008,-0.35989717223650436,0.0,0.06060606060606038,0.3246977547495683,0.0,4.0,5.0
STU-14049,0.8,0.42907662082514747,0.7411341442521832,0.9665809768637526,0.2461340206185564,-0.054545454545454446,1.162924582613702,0.0,4.0,4.83
STU-12349,-0.6,0.6554027504911595,0.340928559191365,1.1722365038560407,0.3694158075601374,-0.35757575757575744,-0.42832469775474963,0.0,1.0,5.07
STU-12096,-0.2,-0.14616895874263258,0.2237450745245836,-0.6272493573264784,0.05970790378006879,-0.35757575757575744,0.3293033966609098,0.0,3.0,3.44
STU-11894,-0.6,1.6502946954813362,0.9988007538118888,1.3059125964010276,0.5270618556701032,0.648484848484848,-0.3431203223949339,0.0,3.0,6.37
STU-12978,0.0,0.0990176817288803,0.14836388555764893,0.2879177377892024,-0.29295532646048156,0.22424242424242427,0.5549798503166382,1.0,3.0,4.8
STU-11187,-0.4,1.5544204322200397,0.9988007538118888,1.2339331619537266,0.5270618556701032,-0.7636363636363639,-0.35002878526194586,0.0,3.0,5.54
STU-13804,0.2,0.028290766208251432,-0.029124550282680236,-0.5552699228791773,-0.23453608247422728,0.0,-0.2164651698330454,0.0,3.0,4.02
STU-12179,0.8,0.35834970530451865,-0.2881617269145117,-0.3907455012853478,0.20489690721649478,1.2121212121212113,1.2780656303972369,0.0,2.0,4.71
STU-10004,-0.2,0.4573673870333989,-0.07709439780709365,0.4421593830334187,-0.93298969072165,-0.8787878787878787,0.6816350028785263,1.0,0.0,3.9
STU-10026,1.0,-0.5925343811394892,0.6218948089772135,0.17480719794344463,0.15249140893470786,-1.4606060606060605,0.2210708117443869,0.0,4.0,3.79
STU-12368,1.0,-1.2055009823182714,0.7082405345211576,-0.5244215938303348,-0.8320446735395196,0.7757575757575758,-0.5365572826712723,0.0,1.0,3.61
STU-12092,1.0,0.5548133595284872,0.9988007538118888,0.997429305912596,0.5270618556701032,-1.0181818181818183,-0.16580310880829013,1.0,4.0,4.69
STU-11944,0.0,-0.14616895874263258,-0.09696762035292145,0.6066838046272491,-0.8054123711340211,0.0,-0.07599309153713302,0.0,4.0,4.03
STU-10306,-1.0,0.05343811394891944,0.9988007538118888,0.7095115681233927,0.0,1.048484848484848,0.14968336211859537,0.0,2.0,5.55
STU-11676,0.0,0.17760314341846772,-1.2688024670207307,-0.9151670951156817,-0.4995704467353959,-0.5393939393939396,0.7829591249280369,1.0,4.0,3.16
STU-11420,-1.0,0.7104125736738703,0.6719205071098161,1.3059125964010276,-0.34321305841924454,-0.2606060606060609,0.9902130109383996,1.0,0.0,5.32
STU-12864,0.0,-0.8612966601178784,-0.18673976357718064,-0.03084832904884344,-0.3518041237113403,0.07272727272727278,-0.95797351755901,0.0,3.0,3.32
STU-14231,0.0,-0.5799607072691553,0.009251327736850497,-0.07197943444730105,-0.07517182130584196,0.4969696969696965,0.6747265400115143,0.0,3.0,3.93
STU-11058,-0.2,-1.6047151277013756,0.014048312489291353,-1.1002570694087406,-0.9677835051546397,0.7333333333333332,-0.7115716753022453,0.0,0.0,3.38
STU-10157,-0.4,-0.1335952848722986,-0.029124550282680236,-0.5449871465295631,0.340635738831615,-0.6787878787878787,1.6004605641911345,0.0,3.0,3.8
STU-12948,-0.2,0.0,0.9988007538118888,0.24678663239074478,0.5270618556701032,0.29090909090909056,1.0754173862982157,0.0,4.0,4.94
STU-12944,0.6,1.3170923379174853,0.7658043515504528,1.0694087403598962,0.5270618556701032,0.01818181818181779,0.6056419113413932,1.0,2.0,6.23
STU-13488,0.8,1.0341846758349704,0.3738221689223905,-0.4318766066838054,0.5270618556701032,0.2,-0.22337363270005756,0.0,3.0,5.04
STU-11375,-1.0,-0.2609037328094303,0.592427616926502,0.22622107969151642,-0.003006872852233996,-0.6666666666666669,-0.6194588370754175,0.0,2.0,4.65
STU-10606,0.6,-0.19960707269155203,0.49374678773342356,1.1105398457583537,-0.23152920962199328,-1.1818181818181817,1.3886010362694303,1.0,3.0,4.71
STU-11795,1.6,-0.8581532416502948,-1.0412883330477989,0.4215938303341894,-0.710051546391753,0.38181818181818167,0.009211283822682796,0.0,4.0,3.26
STU-14864,1.4,-0.757563850687623,0.5040260407743696,1.0488431876606679,-0.36340206185567064,-0.24848484848484853,-0.7092688543465746,0.0,0.0,3.39
STU-12581,0.0,-0.4463654223968566,-0.7849922905602201,-1.0591259640102828,0.15807560137457022,1.1757575757575758,-0.03684513529073118,0.0,3.0,3.63
STU-13493,-1.0,-0.21060903732809433,0.4176803152304255,0.4215938303341894,-0.5433848797250864,-0.8484848484848485,-0.5112262521588946,0.0,4.0,4.07
STU-11660,0.2,-1.1159135559921416,0.46907658043515393,-0.802056555269923,-0.4037800687285228,1.4727272727272729,1.271157167530225,0.0,3.0,3.24
STU-13615,-1.0,1.005893909626719,0.13123179715607278,0.3598971722365034,0.5270618556701032,-0.5636363636363639,-0.09211283822682775,0.0,4.0,4.48
STU-10224,0.8,1.7807465618860512,0.0,0.4215938303341894,0.5270618556701032,-0.8060606060606059,-0.34772596430627517,0.0,4.0,5.25
STU-10972,1.2,0.0015717092337917153,0.16344012335103586,0.6169665809768633,-0.15034364261168393,1.5696969696969687,-0.46516983304548076,1.0,0.0,4.73
STU-13889,-1.0,0.4950884086444009,0.26006510193592514,0.24678663239074478,0.5133161512027495,-1.3696969696969699,0.9096142774899253,0.0,0.0,4.93
STU-14108,1.6,-0.5249508840864441,-0.19564844954600089,0.5758354755784056,-0.38702749140893516,0.13333333333333316,-1.0800230282095566,0.0,1.0,3.35
STU-11760,-1.0,-0.9807465618860512,0.5540517389069722,0.0,-0.4703608247422684,0.36363636363636337,1.3793897524467473,1.0,0.0,4.26
STU-10288,-0.4,-1.1473477406679766,0.8953229398663685,1.2750642673521841,-0.36039518900343664,-0.7333333333333332,-0.18192285549798506,1.0,2.0,4.75
STU-10427,-0.4,-0.43693516699410606,-1.3119753297927024,-0.17480719794344554,-1.0030068728522346,0.6909090909090906,0.36614853195164077,1.0,0.0,3.39
STU-11674,0.8,0.6915520628683692,0.8363885557649466,0.030848329048842524,0.21993127147766295,-0.7272727272727272,-1.077720207253886,0.0,1.0,4.54
STU-14350,0.2,-1.3123772102161102,-0.708925818057222,-0.3907455012853478,-0.46434707903780104,0.10909090909090889,-0.6586067933218193,0.0,4.0,3.0
STU-14740,1.2,-0.06286836935167,0.4718177145794066,-0.1953727506426739,0.05154639175257747,-0.5818181818181817,0.0,0.0,4.0,4.46
STU-12811,0.2,0.44793713163064836,0.9988007538118888,0.0411311053984567,0.13659793814432966,-0.8242424242424242,-0.49050086355785844,0.0,2.0,4.02
STU-13698,-0.6,0.3111984282907663,0.366284050025697,1.3059125964010276,0.5270618556701032,0.8606060606060598,-0.6747265400115141,0.0,4.0,5.29
STU-14606,-0.6,-1.0876227897838902,-1.0166181257495293,-0.03084832904884344,0.1769759450171818,0.3212121212121208,2.1565918249856075,0.0,4.0,3.29
STU-13650,-0.4,-0.12573673870334,0.0,0.34961439588688925,-0.3341924398625432,0.5999999999999994,-0.6747265400115141,0.0,0.0,3.56
STU-14912,0.0,-0.9618860510805503,-0.8870995374336136,0.730077120822622,-0.3921821305841931,-1.4848484848484846,0.743811168681635,1.0,4.0,3.79
STU-14630,0.2,-0.532809430255403,-0.22511564159671135,-1.737789203084833,-0.7018900343642617,-0.04848484848484852,2.1565918249856075,0.0,4.0,3.01
STU-13775,-0.6,-0.8172888015717094,0.7589515161898227,-0.010282776349615089,-0.04853951890034409,0.8181818181818183,0.2924582613701786,0.0,1.0,4.22
STU-12067,1.0,1.5968565815324167,-0.7891039917765985,0.7095115681233927,0.5270618556701032,-0.24848484848484853,-0.188831318364997,0.0,2.0,4.2
STU-13700,-1.0,-0.46994106090373294,-0.278567757409629,0.23650385604113058,-0.12027491408934703,-0.3939393939393941,1.1076568796776052,0.0,1.0,3.65
STU-13431,-0.2,0.9886051080550099,0.24910056535891661,0.23650385604113058,0.5270618556701032,0.48484848484848464,-0.4052964881980426,0.0,3.0,3.95
STU-13798,-0.8,0.0,-1.146136714065445,0.10282776349614357,-0.838487972508592,-0.48484848484848464,0.13816925734024194,0.0,3.0,3.18
STU-10174,0.2,1.0876227897838904,-0.18879561418536983,0.0,0.48024054982817865,0.5878787878787876,0.8773747841105355,0.0,0.0,4.66
STU-11476,-0.4,1.7053045186640476,0.7541545314373819,1.3059125964010276,0.5270618556701032,-0.16969696969696982,0.15889464594127817,1.0,2.0,6.03
STU-12323,0.0,-0.2907662082514735,-0.5430872023299648,-1.6555269922879179,0.5270618556701032,0.6666666666666669,-0.052964881980425926,0.0,2.0,3.37
STU-12772,1.4,1.4302554027504917,0.636285763234537,0.6478149100257068,0.5270618556701032,-1.0181818181818183,-0.13356361542890044,1.0,3.0,4.83
STU-14427,-1.0,-1.515127701375246,-0.3011821140997094,-0.12339331619537285,0.04123711340206161,0.745454545454545,-0.050662061024755276,0.0,3.0,4.36
STU-14838,0.6,1.6440078585461693,0.9988007538118888,1.3059125964010276,0.5270618556701032,0.03030303030303019,-0.66090961427749,0.0,0.0,5.86
STU-12432,0.2,-0.3897838899803538,-0.2072982696590718,-0.5758354755784066,-0.09278350515463969,0.6242424242424243,0.10592976396085205,0.0,1.0,3.82
STU-12916,-0.4,-0.5296660117878192,-0.7287990406030498,-0.9562982005141393,-0.4712199312714779,1.3030303030303023,1.1859527921704087,0.0,0.0,3.38
STU-12034,-0.2,-0.017288801571709148,-0.4985437724858664,0.0,0.5270618556701032,-0.4727272727272728,0.14968336211859537,0.0,1.0,4.25
STU-12704,0.8,-0.48565815324165035,-0.5177317114956318,-0.12339331619537285,-0.885738831615121,-0.5878787878787881,0.05757052389176742,0.0,3.0,3.78
STU-13509,1.0,0.025147347740668003,-0.005139626520474014,0.3598971722365034,0.08719931271477672,0.21818181818181778,-0.4075993091537133,0.0,2.0,3.9
STU-13421,0.0,0.7387033398821218,0.9988007538118888,0.9460154241645242,0.518900343642612,0.28484848484848463,0.8589522164651698,0.0,0.0,5.63
STU-11316,0.8,-0.8565815324165031,0.0,-0.7506426735218512,-0.024054982817869528,0.04848484848484852,-0.30397236614853185,0.0,4.0,3.7
STU-13890,0.0,0.0,-0.5581634401233517,-1.6966580976863754,-1.7044673539518913,-0.36363636363636387,-0.5987334484743811,0.0,4.0,1.15
STU-11877,1.0,0.9163064833005893,-0.8206270344354982,-0.8123393316195372,0.5270618556701032,-0.1515151515151515,-0.4145077720207254,0.0,4.0,4.21
STU-14933,0.6,-0.24047151277013745,0.2353948946376555,0.2570694087403599,-0.29768041237113446,-0.4121212121212124,2.155440414507772,1.0,4.0,5.24
STU-14120,0.2,-0.6994106090373282,0.10861744046599237,-0.0514138817480727,-0.8792955326460485,0.2,0.02072538860103624,1.0,2.0,3.31
STU-14946,-0.4,-0.8974459724950885,-0.9563131745759816,-1.4087403598971722,-0.4252577319587634,0.4303030303030302,0.6724237190558437,0.0,0.0,3.23
STU-14893,0.4,-0.12416502946954802,-0.7452458454685635,0.0,-0.7959621993127153,0.40606060606060596,0.6079447322970639,1.0,2.0,3.77
STU-11590,1.0,-0.006286836935166861,-0.6308034949460347,0.8020565552699221,0.5270618556701032,-1.1575757575757575,1.1145653425446176,0.0,0.0,4.57
STU-10964,0.2,-1.727308447937132,-0.646565016275485,-1.9434447300771212,-0.9239690721649492,-0.48484848484848464,0.918825561312608,0.0,1.0,2.09
STU-12466,0.0,0.6538310412573676,-0.06544457769402175,-0.15424164524421627,0.5270618556701032,-0.37575757575757573,-0.7484168105929765,0.0,0.0,4.41
STU-12746,0.4,0.3222003929273086,-0.22168922391639634,-0.09254498714653031,-0.5068728522336772,-1.1575757575757575,0.7322970639032818,0.0,4.0,3.7
STU-10122,1.0,-0.8408644400785855,-1.1296899091999324,0.39074550128534685,-0.7328178694158081,0.545454545454545,-0.025331030512377537,1.0,4.0,3.51
STU-13018,0.6,-0.13988212180746573,-0.00719547712866323,-0.7095115681233937,-0.20103092783505194,0.6606060606060599,-0.8336211859527922,0.0,4.0,4.11
STU-13573,0.4,0.5265225933202358,0.5122494432071265,1.0488431876606679,-0.022336769759450623,-1.503030303030303,0.47207829591249284,1.0,3.0,5.25
STU-11550,0.4,-0.4526522593320238,-0.04214493746787795,0.4730077120822621,-0.5743127147766328,-1.4242424242424243,-0.987910189982729,0.0,4.0,3.83
STU-13220,0.0,0.4935166994106092,0.4019187939009761,0.8431876606683797,-0.14390034364261214,-0.696969696969697,0.13816925734024194,1.0,3.0,5.2
STU-10351,0.8,-0.048722986247544293,-1.620352921021073,-0.8946015424164524,-0.46606529209622055,-0.5090909090909089,1.6327000575705244,1.0,0.0,3.64
STU-14228,1.4,1.3626719056974466,0.7377077265718681,-0.13367609254498794,0.5270618556701032,0.5333333333333331,-0.310880829015544,0.0,4.0,5.36
STU-10291,2.1,0.012573673870334002,0.3936953914682193,0.4730077120822621,-0.5914948453608255,1.4727272727272729,0.49740932642487057,0.0,2.0,4.37
STU-14075,-0.6,-0.15245579567779974,0.3930101079321559,0.0,-0.46176975945017207,1.5212121212121201,0.01842256764536559,1.0,1.0,5.05
STU-13814,0.0,1.0766208251473481,0.7507281137570658,0.6786632390745493,0.5270618556701032,0.5939393939393935,-0.6747265400115141,0.0,2.0,5.4
STU-12250,-0.4,0.8864440078585464,0.60750385471989,0.10282776349614357,0.5270618556701032,0.22424242424242427,-1.0063327576280945,0.0,0.0,5.78
STU-12322,0.8,0.4196463654223969,-0.3676546170978248,-0.534704370179949,-0.07044673539518907,0.5757575757575757,-0.4835924006908463,0.0,3.0,3.68
STU-10274,-0.2,0.04243614931237715,-1.1954771286619843,-0.18508997429305973,0.2839347079037802,0.0,-0.7046632124352332,0.0,4.0,3.61
STU-12889,0.2,0.27819253438113944,0.36217234880931864,-0.3804627249357327,0.5270618556701032,-0.6121212121212124,-0.5365572826712723,0.0,1.0,4.26
STU-11217,-0.6,0.7685658153241652,0.3669693335617604,0.4318766066838045,-0.1937285223367701,-0.8242424242424242,-0.06217616580310872,0.0,0.0,5.01
STU-10838,-1.0,0.18860510805500974,-0.5780366626691804,0.17480719794344463,-0.539518900343643,-0.7939393939393941,-0.3707541738629821,0.0,4.0,4.31
STU-10231,-1.0,0.2640471512770137,0.9988007538118888,0.5552699228791764,0.5270618556701032,-0.44848484848484854,0.07138744962579172,0.0,0.0,4.64
STU-11451,0.8,-0.05343811394891944,-0.20592770258694598,0.4318766066838045,-0.3844501718213062,-0.2424242424242426,0.31548647092688553,0.0,4.0,5.51
STU-13773,-1.0,0.11787819253438116,-0.03118040089086945,1.1619537275064264,-0.11383161512027522,-0.7212121212121213,0.4928036845135293,1.0,3.0,4.69
STU-14830,-1.0,1.1944990176817294,0.0,0.7403598971722362,0.5270618556701032,-0.14545454545454556,-0.2510074841681059,0.0,4.0,4.88
STU-13967,0.0,-0.047151277013752574,-0.17097824224773028,1.059125964010282,-0.8213058419243993,-0.29696969696969705,-1.001727115716753,0.0,3.0,4.48
STU-14995,-1.0,-1.0404715127701376,-1.1399691622408774,-0.802056555269923,-0.5025773195876293,-1.0727272727272728,0.0,1.0,1.0,2.84
STU-10067,1.0,1.9190569744597255,0.9988007538118888,1.3059125964010276,0.0,0.0666666666666663,0.6586067933218194,1.0,2.0,5.54
STU-10052,0.2,-0.3222003929273086,0.2360801781737189,-0.8637532133676099,0.5270618556701032,-0.5333333333333331,0.4743811168681637,0.0,4.0,3.9
STU-14233,-0.8,-0.4919449901768175,-1.0666438238821319,-1.6246786632390744,-0.38831615120274965,-1.8545454545454543,-0.06217616580310872,0.0,3.0,2.79
STU-14161,1.0,-1.062475442043222,0.6664382388213119,-0.6272493573264784,-0.4239690721649489,0.345454545454545,1.4899251583189408,1.0,4.0,3.51
STU-14449,-1.0,0.0,0.9988007538118888,0.658097686375321,0.5270618556701032,-0.012121212121212399,0.11053540587219356,0.0,3.0,4.75
STU-13941,0.4,0.0,0.5657015590200442,-0.40102827763496196,0.3414948453608251,0.0,-0.03454231433506033,0.0,3.0,4.59
STU-13609,-0.2,0.8424361493123773,0.9988007538118888,-0.46272493573264795,0.5270618556701032,0.2969696969696965,1.0155440414507775,0.0,0.0,5.46
STU-13632,-1.0,-0.8062868369351671,-1.1564159671063912,1.059125964010282,-0.6670962199312719,-0.5212121212121213,0.8727691421991941,0.0,3.0,3.2
STU-12165,0.2,0.10530451866404716,0.8781908514647924,0.8226221079691514,-0.5025773195876293,0.06060606060606038,-0.07369027058146216,1.0,4.0,4.67
STU-13221,-1.0,-0.44007858546168976,0.0,-0.1953727506426739,0.11597938144329915,-0.7878787878787876,-0.41681059297639605,0.0,4.0,3.6
STU-13852,-1.0,-0.015717092337917432,-0.4992290560219298,-0.06169665809768688,-0.21864261168384908,-0.1333333333333337,0.7322970639032818,1.0,0.0,3.81
STU-14689,0.0,0.6051080550098232,0.8274798697961273,0.4421593830334187,0.5270618556701032,-0.14545454545454556,0.10362694300518141,0.0,2.0,5.33
STU-13305,0.6,-1.7288801571709236,-0.5677574096282344,-1.1413881748071981,-0.4222508591065294,-1.0181818181818183,-1.1076568796776052,0.0,4.0,2.87
STU-10009,-1.0,-1.7288801571709236,-2.030837759122838,-0.5861182519280208,-1.8672680412371148,-0.16969696969696982,1.7294185377086935,0.0,0.0,2.47
STU-12966,0.6,0.4542239685658155,0.9988007538118888,-0.15424164524421627,0.5270618556701032,0.5636363636363634,-0.4605641911341394,0.0,2.0,5.09
STU-13991,0.0,0.9933202357563853,-0.6383416138427283,0.4318766066838045,0.5270618556701032,0.27272727272727276,-0.75993091537133,1.0,4.0,4.55
STU-12494,0.0,-1.189783889980354,-0.6842556107589524,-0.07197943444730105,-1.4785223367697604,0.2363636363636361,-0.9073114565342545,0.0,4.0,2.87
STU-11759,0.4,-1.244793713163065,-1.2359088572897043,-2.0822622107969164,-1.5992268041237123,1.0969696969696965,0.35233160621761667,0.0,0.0,1.46
STU-10360,-0.4,1.166208251473478,0.5074524584546847,0.49357326478149044,0.5270618556701032,-0.4727272727272728,-0.8842832469775476,1.0,0.0,4.78
STU-11565,-0.4,1.4349705304518665,-0.4601678944663366,0.41131105398457524,0.5270618556701032,0.0060606060606059305,-0.6563039723661486,0.0,3.0,5.17
STU-13763,0.0,0.5516699410609038,0.7342813088915531,0.6272493573264775,0.5270618556701032,-1.212121212121212,0.9948186528497409,0.0,4.0,5.03
STU-14937,0.8,-0.20432220039292745,-0.001027925304095582,0.4832904884318763,-0.3165807560137461,-0.4787878787878787,1.0500863557858378,0.0,2.0,4.37
STU-13006,0.8,1.0876227897838904,0.5019701901661804,0.7712082262210795,0.5270618556701032,-0.46666666666666684,1.0408750719631552,1.0,4.0,5.6
STU-11569,0.6,1.6990176817288802,-0.032550967962995274,0.08226221079691431,0.5270618556701032,0.4545454545454545,1.1905584340817505,0.0,2.0,4.35
STU-14629,-1.0,0.048722986247544293,0.03392153503512012,0.18508997429305882,-0.3831615120274917,1.0727272727272728,-0.35002878526194586,1.0,1.0,4.08
STU-10865,0.8,-0.13045186640471515,-0.08874421792016556,0.0411311053984567,0.0,0.7636363636363628,-0.4951065054691998,1.0,4.0,5.24
STU-11920,-0.4,-0.36620825147347746,-0.17577522700017212,-0.3907455012853478,-0.5502577319587633,1.5757575757575757,2.1565918249856075,0.0,2.0,3.63
STU-14957,0.4,1.3202357563850688,0.04625663868425444,0.0,0.5270618556701032,-0.6363636363636361,-0.33160621761658027,1.0,4.0,4.66
STU-11096,-0.8,1.2699410609037327,0.032550967962994296,-0.46272493573264795,0.5270618556701032,-0.38181818181818167,0.048359240069084625,0.0,2.0,4.55
STU-12907,0.8,0.3347740667976426,-0.1140997087544976,0.7095115681233927,-0.3599656357388322,-0.5757575757575757,0.3062751871042027,0.0,2.0,4.81
STU-14760,1.0,-0.5076620825147349,-0.48346753469247944,0.3393316195372742,-0.007302405498281864,0.5999999999999994,0.03223949337938989,0.0,0.0,4.11
STU-14594,-1.0,-0.05343811394891944,0.0,0.45244215938303284,-0.5605670103092786,1.236363636363636,-0.234887737478411,1.0,4.0,5.26
STU-12757,2.0,0.5438113948919452,-0.1490491690937133,-0.2467866323907457,0.5270618556701032,0.4787878787878787,-0.5757052389176742,1.0,0.0,4.28
STU-10722,0.6,-0.7591355599214147,-0.5979098852150082,-0.3804627249357327,-0.7341065292096226,-0.9515151515151515,-0.9303396660909615,0.0,0.0,3.77
STU-12464,0.2,-0.44479371316306493,-1.179715607332535,-0.020565552699229262,-0.516752577319588,-0.6787878787878787,-0.17271157167530227,0.0,3.0,3.51
STU-14140,0.0,0.8911591355599219,-0.5321226657529563,-0.020565552699229262,0.05970790378006879,-1.6545454545454545,0.0,1.0,4.0,3.86
STU-11351,1.0,0.2970530451866406,0.6184683912968985,1.1002570694087397,-0.004725085910652899,-0.8545454545454545,-0.20495106505469196,0.0,2.0,5.29
STU-13570,0.6,0.0,0.9988007538118888,0.05141388174807179,-0.03951890034364271,-0.3212121212121213,0.07599309153713302,0.0,4.0,3.43
STU-12554,-1.0,-1.013752455795678,-0.7575809491176979,-1.2030848329048849,-1.4372852233676985,-1.0606060606060603,-0.02072538860103624,0.0,4.0,2.37
STU-12568,-0.4,-0.7512770137524559,0.03871851978756097,-0.60668380462725,-0.15893470790378028,0.23030303030303018,0.19573978123200936,0.0,1.0,2.96
STU-13075,0.4,-0.3080550098231829,0.1716635257837927,-0.534704370179949,-0.4050687285223373,1.824242424242423,2.065630397236615,1.0,3.0,4.77
STU-11086,-0.8,-1.001178781925344,-0.14562275141339825,-1.0899742930591263,-0.8350515463917529,-0.6242424242424243,0.7461139896373057,0.0,4.0,2.72
STU-12161,0.4,-0.05500982318271115,0.03803323625149855,-0.740359897172237,-0.18685567010309326,-0.24848484848484853,0.24409902130109398,0.0,3.0,3.46
STU-13286,-0.4,0.6459724950884087,-0.47729998286791275,1.0179948586118244,-0.4411512027491416,-0.5030303030303029,-0.7714450201496834,0.0,4.0,3.83
STU-12258,0.6,1.5528487229862475,-0.032550967962995274,-0.17480719794344554,0.5270618556701032,0.22424242424242427,-0.8198042602187681,1.0,4.0,5.0
STU-10170,0.2,-0.029862475442043148,0.17303409285591853,0.3393316195372742,-0.321735395189004,2.048484848484848,-0.05987334484743807,0.0,4.0,4.16
STU-13635,0.6,0.34106090373280945,-1.0872023299640232,0.6066838046272491,0.5270618556701032,0.0,0.6493955094991364,1.0,4.0,5.88
STU-10404,-0.6,-0.35206286836935174,0.2031865684426924,-0.5552699228791773,-1.058419243986255,-0.6242424242424243,1.6004605641911345,1.0,4.0,3.58
STU-10524,0.8,0.09587426326129658,0.610930272400205,-0.5141388174807198,-0.35567010309278374,-0.7818181818181816,-0.5365572826712723,0.0,3.0,3.94
STU-13799,0.8,-0.24047151277013745,-0.9371252355662162,-1.8200514138817483,0.0,1.042424242424242,-0.04145077720207248,1.0,4.0,2.19
STU-14443,0.2,0.9854616895874264,0.28199417508994307,-0.010282776349615089,0.5270618556701032,1.1939393939393936,0.2855497985031665,0.0,4.0,4.9
STU-10866,0.4,0.20589390962671916,0.9988007538118888,1.0179948586118244,-0.47508591065292133,-0.03030303030303019,0.44905008635578597,0.0,3.0,4.67
STU-10772,0.4,-0.3536345776031435,0.9988007538118888,0.0,0.5270618556701032,-1.2909090909090906,0.42141623488773755,1.0,3.0,4.9
STU-12482,1.0,0.18074656188605118,-0.49580263834161475,0.09254498714652941,-0.8389175257731964,1.5030303030303025,-0.16350028785261947,1.0,2.0,4.67
STU-12770,0.0,-0.35834970530451865,0.6760322083261946,0.23650385604113058,-0.4634879725085916,-0.2121212121212124,1.25503742084053,0.0,1.0,4.27
STU-14219,0.8,-0.11473477406679773,0.9988007538118888,0.7197943444730068,0.25945017182130564,-0.12727272727272723,0.02533103051237774,1.0,3.0,5.58
STU-11671,0.6,1.1206286836935166,0.9988007538118888,0.9357326478149092,0.5270618556701032,-0.606060606060606,-0.33160621761658027,0.0,4.0,5.37
STU-14101,0.2,-0.10844793713163059,-0.4334418365598778,-0.4935732647814914,-0.032646048109965874,0.11515151515151482,-0.9349453080023029,0.0,1.0,3.0
STU-13809,1.6,0.532809430255403,-0.8432413911255786,0.19537275064267298,-0.39819587628866043,1.0909090909090906,0.03223949337938989,0.0,3.0,4.04
STU-11886,1.0,-0.3646365422396858,-0.4567414767860206,0.41131105398457524,-0.4896907216494851,0.5636363636363634,2.1565918249856075,1.0,0.0,3.88
STU-12391,-1.0,-0.49666011787819264,-0.20044543429844175,-0.40102827763496196,-0.8780068728522341,-0.7212121212121213,0.26021876799078875,1.0,4.0,4.38
STU-13206,1.0,0.3866404715127703,-0.6787733424704482,0.32904884318766,-0.29939862542955337,0.13333333333333316,-0.6516983304548072,1.0,0.0,4.9
STU-10447,-0.4,0.7952848722986247,0.9988007538118888,-0.3496143958868902,0.5270618556701032,-0.20606060606060592,1.4738054116292458,0.0,4.0,5.36
STU-11538,0.4,-0.20275049115913546,0.24224772999828556,-0.5655526992287925,-0.09836769759450205,-0.9636363636363633,-0.5734024179620035,0.0,4.0,3.75
STU-13402,0.0,0.38821218074656205,0.0,0.0,-0.042096219931271675,-0.9757575757575757,-0.009211283822682796,0.0,4.0,3.72
STU-13754,0.0,2.110805500982319,0.9988007538118888,1.2544987146529558,0.5270618556701032,-0.9878787878787876,0.07369027058146237,0.0,4.0,5.33
STU-10200,0.0,1.0860510805500985,0.26075038547198853,0.5655526992287915,0.5270618556701032,-0.1515151515151515,-0.17731721358664357,1.0,0.0,4.88
STU-12845,-0.2,-1.4349705304518665,-1.416138427274285,-1.4601542416452449,-0.93298969072165,-0.40606060606060596,-0.12435233160621764,1.0,3.0,2.08
STU-10669,1.0,-0.20746561886051088,-1.1475072811375708,0.8946015424164515,0.014175257731958697,-0.2424242424242426,-0.356937248128958,1.0,4.0,4.82
STU-14844,-1.0,-0.27347740667976433,-1.005653589172521,-0.9254498714652959,-0.33462199312714824,-1.2545454545454544,-0.8543465745538286,0.0,3.0,3.18
STU-11637,-0.4,-0.20117878192534375,0.3793044372108948,-0.668380462724936,-0.3784364261168388,0.4909090909090906,-0.5411629245826137,1.0,0.0,3.58
STU-13758,1.6,-0.688408644400786,-0.28336474216206986,-0.8329048843187664,-0.9106529209622,-1.0484848484848486,-0.5411629245826137,0.0,1.0,2.45
STU-12992,0.8,1.131630648330059,0.9988007538118888,0.6272493573264775,-0.31615120274914105,-1.1393939393939392,0.2671272308578009,0.0,3.0,5.28
STU-11558,-0.6,0.16817288801571717,-0.44920335788932714,-0.40102827763496196,0.5270618556701032,0.39393939393939353,0.2556131260794474,0.0,3.0,4.06
STU-10022,0.0,-0.09115913555992144,0.8761350008566031,0.21593830334190225,0.2770618556701034,0.44242424242424205,-0.4237190558434082,0.0,4.0,4.87
STU-10976,-0.8,-0.3489194499017683,-0.6506767174918625,0.12339331619537193,0.0,0.545454545454545,1.0316637881404722,0.0,0.0,3.07
STU-13866,0.0,-0.16345776031434173,0.46702072982696474,-0.03084832904884344,-0.33505154639175266,0.1212121212121213,0.8497409326424873,0.0,1.0,3.8
STU-11824,-1.0,0.4557956777996072,0.4546856261778304,0.7712082262210795,0.3642611683848795,-0.9393939393939391,-0.09211283822682775,0.0,4.0,4.75
STU-14974,0.6,-0.7229862475442044,-0.7007024156244651,-0.8226221079691522,-0.6335910652920965,0.44242424242424205,-0.3246977547495683,1.0,0.0,3.39
STU-13511,-0.2,-1.1269155206286838,-0.3614870652732572,-0.30848329048843254,-0.5519759450171828,-0.5090909090909089,0.0,1.0,2.0,3.24
STU-11586,-1.0,0.3677799607072692,-0.6993318485523393,-0.17480719794344554,0.36082474226804107,-1.8242424242424242,-0.46286701208981,0.0,3.0,4.23
STU-13680,0.0,-1.5056974459724954,0.5629604248757916,-1.0488431876606688,-1.470360824742269,-0.2424242424242426,0.8543465745538286,0.0,4.0,3.46
STU-12269,1.2,-0.023575638506876287,-0.02432756553023938,-0.0514138817480727,-0.4729381443298974,0.0,-0.25561312607944725,0.0,1.0,3.01
STU-10230,-1.0,1.5559921414538311,0.16138427274284664,-0.2879177377892033,0.5270618556701032,-0.5878787878787881,0.9464594127806565,0.0,4.0,4.08
STU-12591,0.4,-0.23889980353634574,-0.21415110501970286,0.8431876606683797,0.1735395189003434,-0.21818181818181834,-0.42141623488773744,1.0,2.0,5.0
STU-11981,-1.0,1.0703339882121807,0.6451944492033573,0.6375321336760916,0.5270618556701032,0.6666666666666669,-0.7322970639032815,0.0,2.0,5.38
STU-13009,1.6,-1.2479371316306487,-0.9988007538118907,-1.727506426735219,-1.1782646048109975,0.5090909090909089,1.5244674726540015,0.0,4.0,1.92
STU-11191,0.8,-0.12259332023575631,0.0,-0.2879177377892033,0.34106529209622005,0.0,0.5964306275187107,0.0,0.0,4.72
STU-10639,0.2,-1.7288801571709236,-0.10313517217748909,-0.3701799485861185,-0.8165807560137464,0.9818181818181817,0.6563039723661488,1.0,4.0,2.89
STU-10517,1.0,0.15402750491159145,-0.5787219462052429,-0.8329048843187664,-0.2723367697594505,-0.26666666666666683,-0.5043177892918826,0.0,1.0,3.19
STU-10612,0.4,-1.269941060903733,-0.6054480041117017,0.49357326478149044,-0.5927835051546394,0.42424242424242425,-0.2302820955670697,1.0,2.0,2.62
STU-11057,-1.0,-0.6774066797642436,-0.2744560561932506,-0.3701799485861185,-0.3135738831615121,-1.0181818181818183,-0.9142199194012667,0.0,0.0,2.99
STU-14712,-0.8,-0.0848722986247543,-2.1162412198046945,-0.8329048843187664,-0.8750000000000007,-0.26666666666666683,-0.1174438687392055,0.0,1.0,2.23
STU-11831,-0.2,0.7779960707269156,0.5259551139283867,1.3059125964010276,0.3595360824742266,-0.8666666666666668,-0.9280368451352907,0.0,0.0,4.84
STU-12793,0.0,-1.6031434184675837,-0.5725543943806762,-0.09254498714653031,-0.8015463917525782,-0.3212121212121213,-0.33621185952792176,0.0,4.0,3.42
STU-14022,-1.0,-0.5595284872298626,-0.26897378790474635,0.9357326478149092,-0.6559278350515472,0.35757575757575744,2.054116292458262,0.0,0.0,3.77
STU-10298,-1.0,0.4055009823182712,-0.6691793729655655,1.059125964010282,-0.4609106529209626,-1.1818181818181817,-0.17731721358664357,0.0,4.0,4.51
STU-13989,-1.0,-0.05343811394891944,0.20661298612300744,-0.473007712082263,0.1546391752577318,0.17575757575757575,-0.09211283822682775,0.0,0.0,3.64
STU-12318,1.2,1.414538310412574,0.7658043515504528,1.3059125964010276,0.5270618556701032,-0.7151515151515153,-0.36614853195164077,0.0,4.0,6.06
STU-10512,0.2,-0.994891944990177,-1.5340071954771293,0.0411311053984567,-1.307130584192441,1.2060606060606054,-0.0805987334484743,1.0,1.0,2.66
STU-10458,-0.2,0.0990176817288803,-0.9480897721432248,-0.5552699228791773,-0.10609965635738833,-0.23030303030303018,-0.32239493379389744,1.0,4.0,4.03
STU-12931,-0.2,0.0,0.1668665410313509,0.41131105398457524,0.0,-1.4242424242424243,-0.3914795624640185,0.0,1.0,5.28
STU-13746,-1.0,1.0483300589390967,0.7706013363028946,0.8226221079691514,0.5270618556701032,0.8969696969696965,-0.29015544041450775,1.0,0.0,5.32
STU-10688,-0.2,-0.46994106090373294,0.2148363885557643,0.7712082262210795,-0.855670103092784,-0.03636363636363666,0.6493955094991364,1.0,4.0,4.0
STU-13877,-0.4,0.0,0.9693335617611774,1.0385604113110536,0.5270618556701032,-1.2303030303030302,-0.6125503742084053,0.0,4.0,5.67
STU-12408,-0.4,-0.39921414538310407,-0.9199931471646401,-1.2030848329048849,0.5270618556701032,-0.1212121212121213,0.10592976396085205,0.0,0.0,3.2
STU-11341,-0.2,1.065618860510806,0.042830221003939406,-0.07197943444730105,0.5270618556701032,0.0,-0.7000575705238918,1.0,2.0,5.75
STU-11287,0.0,-0.15088408644400803,0.051738906972759666,0.8329048843187655,-1.274484536082475,-0.9636363636363633,0.37075417386298226,1.0,3.0,4.18
STU-12246,0.4,0.933595284872299,0.950145622751413,0.7814910025706937,0.5270618556701032,-0.5030303030303029,0.5734024179620034,0.0,0.0,5.5
STU-10895,-0.4,0.13988212180746573,0.7383930101079316,0.4010282776349611,-0.539089347079038,-0.7454545454545456,-0.8451352907311458,1.0,3.0,5.04
STU-14505,0.4,0.7669941060903732,0.0,1.1516709511568113,-0.3419243986254301,-0.10909090909090943,-1.2204951065054694,1.0,4.0,4.98
STU-10715,-0.6,-0.4620825147347741,0.26691793729655516,0.061696658097685965,-0.07216494845360859,0.7090909090909083,2.1565918249856075,1.0,2.0,3.95
STU-10617,-1.0,-0.5312377210216113,-0.6678088058934387,-1.3161953727506428,-1.190721649484537,-0.8181818181818183,-0.6033390903857225,0.0,0.0,3.0
STU-10289,-0.6,-0.03614931237721029,-1.044714750728114,0.0,-0.8165807560137464,0.09090909090909056,0.5388601036269433,1.0,0.0,3.77
STU-14868,1.6,-0.3489194499017683,-0.362857632345384,-0.6580976863753218,0.20618556701030927,-0.5212121212121213,0.274035693724813,0.0,0.0,4.08
STU-11811,1.4,0.5862475442043223,0.19701901661812476,0.15424164524421538,0.5270618556701032,0.21212121212121185,0.02533103051237774,0.0,1.0,4.02
STU-14302,-0.2,0.5783889980353635,0.8473530923419561,0.7403598971722362,0.5270618556701032,1.545454545454545,0.2510074841681059,0.0,2.0,4.85
STU-10464,-0.8,0.0,-0.4437210896008229,-1.470437017994859,-1.4755154639175267,-0.22424242424242427,-0.6493955094991365,0.0,4.0,2.37
STU-10278,-1.0,0.14145383104125744,0.11958197704300087,1.0488431876606679,0.43084192439862573,-1.109090909090909,1.966609096142775,1.0,1.0,4.94
STU-13690,-0.6,-1.2935166994106093,0.6794586260065096,-0.6889460154241652,-0.25300687285223383,-0.6909090909090911,-1.017846862406448,1.0,4.0,3.77
STU-14064,1.2,0.12573673870334,-0.4800411170121644,0.4010282776349611,0.5004295532646047,-0.9636363636363633,1.3632700057570528,0.0,2.0,4.66
STU-14128,-0.4,-0.4243614931237721,-0.9487750556792881,-1.1516709511568122,-1.76417525773196,-0.49696969696969706,-0.8267127230857801,0.0,0.0,2.58
STU-11910,0.0,1.0954813359528488,0.9988007538118888,0.17480719794344463,0.5270618556701032,-0.11515151515151537,0.0,0.0,4.0,5.72
STU-13355,0.0,-0.6003929273084481,-0.4457769402090121,0.22622107969151642,0.0,-0.5757575757575757,0.508923431203224,1.0,2.0,2.88
STU-11474,0.6,-0.16974459724950888,0.0,0.45244215938303284,0.5270618556701032,-0.48484848484848464,-0.4375359815774324,1.0,2.0,4.77
STU-11852,-1.0,-0.1210216110019646,-0.9275312660613335,-0.8740359897172241,-0.856099656357389,1.048484848484848,0.029936672423719037,1.0,0.0,4.52
STU-13812,-0.8,-0.6679764243614932,0.9988007538118888,-0.6889460154241652,-0.24656357388316205,-0.3272727272727272,-0.6701208981001727,1.0,3.0,4.5
STU-11847,0.4,1.232220039292731,0.9988007538118888,0.5038560411311046,0.5270618556701032,-0.006060606060606468,1.3632700057570528,1.0,1.0,5.06
STU-11397,0.8,2.124165029469548,0.9988007538118888,1.3059125964010276,0.5270618556701032,-1.296969696969697,-0.33160621761658027,0.0,1.0,6.08
STU-12747,-1.0,-0.38821218074656205,-0.9302724002055861,-0.5552699228791773,-0.5923539518900349,0.5515151515151515,-0.8359240069084629,0.0,4.0,2.65
STU-12003,0.6,-0.7544204322200394,-0.039403803323626314,-0.2982005141388175,-1.0781786941580762,1.3878787878787877,-0.538860103626943,0.0,4.0,3.11
STU-13906,0.0,-0.8817288801571711,-0.16686654103135284,-1.2030848329048849,-0.19458762886597955,0.0,-0.45826137017846863,0.0,0.0,2.56
STU-13394,0.6,-0.40235756385068777,0.28610587630632056,-0.3290488431876609,-0.5829037800687291,0.13333333333333316,-0.5826137017846863,1.0,1.0,3.96
STU-11305,0.8,-0.8707269155206289,-0.9830392324824404,-1.275064267352185,-1.6481958762886608,-0.8666666666666668,0.13356361542890044,0.0,3.0,2.47
STU-13713,0.4,-1.0483300589390965,-1.2311118725372634,-1.336760925449872,-0.6159793814432994,-0.6242424242424243,0.4283246977547497,0.0,2.0,2.58
STU-14819,-0.4,-1.7288801571709236,-0.6705499400376913,-0.0514138817480727,-1.8466494845360837,-1.3454545454545455,-0.9786989061600462,0.0,4.0,1.74
STU-13271,0.6,0.28919449901768174,0.5691279767003592,0.462724935732647,0.5270618556701032,-1.0181818181818183,-0.584916522740357,1.0,1.0,4.67
STU-10677,-0.2,0.782711198428291,0.45400034264176703,-0.26735218508997494,0.39991408934707934,-0.38787878787878816,0.1128382268278642,1.0,2.0,5.28
STU-12115,-0.2,1.2982318271119848,0.516361144423504,0.49357326478149044,0.5270618556701032,-1.0121212121212118,-0.06217616580310872,0.0,1.0,5.64
STU-13411,0.6,0.2467583497053046,0.2991262634915192,0.5655526992287915,-0.12371134020618606,0.8909090909090905,0.5434657455382845,1.0,2.0,4.61
STU-10516,-1.0,-1.565422396856582,-1.3243104334418376,-0.6169665809768642,-0.5919243986254299,0.28484848484848463,-0.7438111686816351,0.0,3.0,3.24
STU-11743,0.8,0.8094302554027504,-0.04694192222031978,0.4318766066838045,0.5270618556701032,1.0848484848484847,-0.881980426021877,1.0,2.0,5.16
STU-14519,0.8,-0.8204322200392928,-0.7952715436011661,0.0,-1.3917525773195887,2.048484848484848,0.4191134139320669,0.0,2.0,2.46
STU-12084,0.4,0.034577603143418574,-0.11341442521843517,-0.30848329048843254,-0.5528350515463922,-0.46666666666666684,-0.7023603914795625,0.0,3.0,2.6
STU-13004,-0.8,-0.938310412573674,0.5458283364742155,0.1439588688946012,-0.8054123711340211,-0.34545454545454557,0.34542314335060453,0.0,1.0,3.89
STU-14404,0.0,-1.2290766208251476,-1.2797670035977393,-1.1722365038560416,-0.2693298969072171,-1.3696969696969699,-0.8497409326424872,0.0,4.0,2.25
STU-11194,1.0,0.3866404715127703,0.8240534521158123,-0.6786632390745502,0.24355670103092805,0.0,0.0,0.0,4.0,4.23
STU-10171,-0.4,1.0436149312377212,0.9988007538118888,0.5964010282776341,0.5270618556701032,-0.27272727272727276,-0.8566493955094993,0.0,4.0,5.04
STU-12949,2.1,-1.4585461689587427,0.28679115984238396,-0.8946015424164524,0.0,-0.40606060606060596,-0.36154289004029927,1.0,2.0,3.32
STU-11680,-0.2,-0.6098231827111986,-0.18742504711324404,-1.3881748071979438,-0.7074742268041241,1.7636363636363628,0.14277489925158324,0.0,2.0,3.65
STU-14220,-0.2,-1.7288801571709236,-1.0200445434298444,-1.727506426735219,-1.8475085910652933,0.1878787878787876,1.5843408175014395,0.0,4.0,2.51
STU-12024,-0.8,-0.5202357563850689,-0.3080349494603395,-1.1722365038560416,-0.7053264604811001,1.1575757575757568,0.17962003454231443,0.0,3.0,2.81
STU-12315,0.6,-0.583104125736739,-0.5424019187939013,-2.0822622107969164,0.0,-1.242424242424242,-0.8359240069084629,0.0,3.0,2.41
STU-11730,0.6,0.8408644400785859,0.17371937639198096,0.4730077120822621,0.5270618556701032,0.1878787878787876,-0.12665515256188828,0.0,2.0,5.05
STU-14853,0.4,-1.4302554027504912,0.0,0.07197943444730014,-0.8341924398625435,0.8303030303030302,2.054116292458262,1.0,3.0,3.55
STU-10442,0.2,0.7968565815324167,-0.19838958369025253,1.2442159383033418,0.5270618556701032,-0.5515151515151515,-0.5411629245826137,0.0,3.0,5.22
STU-13082,-1.0,0.47308447937131637,-0.5334932328250821,-0.16452442159383046,-0.04639175257731954,-0.3939393939393941,0.1082325849165227,0.0,0.0,4.17
STU-13893,-0.4,-0.2829076620825149,0.02158643138598482,-0.1953727506426739,-0.017611683848797726,-0.042424242424242586,0.9625791594703514,0.0,3.0,4.78
STU-12706,-1.0,-0.8660117878192536,-1.1564159671063912,-0.06169665809768688,-0.5146048109965641,0.07272727272727278,0.518134715025907,0.0,3.0,2.96
STU-11561,1.4,-0.9807465618860512,-1.9993147164639375,-0.3393316195372751,-1.2787800687285231,0.1878787878787876,0.08520437535981581,1.0,1.0,2.24
STU-13675,0.8,-0.46051080550098233,-0.8274798697961292,0.5038560411311046,-0.9390034364261174,-1.1515151515151514,-0.5020149683362118,1.0,3.0,3.02
STU-13630,-0.2,0.12259332023575631,0.2504711324310424,-0.0514138817480727,-0.2160652920962201,0.33333333333333315,-0.5549798503166379,0.0,2.0,4.59
STU-11444,0.4,-0.9414538310412576,-0.724002055850609,-0.7609254498714654,-1.8994845360824755,-0.06666666666666685,0.039147956246401834,0.0,4.0,2.1
STU-14341,-1.0,-0.9901768172888017,-0.12917594654788453,-0.8329048843187664,-0.00987972508591083,0.6787878787878787,-0.6447898675877951,1.0,4.0,3.69
STU-12429,-0.4,0.8188605108055013,-0.1161555593626868,-0.21593830334190317,0.5270618556701032,0.17575757575757575,0.10132412204951076,1.0,3.0,5.21
STU-10936,0.0,0.3064833005893909,0.9988007538118888,0.8020565552699221,0.4256872852233678,-0.44848484848484854,-0.386873920552677,1.0,3.0,4.84
STU-11031,0.4,0.0,-0.6972759979441501,-0.4935732647814914,0.0,-0.02424242424242426,-0.22797927461139905,0.0,3.0,3.02
STU-13051,0.4,2.124165029469548,0.9021757752269995,1.1413881748071972,0.5270618556701032,-0.40606060606060596,0.13356361542890044,0.0,4.0,5.11
STU-11798,1.6,0.39607072691552064,-0.3217406201816006,0.34961439588688925,0.11726804123711303,0.6181818181818183,-0.3937823834196892,0.0,2.0,4.2
STU-13880,0.0,0.36306483300589404,-0.7349665924276174,0.0,-0.4510309278350518,0.41212121212121183,1.7086931491076573,1.0,3.0,3.77
STU-11525,0.4,-0.9367387033398823,0.8110330649306146,-0.8329048843187664,-0.05111683848797244,-0.7696969696969698,1.4047207829591253,1.0,0.0,3.96
STU-13964,-0.2,0.05815324165029458,0.5382902175775219,0.791773778920308,-0.42053264604811047,0.3878787878787876,-0.06447898675877957,0.0,0.0,4.78
STU-14827,1.0,-1.370530451866405,-0.5588487236594151,0.0,-1.5386597938144342,-1.496969696969697,-0.17271157167530227,1.0,2.0,2.98
STU-10613,-0.4,1.2919449901768174,0.6308034949460328,-0.11311053984575867,0.5270618556701032,-0.40606060606060596,-0.12895797351755894,0.0,3.0,4.47
STU-11559,-0.4,0.5736738703339883,-0.7884187082405352,-1.1619537275064273,0.5270618556701032,0.545454545454545,-0.30397236614853185,1.0,3.0,3.93
STU-14281,1.0,1.3438113948919452,0.9988007538118888,-0.44215938303341956,0.3977663230240548,-0.14545454545454556,-0.2302820955670697,0.0,2.0,5.61
STU-10452,1.6,-1.381532416502947,-0.4642795956827141,-0.26735218508997494,-0.5725945017182134,-0.36363636363636387,-0.7161773172135867,0.0,4.0,3.44
STU-11934,-1.0,0.5076620825147349,0.12437896179544172,-0.30848329048843254,0.5270618556701032,0.03030303030303019,-0.3753598157743236,0.0,4.0,4.67
STU-13363,-0.4,0.9948919449901767,0.5252698303923242,0.6889460154241643,0.5270618556701032,0.3878787878787876,0.5296488198042603,0.0,3.0,5.07
STU-12715,-1.0,-0.22003929273084488,-0.774713037519274,-0.17480719794344554,-0.3118556701030932,-0.17575757575757575,-0.5664939550949915,0.0,4.0,3.84
STU-13484,0.4,-0.8943025540275051,0.902861058763062,-0.5552699228791773,-0.24699312714776647,-0.18181818181818168,-0.5826137017846863,0.0,2.0,3.83
STU-13668,-0.8,0.831434184675835,-0.5369196505053971,0.07197943444730014,0.5270618556701032,1.4787878787878788,-0.13356361542890044,0.0,3.0,5.16
STU-12146,0.2,-0.32848722986247547,0.0,-0.7814910025706947,-1.0803264604811005,0.09090909090909056,0.21876799078871625,0.0,3.0,2.79
STU-13415,0.4,-1.4255402750491162,-1.0090800068528358,0.0,-1.185567010309279,-0.7575757575757575,-0.5020149683362118,0.0,3.0,2.01
STU-10603,0.4,0.2577603143418469,-0.13671406544457798,0.10282776349614357,-0.3384879725085917,-0.6424242424242426,-0.14968336211859518,0.0,4.0,4.23
STU-10766,1.6,-0.9021611001964639,-0.1942778824738741,-0.2570694087403599,-0.296821305841925,-0.5454545454545455,-0.6908462867012091,1.0,0.0,3.39
STU-10380,0.4,-0.21218074656188604,-0.9501456227514139,0.30848329048843165,-0.6529209621993132,-0.4363636363636367,0.04375359815774333,1.0,3.0,3.29
STU-13958,0.0,-0.10216110019646372,0.9268459825252692,1.1105398457583537,0.5270618556701032,0.9939393939393936,1.8606793321819235,0.0,3.0,4.91
STU-13778,-0.8,0.9697445972495092,0.32242590371766205,0.5141388174807198,0.18556701030927816,0.545454545454545,0.1128382268278642,0.0,3.0,5.28
STU-13980,0.0,-0.11787819253438116,0.2909028610587624,1.1105398457583537,0.26847079037800703,-0.4424242424242426,-0.42832469775474963,0.0,3.0,5.15
STU-11737,0.0,-0.37406679764243633,-0.005824910056536437,-0.2570694087403599,-0.006872852233677443,0.17575757575757575,0.17040875071963163,0.0,4.0,3.44
STU-12675,0.4,0.9163064833005893,0.821997601507623,0.18508997429305882,0.5270618556701032,1.1999999999999995,-0.6908462867012091,0.0,0.0,6.09
STU-14338,0.4,1.290373280943026,0.9988007538118888,0.19537275064267298,0.5270618556701032,-0.29696969696969705,-0.3385146804835924,0.0,1.0,4.41
STU-11777,1.2,0.6994106090373281,0.6746616412540678,0.5141388174807198,0.5270618556701032,0.2969696969696965,-0.9487622337363272,1.0,4.0,5.34
STU-13619,-0.4,0.0,-0.03186568442693285,0.2776349614395882,0.5270618556701032,-0.38787878787878816,-0.5895221646516984,0.0,1.0,4.66
STU-12314,-0.8,0.8424361493123773,0.5184169950316931,-0.3290488431876609,0.0,-0.9818181818181817,-0.23719055843408185,1.0,3.0,4.58
STU-13242,1.4,-0.4777996070726915,0.5293815316087027,-0.668380462724936,-1.0549828178694165,-0.13939393939393963,0.011514104778353443,1.0,2.0,3.55
STU-10920,-0.4,-0.9901768172888017,-0.340928559191366,-0.9048843187660676,-0.9604810996563579,0.13939393939393907,0.6816350028785263,0.0,0.0,3.21
STU-10878,-0.6,0.0974459724950883,0.5040260407743696,0.29820051413881654,0.5270618556701032,-1.3575757575757574,2.1565918249856075,1.0,0.0,5.45
STU-10748,1.0,-0.6648330058939098,-0.9953743361315748,0.23650385604113058,-0.9437285223367703,-0.6484848484848486,1.0846286701208983,1.0,3.0,3.57
STU-12841,-0.8,0.8345776031434184,-0.14699331848552408,0.32904884318766,0.5270618556701032,-1.0424242424242427,0.09902130109384011,1.0,0.0,4.22
STU-14275,0.4,2.124165029469548,-0.7534692479013194,-0.2776349614395891,0.23453608247422666,-1.6121212121212118,1.0224525043177894,1.0,4.0,3.28
STU-12823,-1.0,0.020432220039292858,0.6170978242247727,-0.534704370179949,0.011597938144329733,0.09696969696969704,1.5705238917674151,0.0,2.0,4.55
STU-11646,-0.2,0.004715127701375146,0.6630118211409959,0.34961439588688925,0.4759450171821308,0.1878787878787876,-0.10362694300518141,0.0,0.0,5.34
STU-12167,-0.2,0.0,0.0,-0.8637532133676099,-0.6314432989690726,0.7090909090909083,-0.5872193436960277,0.0,3.0,3.24
STU-11940,0.8,1.0797642436149315,0.9988007538118888,-0.4215938303341903,0.3552405498281787,-0.09696969696969704,0.02302820955670709,1.0,4.0,5.29
STU-12720,-0.6,-0.35992141453831034,0.26006510193592514,0.0,0.5270618556701032,-0.20606060606060592,-0.8612550374208406,0.0,4.0,4.78
STU-14225,0.0,-1.4616895874263265,0.2826794586260055,-1.1002570694087406,-1.0365120274914097,0.6606060606060599,0.08981001727115731,0.0,3.0,3.16
STU-13909,0.6,0.550098231827112,-0.33681685797498756,0.18508997429305882,0.18728522336769768,0.7575757575757569,0.009211283822682796,0.0,4.0,4.01
STU-12559,0.2,-0.6035363457760315,0.0003426417680312114,0.5038560411311046,-0.9725085910652926,1.448484848484848,-0.14507772020725387,0.0,3.0,4.2
STU-14717,-0.6,0.0974459724950883,0.9988007538118888,0.4215938303341894,0.18556701030927816,1.242424242424242,0.5388601036269433,0.0,2.0,4.63
STU-13119,1.2,-0.5296660117878192,-0.7980126777454178,-0.10282776349614449,0.4149484536082475,0.38181818181818167,1.4254461715601614,0.0,2.0,3.3
STU-12383,-0.2,0.4825147347740669,0.11958197704300087,0.21593830334190225,0.5270618556701032,0.09090909090909056,0.9395509499136446,1.0,4.0,4.53
STU-10801,-0.6,-0.5611001964636544,-1.1509336988178869,-0.2982005141388175,-0.03479381443298981,0.8181818181818183,0.0,1.0,1.0,3.56
STU-11832,-0.8,-0.8990176817288803,0.13397293130032442,-0.596401028277635,-0.7538659793814436,0.35757575757575744,-0.039147956246401834,0.0,2.0,3.26
STU-10929,0.4,-0.5579567779960709,0.04420078807606522,-0.06169665809768688,0.31658075601374547,1.0969696969696965,-0.683937823834197,0.0,4.0,3.41
STU-10070,-0.4,0.6836935166994109,-0.2607503854719895,0.2776349614395882,0.34664948453608235,-0.2,-0.9349453080023029,1.0,1.0,4.44
STU-11100,0.0,0.36620825147347746,0.52664039746445,1.1002570694087397,-0.3122852233676982,0.7818181818181816,1.0316637881404722,1.0,1.0,5.36
STU-11505,-0.6,0.5045186640471515,0.472502998115469,-0.7300771208226229,0.4716494845360823,1.151515151515151,-0.20955670696603346,0.0,3.0,4.8
STU-11732,-0.2,0.2090373280943026,0.9988007538118888,0.6683804627249351,0.5270618556701032,0.848484848484848,0.46286701208981,1.0,4.0,6.02
STU-10731,-0.6,0.0990176817288803,0.5526811718348454,1.2544987146529558,0.5270618556701032,0.6545454545454539,-0.8451352907311458,1.0,1.0,5.16
STU-10917,-0.2,-0.16345776031434173,-0.8062360801781747,0.16452442159382955,0.016752577319587663,-0.5515151515151515,-0.025331030512377537,1.0,0.0,4.83
STU-12835,-0.2,1.1787819253438117,0.9898920678430695,0.13367609254498702,0.5270618556701032,0.6545454545454539,0.009211283822682796,1.0,0.0,4.48
STU-11626,-0.2,-0.6601178781925345,-1.4072297413054657,0.0,0.5270618556701032,0.33333333333333315,-0.9740932642487047,1.0,4.0,3.75
STU-12080,1.2,2.124165029469548,0.406715778653417,1.0488431876606679,-0.47723367697594526,0.10303030303030296,0.4421416234887738,0.0,3.0,4.41
STU-10013,1.6,0.6365422396856584,0.6842556107589505,1.3059125964010276,0.5270618556701032,1.1757575757575758,-0.09671848013816925,0.0,2.0,5.39
STU-14634,0.2,-1.2400785854616898,0.24978584889497904,0.22622107969151642,-0.7469931271477668,-0.25454545454545446,-0.7276914219919401,0.0,3.0,3.41
STU-10900,0.8,-0.1100196463654223,-0.11204385814630838,-1.4190231362467873,0.41709621993127144,-0.33939393939393964,-0.3776626367299942,0.0,0.0,3.0
STU-10104,-0.6,0.5548133595284872,0.5108788761349997,0.658097686375321,0.5270618556701032,1.1818181818181817,-0.6010362694300518,1.0,2.0,5.01
STU-11656,0.8,-0.8172888015717094,0.9988007538118888,0.1439588688946012,-0.6365979381443305,-0.5090909090909089,-0.568796776050662,0.0,4.0,4.4
STU-12617,-1.0,1.0278978388998037,0.049683056364570446,0.7506426735218503,0.5270618556701032,0.5696969696969693,-0.4421416234887738,0.0,0.0,5.46
STU-10581,-0.4,0.7497053045186641,0.8829878362172342,0.6169665809768633,0.5270618556701032,1.248484848484848,0.0,0.0,4.0,5.41
STU-13925,0.8,0.40392927308447946,0.9885215007709427,1.3059125964010276,0.5120274914089351,0.8060606060606054,1.8238341968911922,0.0,1.0,5.22
STU-13982,-0.6,0.0,-0.5122494432071275,-0.8329048843187664,0.0,-1.3090909090909089,-0.22797927461139905,0.0,3.0,3.39
STU-13515,-1.0,0.2577603143418469,0.3039232482439601,0.7403598971722362,0.5270618556701032,-0.7333333333333332,1.1145653425446176,0.0,3.0,4.92
STU-11056,0.6,1.0263261296660122,-0.11889669350693942,-0.473007712082263,0.5270618556701032,-0.5454545454545455,-0.3431203223949339,1.0,4.0,4.63
STU-14073,0.0,1.2935166994106093,0.07092684598252405,0.8534704370179939,0.5270618556701032,2.048484848484848,-0.3293033966609096,0.0,0.0,5.74
STU-12170,-0.4,-0.41178781925343805,-0.10656158985780413,0.030848329048842524,-0.463917525773196,-0.09696969696969704,0.7092688543465748,0.0,3.0,3.32
STU-12400,-1.0,-0.5909626719056975,-0.10382045571355249,-0.7814910025706947,-0.25042955326460486,0.9272727272727272,1.591249280368452,0.0,0.0,3.4
STU-12135,0.2,0.2593320235756386,0.32037005310947286,0.5552699228791764,-0.23281786941580776,-0.38787878787878816,2.1565918249856075,0.0,2.0,4.79
STU-14811,0.6,2.124165029469548,0.0,0.030848329048842524,0.5270618556701032,0.2363636363636361,1.678756476683938,0.0,3.0,5.2
STU-13625,-1.0,0.9697445972495092,0.9261606989892057,0.3187660668380458,0.5270618556701032,0.17575757575757575,-0.13586643638457108,0.0,2.0,5.31
STU-13227,1.0,-1.4931237721021613,-0.11204385814630838,-0.7506426735218512,-1.2847938144329907,-1.0,0.2210708117443869,1.0,4.0,3.28
STU-11116,0.0,0.17760314341846772,0.5663868425561066,-0.44215938303341956,0.46305841924398655,-0.7212121212121213,2.1565918249856075,0.0,1.0,5.03
STU-12389,-0.6,-0.4652259332023578,0.5492547541545305,-0.4935732647814914,-0.2285223367697599,0.7151515151515153,0.4052964881980426,0.0,4.0,3.73
STU-12654,1.4,-1.1850687622789786,-0.7198903546342306,-0.2879177377892033,-1.2259450171821316,0.27272727272727276,-0.26482440990213,0.0,2.0,3.17
STU-10368,0.4,0.26876227897838917,0.2586945348637993,0.07197943444730014,0.4686426116838489,0.6242424242424243,1.3701784686240648,0.0,3.0,3.67
STU-10226,0.8,0.08958742632612973,-0.5554223059791,-0.473007712082263,0.06056701030927824,-0.3272727272727272,-0.92573402417962,0.0,1.0,4.06
STU-10897,-0.6,0.0,-0.9151961624121993,-1.9023136246786636,-0.6718213058419248,0.5757575757575757,-0.43523316062176165,0.0,0.0,3.18
STU-13862,0.6,-0.20432220039292745,0.016789446633543967,0.010282776349614175,-0.07173539518900356,0.6121212121212113,1.3402417962003454,1.0,0.0,3.7
STU-13565,1.4,-0.5736738703339883,0.15521672091827898,0.8329048843187655,-0.7856529209622001,0.5333333333333331,0.3431203223949339,1.0,1.0,3.48
STU-10843,0.6,-0.3803536345776032,-0.44303580606476045,0.24678663239074478,-0.13788659793814476,0.7999999999999995,-0.5526770293609673,0.0,4.0,4.7
STU-14184,0.6,1.0011787819253442,0.9988007538118888,1.2853470437017993,0.5270618556701032,0.0,0.7737478411053542,0.0,4.0,5.11
STU-12072,0.6,0.20117878192534375,0.5944834675346913,-0.4215938303341903,0.42482817869415834,-0.6242424242424243,-0.5181347150259068,1.0,4.0,4.76
STU-10312,1.2,-0.7591355599214147,-0.5328079492890186,1.2236503856041123,-0.7310996563573892,-1.1393939393939392,-0.6793321819228555,1.0,4.0,4.45
STU-13470,0.4,-0.3866404715127703,-0.9549426075038557,-0.26735218508997494,-0.014175257731958697,-0.07878787878787871,-0.2671272308578009,1.0,4.0,3.49
STU-11700,1.0,1.038899803536346,-0.3964365256124729,0.7095115681233927,-0.0025773195876289652,-0.34545454545454557,-0.3200921128382268,0.0,3.0,4.68
STU-11383,-0.2,1.0231827111984286,0.6239506595854027,0.02056555269922835,0.10395189003436439,-0.6363636363636361,0.47668393782383434,0.0,4.0,4.82
STU-11699,-0.6,-0.5988212180746564,-0.12300839472331786,0.29820051413881654,0.21348797250859114,-1.3818181818181816,0.1082325849165227,1.0,4.0,5.18
STU-12701,0.8,-1.1111984282907665,-1.8745931129004632,-2.0822622107969164,-0.6301546391752582,-0.29696969696969705,-0.3684513529073114,0.0,2.0,2.23
STU-13874,0.2,0.5375245579567781,-0.45605619324995816,0.9562982005141384,-0.6361683848797255,-0.9272727272727272,0.0,1.0,4.0,4.39
STU-10076,-0.4,-0.41178781925343805,-1.0303237964707905,1.059125964010282,-1.0489690721649492,0.345454545454545,-0.4421416234887738,1.0,4.0,3.83
STU-11384,-0.2,0.09115913555992144,-0.5752955285249278,-0.5655526992287925,0.5270618556701032,-0.23030303030303018,-0.85895221646517,0.0,2.0,3.79
STU-14063,-0.6,1.783889980353635,0.9988007538118888,0.22622107969151642,0.5270618556701032,0.5878787878787876,-0.18652849740932637,0.0,1.0,5.73
STU-11657,1.6,-0.46994106090373294,-0.6417680315230432,-0.0514138817480727,-0.13917525773195924,-0.07878787878787871,-0.14968336211859518,1.0,1.0,3.61
STU-10625,-0.6,1.7917485265225934,0.43481240363200163,1.3059125964010276,0.5270618556701032,-0.6666666666666669,1.3655728267127234,0.0,2.0,5.71
STU-14876,0.2,1.9520628683693522,0.7904745588487224,0.10282776349614357,0.5270618556701032,0.545454545454545,-0.23719055843408185,0.0,3.0,5.75
STU-10759,0.2,0.10687622789783888,0.7089258180572201,1.3059125964010276,0.0,-0.12727272727272723,0.7760506620610249,1.0,2.0,5.96
STU-10880,-0.2,0.08644400785854629,0.29432927873907744,0.11311053984575775,-0.23281786941580776,0.01818181818181779,-0.27173287276914215,0.0,2.0,3.51
STU-10785,0.6,-0.9791748526522596,-0.21483638855576528,-0.4935732647814914,-1.4372852233676985,0.17575757575757575,-0.34772596430627517,0.0,0.0,2.96
STU-12476,-0.4,2.124165029469548,0.9988007538118888,0.0,0.5270618556701032,0.5030303030303029,0.4559585492227981,0.0,0.0,6.0
STU-12202,-0.2,0.0,0.06750042830220902,-0.4524421593830338,-1.1554982817869426,0.40606060606060596,0.280944156591825,0.0,1.0,3.23
STU-12264,-0.6,-0.8094302554027507,0.7815658728799031,0.12339331619537193,-0.6284364261168393,0.0060606060606059305,1.625791594703512,0.0,4.0,4.09
STU-13873,-0.6,0.3111984282907663,-1.1358574610245,0.3804627249357318,-0.2882302405498287,-0.8909090909090911,0.3937823834196892,0.0,3.0,3.76
STU-10890,0.2,-1.4538310412573676,-1.262634915196163,-0.21593830334190317,-0.7246563573883168,0.7515151515151509,-0.8981001727115718,0.0,0.0,3.07
STU-10844,0.6,0.37721021611001976,0.7952715436011643,-0.17480719794344554,0.021048109965635532,-0.44848484848484854,1.8929188255613125,0.0,3.0,3.87
STU-10718,0.4,0.0,-0.5999657358231975,0.9357326478149092,-0.004725085910652899,0.6969696969696965,0.4858952216465171,0.0,0.0,5.14
STU-11467,0.4,1.2432220039292734,0.6349151961624112,1.3059125964010276,0.4119415807560135,0.19393939393939352,0.0,1.0,4.0,5.02
STU-14446,-1.0,-0.5595284872298626,0.8199417508994339,-0.9665809768637534,-1.09278350515464,-0.29696969696969705,-0.6010362694300518,0.0,4.0,3.02
STU-13462,0.8,1.3783889980353636,0.7411341442521832,0.12339331619537193,0.5270618556701032,-0.23030303030303018,-1.0155440414507775,0.0,3.0,5.35
STU-12149,-0.8,-0.48408644400785866,-0.4601678944663366,-0.1953727506426739,-0.6769759450171827,-0.7515151515151515,0.5503742084052965,1.0,4.0,3.95
STU-14246,-0.2,-0.2954813359528489,0.30049683056364507,-0.3907455012853478,-0.009020618556701377,-1.2787878787878788,-0.33621185952792176,0.0,2.0,3.59
STU-13621,0.4,0.0,-1.9088572897036156,-1.1825192802056557,-0.06400343642611726,0.4303030303030302,-0.5457685664939551,1.0,4.0,3.74
STU-12007,0.6,0.6821218074656189,0.34435497687168004,0.37017994858611764,0.12242268041237096,0.1878787878787876,-0.02072538860103624,0.0,2.0,4.18
STU-10489,1.2,0.33634577603143434,-0.4094569127976706,0.658097686375321,0.5270618556701032,1.3333333333333333,-0.7023603914795625,0.0,2.0,5.2
STU-14392,0.0,0.2907662082514735,-0.20592770258694598,0.08226221079691431,-0.9042096219931275,1.3090909090909084,1.0247553252734602,0.0,3.0,5.04
STU-11313,-1.0,0.8188605108055013,0.15864313859859402,0.1439588688946012,0.5270618556701032,-0.696969696969697,-0.09211283822682775,0.0,0.0,5.34
STU-13717,-0.8,0.1948919449901769,-0.20318656844269437,-0.22622107969151733,0.3749999999999998,0.848484848484848,-0.7806563039723662,0.0,4.0,5.07
STU-11803,-0.2,1.0106090373280945,0.9988007538118888,1.3059125964010276,0.0,0.0,0.8198042602187681,1.0,1.0,5.28
STU-12415,0.4,-1.633005893909627,-1.5237279424361838,-0.8843187660668382,-0.9647766323024064,0.8606060606060598,-0.4006908462867013,0.0,2.0,2.71
STU-10328,0.4,-0.1587426326129666,-0.8740791502484159,0.0,-0.6421821305841929,0.545454545454545,-0.888888888888889,0.0,2.0,2.24
STU-14359,-0.8,-0.28919449901768174,-0.5800925132773697,-0.5552699228791773,-0.15678694158075634,-0.5757575757575757,0.8082901554404148,0.0,3.0,2.73
STU-14855,1.8,0.36620825147347746,-0.48963508651704707,0.15424164524421538,-0.033075601374570905,-0.21818181818181834,1.232009211283823,0.0,1.0,4.66
STU-14670,2.0,1.0451866404715127,0.9988007538118888,1.2853470437017993,0.5270618556701032,-1.4606060606060605,0.1174438687392055,1.0,4.0,5.4
STU-14699,-0.6,-0.5548133595284872,-0.4944320712694889,-0.09254498714653031,-1.2057560137457055,-0.6,-0.4375359815774324,1.0,3.0,3.49
STU-12236,1.6,-0.41178781925343805,0.8377591228370734,1.3059125964010276,-0.3569587628865982,-0.3090909090909094,-0.5803108808290156,1.0,3.0,5.36
STU-12404,-1.0,0.4306483300589392,-0.18673976357718064,0.08226221079691431,-0.1842783505154643,-0.14545454545454556,0.6217616580310882,1.0,4.0,4.97
STU-11409,-0.6,-1.11434184675835,-0.617783107760837,-1.9228791773778924,-0.8419243986254303,0.02424242424242426,1.5313759355210133,0.0,4.0,2.91
STU-14138,0.4,-0.3913555992141455,0.05036833990063287,0.21593830334190225,-0.23883161512027515,-0.7212121212121213,0.5066206102475533,0.0,4.0,3.35
STU-10887,-0.6,0.8392927308447938,0.9988007538118888,1.0179948586118244,0.36211340206185555,-0.21818181818181834,-0.842832469775475,1.0,0.0,5.76
STU-14272,-0.8,-0.0738703339882123,-0.6582148363885569,-0.8123393316195372,-0.0584192439862543,0.3515151515151515,-0.5757052389176742,0.0,4.0,4.54
STU-11604,0.0,-1.2212180746561887,-1.9876648963508656,-1.1311053984575838,-1.2736254295532656,1.5212121212121201,0.5388601036269433,0.0,3.0,2.35
STU-11818,0.6,-0.048722986247544293,0.6609559705328066,1.120822622107969,0.28608247422680416,-0.9636363636363633,0.591824985607369,1.0,3.0,4.48
STU-10795,2.1,0.14459724950884087,-0.2292273428130898,0.02056555269922835,-0.3092783505154642,-0.8242424242424242,-0.6632124352331606,1.0,0.0,4.84
STU-14654,0.0,-0.5768172888015718,0.8076066472502985,-0.5449871465295631,-0.2908075601374576,0.03636363636363612,2.1565918249856075,0.0,3.0,3.64
STU-10814,-0.2,0.5312377210216113,0.9988007538118888,-0.2570694087403599,0.5270618556701032,-0.21818181818181834,0.13356361542890044,0.0,4.0,4.92
STU-14118,-0.2,-0.4620825147347741,0.2648620866883669,-0.5758354755784066,0.1499140893470789,0.09696969696969704,1.0938399539435812,0.0,1.0,3.39
STU-10735,1.0,-1.057760314341847,-0.7692307692307697,-0.20565552699228806,-1.185567010309279,0.16363636363636333,-0.45826137017846863,1.0,2.0,1.68
STU-12075,0.4,-0.4667976424361495,-0.253212266575296,0.6683804627249351,-0.05240549828178692,-0.09696969696969704,-0.33160621761658027,1.0,3.0,3.93
STU-14439,0.2,-0.40707269155206294,0.8829878362172342,0.30848329048843165,0.25300687285223383,0.6787878787878787,-0.12204951065054699,0.0,1.0,4.52
STU-11624,-0.2,-1.2667976424361496,-0.40808634572554475,-0.6889460154241652,-0.10524054982817888,0.7151515151515153,0.49050086355785844,0.0,3.0,2.75
STU-11621,0.8,1.3485265225933203,0.2264862086688362,-0.6889460154241652,0.11726804123711303,-0.18787878787878814,2.1565918249856075,0.0,4.0,5.12
STU-11111,-1.0,0.023575638506876287,0.7404488607161207,-0.4832904884318772,-0.07817869415807596,-0.07878787878787871,0.5342544617156015,0.0,4.0,4.06
STU-11951,-0.4,0.6899803536345778,0.9988007538118888,1.3059125964010276,0.5270618556701032,0.6121212121212113,0.0,1.0,2.0,6.22
STU-13655,-1.0,-0.10687622789783888,0.041459653931813584,0.7712082262210795,-0.41108247422680466,-0.6363636363636361,0.0,1.0,4.0,4.63
STU-13262,0.8,2.124165029469548,0.9988007538118888,0.863753213367609,0.5270618556701032,0.5757575757575757,-0.8336211859527922,0.0,1.0,5.91
STU-10830,0.4,0.6003929273084481,0.48826451944491933,0.39074550128534685,0.4548969072164946,1.0303030303030303,-0.9671848013816926,0.0,3.0,4.97
STU-11109,0.8,0.6601178781925344,0.6403974644509155,0.5861182519280198,0.1357388316151202,-0.46666666666666684,-0.8773747841105355,0.0,3.0,5.44
STU-13759,0.2,-0.33634577603143434,-0.8850436868254243,0.2570694087403599,-0.5889175257731966,0.38181818181818167,-0.49740932642487046,0.0,0.0,3.81
STU-10987,-0.4,-0.4950884086444009,-0.30323796470789866,-0.7814910025706947,-0.8011168384879732,1.5090909090909084,0.2717328727691424,1.0,4.0,4.06
STU-14264,0.4,-0.8660117878192536,0.0,-0.9768637532133676,-0.3908934707903786,0.24848484848484853,0.356937248128958,0.0,4.0,3.08
STU-14129,-0.4,-0.3269155206286838,-0.15110501970190252,0.6478149100257068,0.5270618556701032,0.4909090909090906,0.7921704087507199,0.0,4.0,4.11
STU-11402,-1.0,0.7921414538310413,-0.5581634401233517,0.9460154241645242,-0.38960481099656413,-1.6181818181818177,-1.0201496833621186,1.0,3.0,4.23
STU-10245,-0.6,-0.2216110019646366,-0.6828850436868266,0.45244215938303284,-1.1778350515463925,0.26666666666666633,0.6309729418537708,0.0,4.0,3.65
STU-11508,0.4,-0.048722986247544293,0.9988007538118888,-0.3290488431876609,-0.7469931271477668,-0.2848484848484852,-0.37305699481865295,0.0,4.0,4.13
STU-13416,1.2,0.034577603143418574,0.09491176974473126,-1.2544987146529567,0.5184707903780069,-0.16969696969696982,1.4369602763385148,0.0,2.0,3.81
STU-14332,0.4,1.4931237721021613,0.9988007538118888,0.8843187660668373,0.3234536082474229,-0.40606060606060596,1.2642487046632125,0.0,4.0,6.0
STU-10128,0.2,2.0290766208251476,0.9988007538118888,1.3059125964010276,0.5270618556701032,0.16969696969696926,0.29476108232584924,1.0,4.0,6.68
STU-14474,0.0,0.3944990176817289,0.018845297241733183,0.07197943444730014,-0.48281786941580823,1.0787878787878786,0.7806563039723662,0.0,3.0,4.86
STU-10461,1.8,-0.02671905697445972,0.6232653760493393,0.2776349614395882,0.5270618556701032,1.3939393939393936,1.073114565342545,0.0,0.0,5.9
STU-11957,0.4,-0.5563850687622789,-1.2475586774027763,0.1439588688946012,-0.39561855670103147,0.345454545454545,1.5613126079447326,1.0,4.0,3.53
STU-14422,-0.4,-0.4353634577603143,-0.09696762035292145,-0.2570694087403599,0.03694158075601374,-0.5515151515151515,0.4858952216465171,0.0,1.0,3.68
STU-10529,0.2,-0.7669941060903734,-0.8870995374336136,-0.3907455012853478,-0.4604810996563576,-0.696969696969697,-0.8520437535981578,1.0,2.0,3.79
STU-12546,0.4,-0.9493123772102163,-1.124207640911428,0.49357326478149044,-0.46907216494845394,-0.6787878787878787,-1.1214738054116293,1.0,3.0,4.11
STU-12360,-0.4,-0.44793713163064836,-0.31077608360459213,-0.9254498714652959,-1.1529209621993135,-0.04848484848484852,-0.19113413932066786,0.0,3.0,3.04
STU-12926,1.0,0.0,0.34298440979955425,0.010282776349614175,0.1688144329896905,0.9030303030303024,2.1565918249856075,0.0,0.0,4.36
STU-10991,-0.2,-0.6349705304518665,0.8288504368682531,0.997429305912596,0.5270618556701032,0.5151515151515148,1.1352907311456537,1.0,4.0,4.84
STU-11514,1.2,-0.7544204322200394,-0.511564159671065,0.0,0.0,0.7636363636363628,-0.0069084628670121485,0.0,4.0,3.47
STU-13328,-0.6,0.46994106090373294,-0.32379647078978985,0.0,0.5270618556701032,-0.8969696969696971,0.20034542314335066,0.0,2.0,4.58
STU-13905,0.6,0.3929273084479372,0.4855233853006677,-0.22622107969151733,0.5270618556701032,-0.9878787878787876,0.7230857800805988,1.0,1.0,4.58
STU-13550,1.0,0.14459724950884087,0.8288504368682531,0.24678663239074478,0.11512027491408909,0.6121212121212113,0.9856073690270584,0.0,0.0,4.86
STU-14813,0.2,0.5642436149312378,0.337502141511049,-0.11311053984575867,-0.4286941580756018,-1.6606060606060604,-0.33390903857225107,1.0,0.0,3.49
STU-14154,0.2,-0.6962671905697446,0.21415110501970092,-0.31876606683804676,-0.5502577319587633,-0.5212121212121213,0.7737478411053542,0.0,4.0,3.21
STU-11807,-0.2,1.2007858546168961,0.35600479698475196,0.19537275064267298,-0.000859106529210062,-0.22424242424242427,0.0,0.0,4.0,4.74
STU-10997,-1.0,0.6884086444007859,0.9988007538118888,0.6272493573264775,0.5270618556701032,-0.23636363636363666,1.3563615428900404,1.0,3.0,4.52
STU-13357,0.8,-0.4683693516699412,-0.9110844611958208,-0.5244215938303348,-0.6103951890034371,0.25454545454545446,-0.8911917098445598,0.0,4.0,3.67
STU-14099,0.4,0.20432220039292745,0.9988007538118888,-0.40102827763496196,-0.16194158075601428,-0.23030303030303018,-0.06217616580310872,1.0,4.0,4.69
STU-11666,1.2,0.029862475442043148,0.5992804522871331,-0.7917737789203089,0.05154639175257747,1.2727272727272727,-1.0201496833621186,0.0,2.0,3.94
STU-10262,-0.4,-0.32848722986247547,0.0,0.8843187660668373,-1.3694158075601384,-0.8363636363636361,-0.24870466321243528,1.0,0.0,3.52
STU-12692,-0.8,-0.7968565815324167,0.7089258180572201,-0.534704370179949,0.5146048109965634,0.5272727272727272,0.3914795624640185,0.0,4.0,4.58
STU-10033,-0.4,1.3752455795677803,0.10382045571355054,1.0796915167095111,0.07302405498281803,-0.27272727272727276,0.18883131836499722,1.0,4.0,5.73
STU-13677,0.2,-0.36149312377210235,-1.649820113071784,0.791773778920308,-0.23582474226804176,0.9030303030303024,-0.12895797351755894,0.0,0.0,4.57
STU-14320,0.0,-0.2090373280943026,-0.9138255953400725,-0.5655526992287925,0.0,0.16969696969696926,-0.32700057570523894,0.0,0.0,3.56
STU-13917,-0.6,-0.40235756385068777,0.5773513791331151,0.32904884318766,-0.6314432989690726,-0.07878787878787871,-0.14277489925158324,0.0,1.0,4.0
STU-13771,0.0,-0.15245579567779974,-0.2305979098852156,0.2879177377892024,0.13616838487972524,-0.5151515151515154,-0.05757052389176742,0.0,3.0,3.99
STU-14543,0.0,0.7622789783889984,0.5752955285249259,0.0,0.5270618556701032,0.2606060606060604,-0.27403569372481285,1.0,3.0,5.18
STU-11438,0.4,0.6915520628683692,0.7185197875621028,1.2442159383033418,0.5270618556701032,-0.4303030303030302,-0.5918249856073691,1.0,4.0,5.51
STU-10265,-0.4,-0.8880157170923382,-0.884358403289362,-0.1439588688946021,-1.8058419243986268,-0.2606060606060609,0.5987334484743814,1.0,3.0,3.93
STU-11295,1.0,-0.5406679764243615,0.7054994003769051,-0.010282776349615089,-0.25000000000000044,0.2606060606060604,-0.12204951065054699,0.0,4.0,4.27
STU-10944,0.8,0.3834970530451866,-1.083775912283708,-0.6580976863753218,0.5270618556701032,-0.606060606060606,0.9671848013816927,0.0,4.0,4.14
STU-14562,0.4,-0.7025540275049117,-1.2496145280109654,-0.4215938303341903,-1.0597079037800694,-0.4727272727272728,-1.1030512377662638,0.0,3.0,3.47
STU-11233,0.2,-0.6444007858546169,-0.6828850436868266,0.6478149100257068,-0.13359106529209627,-0.7393939393939396,1.0477835348301672,1.0,4.0,4.69
STU-14939,-1.0,-0.08958742632612973,-0.5204728456398844,0.010282776349614175,0.03608247422680368,0.20606060606060592,0.6655152561888313,0.0,2.0,4.35
STU-11662,0.2,0.4793713163064835,0.4402946719205059,-1.6246786632390744,0.242697594501718,1.1151515151515143,-0.8013816925734025,0.0,0.0,3.72
STU-14910,0.6,-0.744990176817289,0.5835189309576828,-0.22622107969151733,-0.1516323024054984,0.6666666666666669,0.0,1.0,0.0,4.86
STU-10161,0.2,-1.0561886051080551,-0.3491519616241229,-0.9254498714652959,-0.5725945017182134,-0.9393939393939391,-0.508923431203224,0.0,4.0,2.78
STU-11080,0.8,0.16660117878192546,-0.9707041288333051,0.0,0.22465635738831582,-0.0909090909090911,0.9948186528497409,0.0,4.0,4.21
STU-11074,-0.8,0.0974459724950883,0.8918965221860535,0.9048843187660666,-0.04939862542955353,1.5333333333333332,-0.8359240069084629,0.0,0.0,4.75
STU-12243,-1.0,0.26561886051080547,0.70207298269659,1.3059125964010276,0.4119415807560135,-0.4727272727272728,-0.5872193436960277,1.0,2.0,4.25
STU-10892,0.2,0.983889980353635,0.7116669522014727,-0.30848329048843254,0.5270618556701032,0.12727272727272723,-0.3960852043753598,0.0,4.0,4.99
STU-11175,0.6,0.33320235756385064,0.43138598595168665,0.19537275064267298,-0.21821305841924404,0.09696969696969704,0.1128382268278642,1.0,2.0,3.69
STU-12854,1.4,0.6113948919449904,0.9988007538118888,-0.020565552699229262,-0.37585910652920984,0.8060606060606054,-0.1934369602763385,0.0,3.0,5.13
STU-13567,-0.8,0.35834970530451865,-0.03871851978756292,-0.1953727506426739,0.5270618556701032,0.06060606060606038,-0.2210708117443869,1.0,4.0,4.83
STU-14431,-0.2,0.619253438113949,0.010621894808976318,-0.8637532133676099,0.5270618556701032,-0.4303030303030302,0.677029360967185,0.0,4.0,4.05
STU-13274,0.0,-0.07544204322200401,0.28130889155387967,-0.4832904884318772,-0.2787800687285229,0.9030303030303024,-0.6125503742084053,1.0,0.0,4.39
STU-12069,-0.6,-1.1442043222003933,-2.062360801781738,-0.03084832904884344,-2.0671713917525785,-0.909090909090909,-0.5964306275187105,1.0,4.0,2.26
STU-14358,0.6,-0.6946954813359529,0.43207126948775004,-0.18508997429305973,-0.5008591065292104,-0.7515151515151515,1.9573978123200924,0.0,0.0,2.87
STU-12033,0.4,-0.6019646365422398,-1.2413911255782084,0.17480719794344463,-0.9626288659793825,-1.0363636363636362,-0.9395509499136444,0.0,4.0,3.25
STU-14464,1.0,0.056581532416502864,-0.3649134829535732,-0.30848329048843254,-0.1842783505154643,-0.7757575757575758,0.06678180771445022,0.0,4.0,4.0
STU-13027,-0.2,-0.06129666011787829,-1.960253554908344,0.18508997429305882,-0.3402061855670106,-0.36363636363636387,-1.0293609671848014,0.0,4.0,2.77
STU-11002,-0.8,0.36149312377210235,0.4060304951173536,0.030848329048842524,0.06271477663230217,-0.054545454545454446,-0.3776626367299942,1.0,0.0,5.74
STU-12765,2.1,0.587819253438114,0.4087716292616062,0.4730077120822621,0.5270618556701032,0.4909090909090906,-0.013816925734024092,1.0,3.0,5.65
STU-14936,0.6,0.16502946954813374,-1.0049683056364573,-0.06169665809768688,-0.07903780068728541,0.3393939393939391,-0.49050086355785844,1.0,3.0,3.64
STU-11226,-1.0,0.12416502946954802,-0.47661469933184936,-0.46272493573264795,0.0,-0.01818181818181833,0.013816925734024297,0.0,1.0,3.51
STU-12691,-0.8,-0.14616895874263258,-0.293643995203016,-0.22622107969151733,-0.463917525773196,-0.8909090909090911,0.22797927461139905,1.0,4.0,3.06
STU-14037,-1.0,-0.38506876227897835,-0.8569470618468398,0.8431876606683797,0.0,-0.3696969696969698,2.1565918249856075,0.0,1.0,3.52
STU-10040,1.4,1.0216110019646367,0.39095425732396666,-0.2570694087403599,0.5270618556701032,0.41212121212121183,-0.713874496257916,0.0,0.0,4.58
STU-12965,-0.6,0.0,0.9988007538118888,1.3059125964010276,0.1434707903780065,-0.8424242424242426,1.0500863557858378,0.0,4.0,4.99
STU-11382,0.8,-0.29862475442043235,-0.8137741990748681,-1.069408740359897,-0.6348797250859111,-1.0,0.356937248128958,0.0,4.0,2.5
STU-11602,-0.4,1.1096267190569744,0.0,0.32904884318766,0.5270618556701032,-0.07878787878787871,-0.0990213010938399,0.0,0.0,4.74
STU-12855,0.6,1.1913555992141454,-1.2893609731026219,-0.1953727506426739,0.5270618556701032,-0.8727272727272728,-0.2878526194588371,0.0,2.0,3.86
STU-12714,-0.4,1.056188605108055,0.9988007538118888,1.3059125964010276,0.5270618556701032,0.5515151515151515,1.8123200921128386,0.0,3.0,6.31
STU-10338,0.0,0.0,0.9988007538118888,0.7814910025706937,0.5270618556701032,0.9878787878787876,0.5618883131836502,1.0,4.0,5.87
STU-10120,-1.0,-1.0294695481335954,0.10519102278567635,-0.4935732647814914,-1.0214776632302411,-0.2424242424242426,-0.31778929188255617,1.0,3.0,3.41
STU-11337,1.2,-1.7288801571709236,-0.07298269659071523,-0.35989717223650436,-0.4905498281786945,-0.6848484848484846,-0.2855497985031665,1.0,1.0,3.42
STU-14892,-1.0,0.7842829076620824,0.18331334589686366,1.3059125964010276,-0.1323024054982818,-1.3090909090909089,0.7299942429476112,0.0,1.0,4.44
STU-12500,-0.6,-0.2719056974459726,0.3176289189652212,-0.26735218508997494,-1.2783505154639185,-0.1212121212121213,-0.07599309153713302,1.0,3.0,3.35
STU-14378,1.4,1.183497053045187,0.9988007538118888,0.3393316195372742,0.5270618556701032,0.33333333333333315,0.432930339666091,1.0,2.0,5.15
STU-13268,1.4,1.2510805500982323,0.9988007538118888,1.3059125964010276,0.5270618556701032,0.33333333333333315,-0.4835924006908463,0.0,2.0,6.02
STU-13333,1.8,0.0,-0.06133287647764332,0.8534704370179939,0.0,-0.33939393939393964,0.6724237190558437,0.0,1.0,4.95
STU-12713,2.0,-0.9100196463654225,-0.0825766660955979,-0.8740359897172241,-0.43256013745704525,0.18181818181818168,-0.5365572826712723,0.0,3.0,2.98
STU-10307,0.2,1.7178781925343813,0.9988007538118888,1.2956298200514136,0.5270618556701032,0.6969696969696965,0.29706390328151994,0.0,4.0,5.36
STU-13185,1.4,0.06758349705304516,-0.7164639369539155,0.10282776349614357,-0.2006013745704469,-1.2303030303030302,-0.18192285549798506,1.0,3.0,3.15
STU-12276,1.6,0.8864440078585464,0.9988007538118888,0.863753213367609,0.5270618556701032,1.1999999999999995,1.0800230282095569,1.0,3.0,6.17
STU-10492,0.0,0.6538310412573676,0.6020215864313847,-0.18508997429305973,-0.13573883161512082,-0.7212121212121213,0.320092112838227,0.0,4.0,5.01
STU-14999,-0.6,0.0,-0.8740791502484159,-0.534704370179949,-1.144329896907217,0.7636363636363628,0.07138744962579172,0.0,1.0,3.41
STU-12693,0.0,0.8188605108055013,0.1456227514133963,-0.5244215938303348,0.5270618556701032,0.5878787878787876,0.7806563039723662,0.0,4.0,5.17
STU-12036,-1.0,-0.025147347740668003,0.808291930786362,1.3059125964010276,-0.36855670103092797,0.145454545454545,-0.630972941853771,1.0,4.0,5.19
STU-13503,0.6,-1.3296660117878196,0.3327051567586081,0.32904884318766,-1.0661512027491418,0.08484848484848463,-1.0685089234312033,0.0,4.0,3.49
STU-13352,-0.2,-0.09273084479371316,0.41082747986979545,0.6992287917737785,-0.46005154639175316,0.6666666666666669,-0.31778929188255617,0.0,0.0,4.85
STU-10663,-0.4,0.15088408644400803,-0.13328764776426297,0.26735218508997405,-0.4454467353951895,-0.8787878787878787,0.2164651698330456,0.0,1.0,3.39
STU-11749,1.6,-1.3846758349705308,-1.7464450916566738,-1.4807197943444732,-1.279209621993128,0.4727272727272722,-0.5618883131836501,0.0,3.0,2.09
STU-14966,0.0,1.0404715127701378,0.428644851807435,0.7609254498714645,0.5270618556701032,0.9090909090909084,-0.050662061024755276,1.0,3.0,6.25
STU-10118,-0.4,0.08644400785854629,-1.608703100908001,0.21593830334190225,-0.42826460481099676,0.9878787878787876,-0.15428900402993667,1.0,0.0,4.54
STU-14459,-0.2,0.3347740667976426,0.7939009765290383,0.3393316195372742,0.2396907216494846,-0.7515151515151515,-0.4145077720207254,0.0,2.0,3.47
STU-10654,1.6,0.0,0.7411341442521832,-0.12339331619537285,-0.1670962199312716,-0.1333333333333337,-0.2625215889464594,0.0,4.0,4.66
STU-11249,-0.6,-0.2813359528487229,0.9988007538118888,0.5038560411311046,0.5270618556701032,-1.303030303030303,0.0,0.0,4.0,4.79
STU-14070,0.6,-1.3170923379174853,-1.3393866712352245,-0.8946015424164524,-0.9213917525773202,-0.6,-1.0293609671848014,0.0,4.0,2.17
STU-11980,0.6,0.9603143418467585,0.6575295528524916,1.1619537275064264,0.0,0.2606060606060604,0.3062751871042027,0.0,4.0,5.27
STU-12190,0.0,0.8612966601178784,0.18125749528867444,0.7609254498714645,0.3045532646048107,-0.8727272727272728,-0.7092688543465746,0.0,1.0,5.64
STU-11154,-1.0,0.3724950884086443,0.19427788247387312,0.7609254498714645,-0.07774914089347093,-0.903030303030303,-0.6355785837651123,0.0,3.0,4.23
STU-13349,1.0,-0.4275049115913558,-0.48894980298098367,-1.5115681233933167,-0.16194158075601428,-0.07878787878787871,-0.5803108808290156,0.0,3.0,3.01
STU-13994,-1.0,-0.6569744597249509,0.041459653931813584,0.0,-1.2414089347079047,0.36969696969696925,-0.234887737478411,1.0,4.0,3.71
STU-12162,0.0,-0.4353634577603143,0.9878362172348804,0.37017994858611764,-0.19802405498281794,-0.5030303030303029,-0.11514104778353484,0.0,1.0,3.37
STU-10578,-0.4,1.3123772102161104,0.9261606989892057,1.3059125964010276,0.5270618556701032,0.17575757575757575,1.0777202072538863,0.0,4.0,6.0
STU-10385,1.4,0.01886051080550086,0.5896864827822504,-0.6992287917737794,0.5270618556701032,-0.24848484848484853,-0.1128382268278642,0.0,3.0,3.38
STU-12561,0.8,-0.047151277013752574,-0.018845297241734154,-0.03084832904884344,-0.24828178694158096,-0.10909090909090943,-0.5112262521588946,1.0,1.0,3.02
STU-10148,0.6,0.1603143418467583,0.7452458454685615,0.23650385604113058,0.5270618556701032,1.3151515151515143,-0.12895797351755894,0.0,4.0,5.08
STU-10981,0.2,0.40707269155206294,-0.2662326537604937,0.08226221079691431,0.26761168384879697,-1.3212121212121213,-0.32700057570523894,1.0,4.0,4.36
STU-10495,0.6,-1.1614931237721022,-1.2619496316600998,0.0,-0.5352233676975952,1.3999999999999995,0.6977547495682213,1.0,4.0,3.06
STU-13707,-1.0,1.4774066797642436,0.9988007538118888,0.5758354755784056,0.5270618556701032,0.23030303030303018,0.45826137017846874,0.0,4.0,5.44
STU-11987,0.6,0.0,0.9988007538118888,-0.7095115681233937,0.43470790378006857,0.24242424242424204,0.59412780656304,1.0,2.0,5.21
STU-13199,1.4,0.6333988212180749,-0.40740106218948136,0.5552699228791764,0.5270618556701032,-0.4,0.24409902130109398,1.0,2.0,4.47
STU-11917,0.6,-0.045579567779960584,-0.22374507452458553,-0.6786632390745502,-0.062285223367697755,-0.6121212121212124,0.0,0.0,4.0,3.82
STU-13211,-0.4,-0.037721021611002006,0.5197875621038199,-0.6478149100257077,-0.5103092783505162,1.1030303030303024,-0.888888888888889,0.0,0.0,3.78
STU-13432,0.0,0.32534381139489205,-0.10107932156929987,0.6375321336760916,-0.08934707903780066,0.9878787878787876,1.7662636729994248,1.0,2.0,4.18
STU-14932,1.6,0.8031434184675835,-0.06475929415795835,1.120822622107969,0.0,0.0,0.08750719631548647,0.0,0.0,5.35
STU-13817,-0.8,1.6785854616895877,0.9988007538118888,0.2776349614395882,0.5270618556701032,-0.3272727272727272,0.274035693724813,0.0,3.0,5.86
STU-11647,0.8,-0.40235756385068777,-1.5237279424361838,-0.5244215938303348,-0.6829896907216502,-1.2303030303030302,-0.5872193436960277,0.0,1.0,2.89
STU-11685,0.4,0.5029469548133595,-0.6732910741819439,-0.10282776349614449,-0.07603092783505203,0.6606060606060599,0.8128957973517561,1.0,0.0,4.3
STU-14738,0.2,-0.6035363457760315,-1.9643652561247225,-0.5141388174807198,-0.9123711340206194,0.5333333333333331,0.7046632124352332,1.0,3.0,2.68
STU-10898,-0.6,-0.17917485265225946,-0.8466678088058947,-0.8431876606683806,-0.6447594501718219,-1.8242424242424242,0.17962003454231443,1.0,0.0,3.44
STU-11311,0.0,-0.22475442043222002,-1.091999314716465,-0.1953727506426739,-0.5124570446735401,0.0,-0.789867587795049,1.0,2.0,3.71
STU-14522,1.0,0.35834970530451865,-0.14356690080520904,0.030848329048842524,-0.5704467353951894,-0.8424242424242426,1.0086355785837653,1.0,0.0,4.04
STU-14136,-0.8,0.0,0.0,-0.08226221079691523,-0.5236254295532649,-1.2848484848484847,0.05757052389176742,0.0,3.0,2.88
STU-12724,0.2,0.34106090373280945,-0.614356690080522,0.0,0.20618556701030927,-0.23030303030303018,0.591824985607369,1.0,0.0,4.44
STU-14318,2.1,0.6066797642436149,-0.07640911427103025,0.34961439588688925,0.001718213058418903,-0.5212121212121213,0.4605641911341394,0.0,4.0,4.28
STU-11579,1.2,1.1929273084479373,0.36217234880931864,0.24678663239074478,0.5270618556701032,1.0303030303030303,-0.911917098445596,0.0,2.0,5.12
STU-12406,-1.0,0.2216110019646366,0.9988007538118888,0.462724935732647,0.42955326460481125,-0.9515151515151515,-0.5503742084052965,0.0,4.0,5.08
STU-10152,0.6,-0.007858546168958855,0.8857289703614858,-0.5655526992287925,-0.5682989690721655,-0.06666666666666685,-0.30857800805987334,0.0,2.0,3.7
STU-14501,0.8,0.47465618860510805,-1.1413397293130043,0.22622107969151642,-0.7560137457044681,0.8545454545454539,0.1174438687392055,0.0,2.0,3.34
STU-14902,-0.2,-0.09430255402750487,0.6287476443378436,1.3059125964010276,0.08548109965635722,-0.5393939393939396,0.15428900402993667,0.0,2.0,4.91
STU-11555,-0.4,-0.9430255402750493,0.4629090286105873,-0.5141388174807198,-1.20618556701031,-0.2909090909090911,-0.41681059297639605,0.0,2.0,3.29
STU-13894,-1.0,0.9225933202357567,0.44577694020901115,0.5347043701799481,0.25042955326460486,0.31515151515151485,-0.8013816925734025,0.0,3.0,5.23
STU-10325,-0.6,-0.47465618860510805,-0.7150933698817896,0.5038560411311046,-0.17396907216494842,1.7333333333333332,-0.8981001727115718,1.0,3.0,4.91
STU-11999,-0.6,1.156777996070727,0.14973445262977475,-0.35989717223650436,0.5270618556701032,0.46060606060606035,0.08290155440414516,0.0,1.0,4.69
STU-11672,0.0,2.124165029469548,0.9988007538118888,-0.4318766066838054,-0.6030927835051553,-1.3696969696969699,-0.24179620034542315,1.0,2.0,4.58
STU-14919,0.2,0.16817288801571717,0.47318828165153237,0.658097686375321,0.26718213058419255,-0.8181818181818183,-0.8773747841105355,0.0,4.0,4.76
STU-10521,0.0,1.7508840864440083,0.9378105191022776,1.3059125964010276,0.5270618556701032,-0.5757575757575757,-0.3385146804835924,0.0,3.0,6.67
STU-13782,0.2,-0.3897838899803538,-0.7589515161898247,-0.4215938303341903,-0.22164948453608307,-0.2121212121212124,0.10132412204951076,1.0,2.0,3.57
STU-14046,-0.4,-0.16974459724950888,0.9988007538118888,0.0,-0.34364261168384896,0.4787878787878787,-0.5204375359815775,1.0,3.0,3.94
STU-10877,0.6,2.124165029469548,0.4896350865170451,0.22622107969151642,-0.5322164948453612,-0.4363636363636367,-0.4881980426021877,0.0,1.0,2.95
STU-14360,-0.4,1.007465618860511,0.0,0.11311053984575775,0.5270618556701032,0.46060606060606035,-0.895797351755901,0.0,4.0,5.67
STU-12054,0.8,0.49980353634577607,0.205927702586945,0.010282776349614175,0.5270618556701032,0.7818181818181816,-0.44905008635578586,1.0,3.0,4.88
STU-10072,0.2,0.49980353634577607,0.9988007538118888,0.9048843187660666,0.5270618556701032,-0.48484848484848464,1.271157167530225,0.0,3.0,4.66
STU-13434,0.0,0.20275049115913546,0.1661812574952875,0.791773778920308,0.5270618556701032,0.5212121212121208,1.314910765687968,0.0,4.0,5.08
STU-10514,-1.0,0.22789783889980347,0.136714065444577,-0.1439588688946021,0.5270618556701032,1.4969696969696964,-0.07138744962579152,0.0,2.0,5.14
STU-10183,0.2,-0.08644400785854629,-0.3018673976357728,-0.473007712082263,0.37457044673539536,-0.606060606060606,-0.3684513529073114,0.0,3.0,4.0
STU-12261,0.6,-0.1838899803536346,-0.322425903717664,0.10282776349614357,-0.25644329896907225,0.6666666666666669,-0.27864133563615434,1.0,4.0,3.85
STU-11285,-0.2,0.5155206286836935,0.516361144423504,0.2879177377892024,0.1623711340206187,1.4848484848484846,-0.8313183649971215,0.0,4.0,5.27
STU-12850,-1.0,-1.062475442043222,-0.26212095254411627,0.13367609254498702,0.16795532646048106,-0.9757575757575757,0.34772596430627517,0.0,4.0,4.49
STU-11690,-0.8,-0.6082514734774067,-0.49648792187767715,-0.22622107969151733,0.5270618556701032,0.29090909090909056,0.0,0.0,2.0,3.82
STU-14205,1.2,-0.06915520628683687,0.0,-0.18508997429305973,0.245704467353952,-0.6242424242424243,1.5129533678756477,0.0,4.0,3.29
STU-12458,0.2,-0.05815324165029458,-0.2669179372965571,0.730077120822622,0.5270618556701032,1.4909090909090905,1.7248128957973519,1.0,4.0,4.83
STU-12541,1.4,-0.5390962671905698,-0.7856775740962835,0.0411311053984567,-0.5833333333333336,0.0,-0.6240644789867589,1.0,3.0,3.35
STU-10479,-1.0,0.18546168958742631,0.12643481240363094,0.37017994858611764,0.14819587628866,-0.7393939393939396,1.2181922855497986,0.0,2.0,4.26
STU-10317,-0.4,-0.13831041257367402,0.3484666780880585,0.4730077120822621,-0.561855670103093,2.048484848484848,-0.3891767415083477,1.0,3.0,4.91
STU-13323,-0.4,-0.2703339882121809,-1.3763919821826285,0.05141388174807179,-0.3290378006872859,-1.4666666666666663,-0.47207829591249284,0.0,2.0,2.83
STU-10867,0.6,-0.8204322200392928,0.0,-1.0591259640102828,-0.6112542955326465,-0.22424242424242427,-0.34772596430627517,0.0,3.0,1.67
STU-12029,0.4,0.5296660117878192,0.6883673119753289,0.9768637532133667,0.5270618556701032,-0.7272727272727272,-0.33390903857225107,1.0,2.0,5.04
STU-14475,0.0,1.3500982318271122,0.9988007538118888,-0.5244215938303348,0.5270618556701032,-0.2,-0.5734024179620035,0.0,3.0,4.45
STU-10383,-0.6,1.1504911591355602,0.9912626349151954,0.7197943444730068,0.5270618556701032,-1.4181818181818178,-0.30397236614853185,0.0,4.0,5.33
STU-13616,-1.0,-0.3206286836935166,0.08120609902347013,0.29820051413881654,0.27534364261168387,1.6545454545454539,1.4899251583189408,0.0,4.0,4.96
STU-14041,0.0,0.7858546168958744,0.9988007538118888,0.6272493573264775,0.491408934707904,-0.4,-0.03454231433506033,0.0,3.0,5.01
STU-11638,1.6,0.27819253438113944,0.7397635771800574,1.203084832904884,0.26718213058419255,0.9999999999999994,-0.7438111686816351,1.0,2.0,5.46
STU-14241,1.2,0.4762278978388998,0.5026554737022438,0.20565552699228715,0.4905498281786945,-1.1272727272727272,-0.39838802533103046,0.0,2.0,4.54
STU-12638,0.0,-0.8612966601178784,-1.1502484152818235,-0.6478149100257077,-1.8904639175257745,-0.5151515151515154,-0.4743811168681635,0.0,3.0,2.7
STU-10177,0.8,-0.12416502946954802,0.7034435497687158,0.11311053984575775,-1.4437285223367708,1.3272727272727272,-0.12665515256188828,0.0,2.0,3.8
STU-11348,-0.8,-1.108055009823183,0.9988007538118888,-0.7814910025706947,-0.25300687285223383,0.0060606060606059305,1.8307426597582042,0.0,3.0,5.24
STU-10008,-0.4,-0.18546168958742631,-0.5663868425561086,-1.96401028277635,-0.6344501718213066,0.3272727272727272,0.3108808290155442,0.0,4.0,2.65
STU-12904,0.4,-1.0986247544204324,-1.366798012677746,-0.1953727506426739,-0.7517182130584197,1.145454545454545,0.18192285549798506,0.0,0.0,3.26
STU-13143,-0.6,-0.06444007858546172,-0.41630974815830163,0.4318766066838045,-0.27190721649484545,-1.2727272727272727,0.0,0.0,3.0,2.37
STU-10577,0.2,0.07858546168958744,-0.10107932156929987,1.2750642673521841,0.0,-0.6484848484848486,-0.3891767415083477,1.0,3.0,4.88
STU-12951,0.8,1.1960707269155206,0.9988007538118888,1.3059125964010276,0.5270618556701032,0.25454545454545446,0.3062751871042027,0.0,0.0,6.06
STU-13308,0.2,0.0,0.19907486722631398,0.4318766066838045,0.4841065292096221,1.3030303030303023,2.1565918249856075,0.0,2.0,5.38
STU-11460,0.4,-0.5862475442043223,-0.4875792359088579,-0.3290488431876609,0.4317010309278352,0.6363636363636361,-0.3822682786413357,0.0,4.0,3.93
STU-11855,1.4,-0.51237721021611,-0.006510193592599833,0.16452442159382955,0.5270618556701032,0.4727272727272722,0.40759930915371345,1.0,3.0,3.76
STU-12664,0.0,-0.3834970530451866,-0.5088230255268125,-0.9665809768637534,-0.9222508591065297,-1.1212121212121213,1.8721934369602764,0.0,0.0,4.31
STU-11465,-0.8,0.9005893909626721,0.0,0.3393316195372742,0.018900343642611596,0.6909090909090906,0.21876799078871625,1.0,2.0,4.6
STU-14467,0.0,0.5846758349705307,-0.35943121466506794,-0.46272493573264795,0.24012027491408902,0.3393939393939391,-0.37996545768566486,0.0,0.0,4.74
STU-13215,-0.4,0.8943025540275052,0.9988007538118888,0.34961439588688925,0.41280068728522357,1.3939393939393936,1.5774323546344275,1.0,3.0,5.66
STU-11125,-1.0,-0.7497053045186641,-0.9186225800925143,-0.5244215938303348,-0.09836769759450205,0.6909090909090906,-0.052964881980425926,1.0,0.0,3.75
STU-14377,-1.0,0.009430255402750571,0.3793044372108948,0.4832904884318763,0.5270618556701032,-0.4181818181818183,-0.40299366724237196,0.0,1.0,4.28
STU-13970,-1.0,0.04243614931237715,-0.7164639369539155,-0.09254498714653031,0.12199312714776593,0.2969696969696965,-0.32700057570523894,1.0,3.0,4.27
STU-12117,0.4,-1.681728880157171,-0.9323282508137753,-0.3907455012853478,-1.2689003436426127,-0.35757575757575744,2.1565918249856075,1.0,4.0,3.38
STU-11416,0.6,0.7717092337917487,-0.8925818057221179,1.3059125964010276,-1.2315292096219939,-1.096969696969697,0.7046632124352332,1.0,0.0,4.35
STU-13089,1.0,-0.5736738703339883,0.0,0.7814910025706937,-0.7207903780068733,-0.46666666666666684,1.0063327576280945,0.0,4.0,3.39
STU-13583,-1.0,-0.13831041257367402,-0.07229741305465183,0.6375321336760916,0.5270618556701032,-0.01818181818181833,0.04605641911341398,1.0,4.0,5.55
STU-13157,-0.8,0.9728880157170927,0.39712180914853434,0.09254498714652941,-0.1623711340206187,1.1090909090909085,-0.05987334484743807,0.0,2.0,4.56
STU-12886,-1.0,-0.21218074656188604,0.0,-0.9768637532133676,0.1877147766323021,0.5999999999999994,1.466896948762234,0.0,0.0,3.39
STU-11854,-1.0,2.098231827111985,0.9988007538118888,1.3059125964010276,0.5270618556701032,0.07878787878787871,-0.6586067933218193,1.0,1.0,6.07
STU-13061,-1.0,0.13045186640471515,0.5458283364742155,0.7609254498714645,0.4591924398625431,-0.5393939393939396,0.49740932642487057,1.0,4.0,5.15
STU-14276,0.6,-0.5721021611001966,-0.49785848894980395,1.0385604113110536,-0.7006013745704472,-0.7575757575757575,-0.5066206102475532,1.0,1.0,3.85
STU-13734,0.2,-0.11944990176817287,0.09491176974473126,0.24678663239074478,0.5270618556701032,1.2303030303030302,0.08520437535981581,1.0,4.0,5.13
STU-12074,0.0,-0.4683693516699412,0.3169436354291578,-1.0796915167095122,-0.22250859106529253,-0.31515151515151535,1.526770293609672,1.0,0.0,3.71
STU-11135,-0.4,-1.3076620825147351,-1.0645879732739427,-0.9768637532133676,-1.1602233676975953,0.41818181818181777,-0.13126079447322958,1.0,2.0,2.87
STU-12919,0.0,-0.12416502946954802,-1.0543087202329966,-0.5038560411311055,-0.9106529209622,0.28484848484848463,-0.5757052389176742,0.0,2.0,3.2
STU-12940,0.8,-0.6836935166994107,0.4197361658386147,-1.0591259640102828,-0.4347079037800692,0.02424242424242426,0.0,1.0,2.0,3.9
STU-12733,-1.0,-0.24361493123772118,-0.840500256981327,-0.6992287917737794,-0.757731958762887,0.9151515151515143,2.1565918249856075,0.0,0.0,3.21
STU-14363,-0.6,2.124165029469548,0.9988007538118888,0.29820051413881654,0.5270618556701032,0.13939393939393907,0.5826137017846864,0.0,3.0,5.87
STU-13748,0.6,-0.14302554027504916,0.017474730169607364,-0.9357326478149101,-0.20317869415807588,0.11515151515151482,-0.6033390903857225,0.0,2.0,3.52
STU-13310,-0.2,-0.4872298624754421,-0.24019187939009828,-0.4935732647814914,0.0055841924398623505,-1.3696969696969699,0.7737478411053542,0.0,3.0,3.51
STU-14373,0.4,-0.30019646365422403,-0.3614870652732572,-0.8123393316195372,0.24054982817869405,0.8545454545454539,0.009211283822682796,0.0,2.0,3.2
STU-11568,0.6,-0.09587426326129658,-0.9700188452972427,0.34961439588688925,-0.19974226804123746,-0.27272727272727276,-0.6079447322970639,1.0,2.0,4.24
STU-14903,0.2,-0.6648330058939098,0.3518930957683735,0.010282776349614175,-1.5695876288659805,0.5272727272727272,0.49740932642487057,0.0,2.0,3.97
STU-14270,-0.2,2.0683693516699413,0.9988007538118888,1.3059125964010276,0.5270618556701032,-1.2606060606060603,-0.2993667242371906,0.0,3.0,6.02
STU-13596,0.0,1.6298624754420437,0.7918451259208492,0.3598971722365034,0.5270618556701032,0.6181818181818183,-0.24179620034542315,0.0,4.0,5.29
STU-12239,0.0,-0.14459724950884087,-0.5177317114956318,0.15424164524421538,-0.10051546391752597,0.745454545454545,-0.6793321819228555,0.0,3.0,3.8
STU-14435,0.4,-0.5390962671905698,-0.28405002569813326,-1.4087403598971722,0.0,1.2303030303030302,0.24870466321243528,0.0,0.0,3.59
STU-14907,-1.0,-0.20117878192534375,0.7219462052424178,0.5141388174807198,0.0,0.46060606060606035,0.07369027058146237,0.0,2.0,4.25
STU-14417,-0.8,0.37406679764243633,0.25321226657529505,-0.07197943444730105,0.41881443298969095,0.31515151515151485,0.16580310880829013,1.0,3.0,4.83
STU-10396,0.2,-1.477406679764244,0.08463251670378517,-0.6786632390745502,-1.2671821305841935,-1.103030303030303,-0.5987334484743811,1.0,3.0,2.74
STU-12100,1.6,-0.4683693516699412,0.0,1.0385604113110536,-0.15420962199312738,-0.29696969696969705,0.24409902130109398,0.0,2.0,3.93
STU-10979,0.0,0.9210216110019647,-0.07503854719890443,0.49357326478149044,0.5270618556701032,-0.8060606060606059,-0.039147956246401834,1.0,4.0,5.17
STU-14555,-0.8,0.35520628683693517,0.2922734281308882,0.08226221079691431,-1.0420962199312722,0.0,1.139896373056995,0.0,0.0,4.03
STU-13787,-0.6,0.3536345776031435,0.07640911427102928,0.3187660668380458,-0.21091065292096278,-0.19393939393939408,-0.5181347150259068,0.0,3.0,4.31
STU-11419,-0.8,-0.43693516699410606,-0.8590029124550289,-0.6992287917737794,-0.8741408934707913,0.5515151515151515,0.1174438687392055,0.0,4.0,3.54
STU-12969,0.8,0.7921414538310413,0.8350179886928207,0.2570694087403599,-0.11769759450171867,1.0242424242424242,0.3937823834196892,0.0,2.0,4.13
STU-14818,1.0,0.5422396856581532,-0.18057221175261298,-0.5244215938303348,-0.14905498281786944,0.8303030303030302,0.0,1.0,3.0,4.63
STU-12968,0.6,-0.3489194499017683,0.44714750728113695,-1.0179948586118253,-0.28565292096219974,0.18181818181818168,0.13356361542890044,1.0,0.0,4.55
STU-11433,0.4,-0.23575638506876231,-0.1278053794757587,-0.010282776349615089,-1.172680412371135,0.41818181818181777,-0.6724237190558435,0.0,0.0,3.04
STU-14236,-1.0,-0.4180746561886052,-0.33681685797498756,-0.09254498714653031,-0.3135738831615121,0.15757575757575742,0.0,0.0,4.0,4.22
STU-11692,-0.6,-0.41178781925343805,0.9988007538118888,0.6786632390745493,-0.2332474226804128,-0.5757575757575757,-0.0898100172711571,0.0,3.0,4.22
STU-14601,-0.6,-0.1335952848722986,0.19770430015418816,-0.3804627249357327,-0.22981099656357437,0.345454545454545,1.5152561888313187,1.0,1.0,4.5
STU-14054,1.4,0.5893909626719058,0.9988007538118888,1.3059125964010276,0.5270618556701032,1.2181818181818171,-0.47207829591249284,0.0,2.0,5.97
STU-11788,-1.0,-0.1210216110019646,0.5485694706184681,0.5347043701799481,-0.13745704467353972,-0.8,0.011514104778353443,0.0,1.0,3.94
STU-10743,0.2,-0.21375245579567775,0.7534692479013184,-0.30848329048843254,0.5270618556701032,-0.12727272727272723,-0.04145077720207248,0.0,3.0,4.93
STU-12825,1.0,-0.05343811394891944,0.1792016446804862,-0.20565552699228806,-0.25644329896907225,0.0,-0.987910189982729,0.0,1.0,4.5
STU-10363,0.2,-0.13988212180746573,0.08668836731197439,-1.9434447300771212,0.5270618556701032,0.16363636363636333,2.1565918249856075,0.0,1.0,3.82
STU-10334,0.8,1.3768172888015722,0.9713894123693666,1.192802056555269,0.5270618556701032,0.03030303030303019,0.8221070811744386,1.0,4.0,6.56
STU-11301,0.0,0.0,0.9988007538118888,1.3059125964010276,0.5270618556701032,0.31515151515151485,-0.6908462867012091,1.0,2.0,5.74
STU-14393,-0.2,-1.214931237721022,-0.4457769402090121,-0.35989717223650436,0.0,-0.6121212121212124,-0.432930339666091,0.0,1.0,2.3
STU-12078,-1.0,0.8550098231827116,0.7829364399520289,0.5964010282776341,0.42053264604810986,-0.07272727272727278,1.2020725388601037,0.0,1.0,5.04
STU-14394,1.2,-0.5972495088408647,-1.3352749700188462,-0.5758354755784066,-0.36340206185567064,1.4060606060606053,0.17962003454231443,0.0,3.0,2.99
STU-13860,0.8,0.21532416502946947,-1.139283878704815,-0.26735218508997494,0.5270618556701032,0.448484848484848,0.0,1.0,2.0,4.28
STU-10965,0.0,-1.1992141453831042,-0.7534692479013194,-0.7609254498714654,-1.7006013745704478,-0.3939393939393941,0.743811168681635,0.0,4.0,2.49
STU-10980,-0.2,0.10530451866404716,0.34229912626349085,0.9151670951156807,-0.6318728522336776,0.4969696969696965,0.04375359815774333,1.0,2.0,4.41
STU-11137,1.4,-1.7288801571709236,-1.100222717149221,-0.9562982005141393,-1.3049828178694167,0.15757575757575742,-0.2118595279217041,0.0,2.0,1.92
STU-14632,-0.6,-0.8110019646365424,-1.0906287476443381,-0.9562982005141393,-1.2925257731958772,1.2727272727272727,1.1122625215889468,1.0,0.0,2.5
STU-13025,-0.8,-0.4903732809430255,0.23128319342127707,0.6478149100257068,-0.5000000000000003,-1.0848484848484847,-0.11053540587219335,0.0,0.0,4.51
STU-10025,1.0,0.5626719056974461,-0.17714579407229794,0.7506426735218503,0.3414948453608251,0.4363636363636361,-0.0805987334484743,1.0,4.0,5.54
STU-14975,0.0,-0.3944990176817289,-1.2468733938667127,0.32904884318766,0.2787800687285223,-1.3212121212121213,1.646516983304548,0.0,2.0,4.13
STU-12626,-1.0,0.0015717092337917153,-0.35120781223231207,0.41131105398457524,0.19974226804123685,0.2787878787878787,0.601036269430052,0.0,2.0,3.95
STU-10137,0.0,-0.8282907662082516,0.0,0.08226221079691431,-0.9119415807560144,-0.8242424242424242,1.4300518134715028,1.0,3.0,3.0
STU-10511,0.4,-1.1536345776031436,-0.029124550282680236,-1.2339331619537275,-0.44029209621993154,0.0,0.31318364997121484,0.0,4.0,3.91
STU-10702,0.4,-0.6491159135559922,-0.47729998286791275,-0.5141388174807198,-0.7212199312714783,-0.49696969696969706,2.1565918249856075,0.0,2.0,3.71
STU-12859,0.4,-0.5548133595284872,-1.1639540860030846,0.4730077120822621,-1.1159793814432997,-0.5454545454545455,0.5365572826712726,0.0,2.0,3.16
STU-13208,0.6,-0.9791748526522596,-0.05105362343669724,1.059125964010282,-0.4733676975945024,0.9151515151515143,0.0,0.0,1.0,4.07
STU-13504,0.0,-0.35049115913556006,0.5896864827822504,-0.5141388174807198,0.5270618556701032,-0.0909090909090911,-0.09671848013816925,0.0,4.0,4.26
STU-10124,1.8,-1.5041257367387035,-0.4718177145794075,-0.9254498714652959,-0.6658075601374575,0.6181818181818183,0.3385146804835924,1.0,4.0,3.29
STU-12283,-0.2,-0.05500982318271115,0.9988007538118888,-0.8637532133676099,0.05111683848797244,-1.1212121212121213,0.6862406447898676,1.0,4.0,4.29
STU-10607,-0.4,0.11473477406679773,-0.5609045742676043,0.5449871465295623,-1.1430412371134029,-0.8,-0.03223949337938968,0.0,4.0,4.22
STU-11614,0.2,-0.2420432220039292,-0.032550967962995274,0.3187660668380458,-0.3921821305841931,-1.4484848484848485,1.0362694300518138,1.0,1.0,3.44
STU-14006,-0.4,0.3897838899803538,0.9988007538118888,0.6375321336760916,-0.19759450171821352,-0.26666666666666683,0.3108808290155442,1.0,4.0,4.13
STU-12665,0.8,1.2117878192534384,0.8829878362172342,1.26478149100257,0.23539518900343612,1.1393939393939392,0.6125503742084056,1.0,1.0,6.04
STU-12049,0.2,-0.46365422396856576,0.9796128148021235,0.6169665809768633,-0.1683848797250861,0.7878787878787876,-0.3776626367299942,0.0,1.0,4.82
STU-11796,-0.6,0.7025540275049116,0.6602706869967442,0.6375321336760916,0.0,-0.6666666666666669,0.49510650546919993,0.0,0.0,5.57
STU-11408,0.6,0.2467583497053046,-0.4375535377762552,0.0,-0.041666666666666644,-0.7090909090909089,-0.5112262521588946,1.0,4.0,4.07
STU-11616,-0.4,-0.006286836935166861,0.9988007538118888,-0.020565552699229262,0.18384879725085926,-0.34545454545454557,1.3770869314910767,0.0,0.0,4.11
STU-10037,-0.8,-1.7288801571709236,-0.6273770772657197,-0.8843187660668382,-1.666237113402063,-0.2848484848484852,0.0,0.0,3.0,2.59
STU-10204,0.2,0.6522593320235756,-0.7548398149734462,-1.007712082262211,0.30541237113402075,0.6242424242424243,-0.9648819804260219,0.0,0.0,3.57
STU-14850,-1.0,-1.2416502946954815,-1.1351721774884365,-1.3264781491002569,-0.8595360824742275,-0.7393939393939396,-0.7990788716177318,0.0,2.0,1.98
STU-10127,-0.4,-0.9650294695481337,-0.7993832448175436,0.17480719794344463,-1.100085910652922,0.7030303030303025,0.9994242947610826,0.0,4.0,4.26
STU-13467,1.0,-0.3677799607072692,-0.4252184341271209,-0.4215938303341903,0.0012886597938144826,0.345454545454545,-0.2993667242371906,0.0,2.0,3.5
STU-14390,1.2,0.8911591355599219,-0.2737707726571872,0.030848329048842524,0.5270618556701032,-0.9393939393939391,2.1565918249856075,0.0,3.0,4.81
STU-12454,-0.2,0.24833005893909632,0.9371252355662143,0.4010282776349611,-0.4119415807560141,0.145454545454545,0.0,0.0,4.0,4.71
STU-13168,-1.0,0.2561886051080552,-0.0483124892924456,-0.9357326478149101,-0.3414948453608251,0.739393939393939,-0.04375359815774313,0.0,3.0,4.02
STU-11308,1.0,-0.6271119842829078,-0.2600651019359271,0.5449871465295623,-0.9720790378006883,0.08484848484848463,1.0500863557858378,1.0,4.0,3.21
STU-11220,-1.0,0.7968565815324167,0.8240534521158123,0.3598971722365034,0.5270618556701032,-0.703030303030303,-0.8704663212435234,1.0,2.0,5.0
STU-12609,0.0,-0.44479371316306493,-1.073496659242762,-1.8611825192802058,0.011168384879724701,-0.08484848484848517,-0.29706390328151994,0.0,4.0,3.36
STU-11275,-0.8,0.3646365422396858,-0.7582662326537613,-0.9357326478149101,0.37886597938144323,0.8666666666666668,-0.7276914219919401,0.0,2.0,3.41
STU-10087,0.4,0.2860510805500983,0.6356004796984747,1.3059125964010276,-0.017611683848797726,0.28484848484848463,-0.8267127230857801,1.0,0.0,5.59
STU-11909,0.0,-0.3834970530451866,0.02706869967448907,1.2442159383033418,-0.9441580756013753,-0.08484848484848517,-0.6470926885434658,1.0,2.0,4.42
STU-12646,1.2,-0.16345776031434173,0.7952715436011643,-0.9974293059125969,0.4965635738831619,-0.9818181818181817,-0.9856073690270581,0.0,2.0,3.94
STU-11227,0.0,-0.47308447937131637,0.1223231111872525,-0.40102827763496196,-0.6610824742268046,-0.909090909090909,-0.6355785837651123,0.0,2.0,3.65
STU-11744,0.0,0.27347740667976433,-0.20318656844269437,0.3187660668380458,0.5270618556701032,0.24242424242424204,2.0564191134139325,1.0,4.0,4.99
STU-13966,0.8,0.23575638506876231,0.9988007538118888,0.2879177377892024,0.31658075601374547,1.0303030303030303,2.1565918249856075,0.0,4.0,6.06
STU-14821,-0.2,-1.0986247544204324,0.03871851978756097,-1.2236503856041134,-0.6099656357388321,1.5878787878787877,0.8290155440414511,0.0,4.0,3.54
STU-10622,0.0,0.8392927308447938,0.9988007538118888,0.9562982005141384,0.5270618556701032,0.6606060606060599,0.20955670696603346,0.0,0.0,5.66
STU-11884,-0.4,0.16345776031434173,-0.3080349494603395,0.37017994858611764,-0.033075601374570905,0.21818181818181778,-0.7253886010362696,0.0,2.0,3.95
STU-12630,-0.4,0.9257367387033402,-0.10382045571355249,-0.668380462724936,0.5270618556701032,-0.7454545454545456,0.17501439263097293,1.0,4.0,5.3
STU-13752,0.2,-0.11787819253438116,-0.5101935925989383,-0.5038560411311055,-0.8363402061855675,0.03030303030303019,0.7092688543465748,0.0,4.0,3.45
STU-14263,1.4,-1.0546168958742634,0.0,-0.9665809768637534,-0.6864261168384885,0.20606060606060592,-0.5250431778929189,0.0,3.0,2.81
STU-10857,1.6,-0.5548133595284872,0.0010279253040936342,-0.5141388174807198,-0.24699312714776647,0.6303030303030301,-0.5227403569372482,0.0,4.0,3.17
STU-13978,1.0,0.0,0.9878362172348804,0.4318766066838045,-0.4042096219931278,0.739393939393939,-0.8036845135290732,1.0,2.0,5.07
STU-13861,0.0,0.5469548133595287,-0.31762891896522216,0.6478149100257068,-0.5515463917525778,0.35757575757575744,0.05296488198042613,0.0,3.0,3.61
STU-11459,0.2,-0.33320235756385064,-0.09148535206441719,-0.2365038560411315,0.4480240549828178,-1.2787878787878788,0.2694300518134715,0.0,1.0,3.04
STU-12159,-0.4,-1.7288801571709236,-0.8041802295699855,-0.9254498714652959,-0.7886597938144334,-0.4363636363636367,0.5273459988485896,1.0,2.0,2.43
STU-11099,0.0,-0.92573673870334,-1.0872023299640232,0.010282776349614175,-1.2826460481099666,0.5333333333333331,0.3914795624640185,0.0,2.0,2.57
STU-14130,-0.8,-0.3064833005893909,0.4300154188795608,0.9562982005141384,-0.19158075601374616,1.636363636363636,0.05296488198042613,1.0,4.0,4.55
STU-10706,0.0,-0.5532416502946955,-0.5944834675346932,0.3187660668380458,-1.9540378006872865,-0.3696969696969698,-0.7392055267702937,1.0,3.0,3.7
STU-14578,0.8,-0.976031434184676,-0.19770430015418913,-0.9357326478149101,0.03565292096219926,1.0909090909090906,0.33390903857225107,0.0,0.0,2.87
STU-14743,0.0,0.0,-0.7945862600651028,-0.15424164524421627,-1.6348797250859117,-0.02424242424242426,0.9142199194012667,0.0,3.0,2.77
STU-10539,-0.8,-0.5108055009823184,0.13534349837245122,0.4215938303341894,-0.8225945017182138,0.07272727272727278,0.2924582613701786,0.0,4.0,4.05
STU-12497,1.0,-0.2954813359528489,-1.1536748329621385,-0.2467866323907457,-0.9849656357388324,-0.6848484848484846,1.298791018998273,0.0,3.0,3.4
STU-13172,0.4,1.009037328094303,0.7500428302210034,0.41131105398457524,0.5270618556701032,-0.1333333333333337,1.8445595854922285,1.0,3.0,5.76
STU-10162,-0.8,0.3206286836935166,0.1456227514133963,0.5038560411311046,0.32689003436426134,0.1515151515151515,-0.21876799078871625,0.0,2.0,5.11
STU-13644,0.0,0.0,-0.18673976357718064,0.2570694087403599,0.33032646048109976,0.6969696969696965,-0.12895797351755894,1.0,3.0,4.04
STU-12632,0.0,-0.7811394891944992,-0.48894980298098367,-0.16452442159383046,-0.3990549828178699,0.5878787878787876,-0.7230857800805988,0.0,2.0,3.69
STU-10647,-0.2,-1.52770137524558,-1.4579407229741308,-0.740359897172237,-1.6834192439862554,0.303030303030303,0.2855497985031665,0.0,3.0,2.88
STU-10966,-0.6,-0.4557956777996072,-0.21963337330820712,-0.6889460154241652,0.09364261168384853,-0.23030303030303018,-0.310880829015544,0.0,4.0,3.44
STU-14172,-0.2,0.06915520628683687,0.45879732739420886,-0.5861182519280208,0.0,0.07272727272727278,-0.4052964881980426,0.0,4.0,4.06
STU-12157,0.0,-0.6711198428290767,-0.4512592084975164,1.3059125964010276,0.0,0.42424242424242425,2.1565918249856075,0.0,4.0,4.73
STU-13468,1.0,-0.6255402750491161,0.06818571183827242,0.1439588688946012,-0.27663230240549835,0.8363636363636361,0.9602763385146809,0.0,1.0,4.09
STU-14863,-0.2,0.0,0.6767174918622569,-0.3290488431876609,0.049828178694157954,0.07272727272727278,-0.5710995970063328,0.0,4.0,3.89
STU-12537,0.2,0.4825147347740669,0.9905773513791319,1.2442159383033418,0.5270618556701032,-0.7090909090909089,-0.45365572826712725,1.0,4.0,5.83
STU-11576,-0.8,-0.5799607072691553,0.0,0.9665809768637526,0.18256013745704477,0.41818181818181777,0.5020149683362121,0.0,1.0,4.48
STU-13267,0.4,-0.46994106090373294,-0.9748158300496835,1.0385604113110536,0.03780068728522319,-1.2666666666666664,1.6925734024179624,1.0,0.0,4.72
STU-14215,0.6,-0.15717092337917488,0.563645708411855,0.24678663239074478,0.5270618556701032,-1.1878787878787875,1.1606217616580312,0.0,4.0,3.93
STU-13017,1.2,-0.47308447937131637,-1.675175603906117,0.061696658097685965,-1.1121134020618564,0.7696969696969698,-0.46747265400115146,0.0,1.0,3.25
STU-13667,1.0,1.1017681728880162,0.41082747986979545,-0.18508997429305973,0.5270618556701032,0.345454545454545,0.19113413932066786,0.0,3.0,4.52
STU-11207,-0.4,-0.36620825147347746,-1.0858317628918974,0.2570694087403599,-0.0378006872852238,-0.48484848484848464,-1.1352907311456535,1.0,2.0,3.09
STU-12634,0.0,0.45893909626719065,0.0,-1.1825192802056557,-0.029209621993127457,1.1212121212121213,0.14507772020725387,0.0,4.0,3.08
STU-13026,0.4,0.25147347740667975,-0.37998972074696014,0.4730077120822621,0.5270618556701032,-0.6848484848484846,-0.6332757628094416,0.0,0.0,3.94
STU-12898,1.8,-0.22003929273084488,-0.25047113243104435,-0.041131105398457615,-0.9441580756013753,-0.012121212121212399,-0.0898100172711571,1.0,0.0,3.4
STU-12434,-1.0,-0.4086444007858546,-0.771286619838959,0.030848329048842524,0.1103951890034362,-1.2181818181818183,0.06908462867012087,0.0,1.0,3.53
STU-10336,-1.0,-0.19803536345776032,0.0,-0.18508997429305973,-0.9218213058419252,-0.03636363636363666,-0.8151986183074267,0.0,1.0,3.54
STU-12920,1.0,-1.7288801571709236,-1.0337502141511055,-1.8920308483290489,-1.5829037800687296,-0.25454545454545446,-0.02072538860103624,0.0,4.0,1.29
STU-12019,1.4,0.5469548133595287,0.3587459311290036,1.0179948586118244,0.5180412371134024,0.7878787878787876,-0.7207829591249281,0.0,1.0,4.94
STU-14237,-1.0,-0.07544204322200401,0.36491348295357123,0.16452442159382955,0.2336769759450172,-0.6545454545454544,0.6632124352331606,1.0,3.0,4.75
STU-10926,1.2,0.8801571709233795,0.9988007538118888,-0.13367609254498794,0.5270618556701032,-0.2424242424242426,-0.05757052389176742,0.0,4.0,4.37
STU-10683,0.6,0.2907662082514735,0.1236936782593793,0.462724935732647,0.12585910652920937,0.21212121212121185,-0.023028209556706886,0.0,4.0,4.99
STU-12373,0.0,-1.0168958742632614,0.6431385985951681,0.4730077120822621,0.02147766323024056,-0.06060606060606091,-0.1934369602763385,1.0,1.0,4.42
STU-12766,-0.8,0.6726915520628687,-1.026212095254412,-1.4395886889460157,0.20231958762886582,-0.4424242424242426,1.3126079447322974,0.0,2.0,2.82
STU-11636,1.2,-0.045579567779960584,-0.5376049340414605,-1.4601542416452449,0.3719931271477664,-0.3272727272727272,0.05757052389176742,0.0,0.0,3.56
STU-13136,-1.0,-0.650687622789784,0.5280109645365759,-0.5758354755784066,0.2006013745704469,-0.9333333333333331,1.4899251583189408,0.0,1.0,4.33
STU-10178,-0.2,-0.1587426326129666,-0.12300839472331786,0.6786632390745493,-0.19243986254295561,0.7090909090909083,0.029936672423719037,0.0,2.0,5.07
STU-14482,0.6,1.433398821218075,0.10176460510536132,0.5141388174807198,0.5270618556701032,-1.0363636363636362,0.34772596430627517,0.0,2.0,4.33
STU-11589,-1.0,0.0,0.9988007538118888,-0.35989717223650436,0.009879725085910219,-1.3818181818181816,-0.8796776050662062,0.0,3.0,4.47
STU-11871,-1.0,0.04243614931237715,0.9988007538118888,0.9151670951156807,0.16752577319587603,-0.1212121212121213,-0.3200921128382268,1.0,2.0,5.25
STU-10428,1.2,-1.2935166994106093,-1.0268973787904754,-1.3778920308483296,-0.7689003436426124,0.5939393939393935,0.38917674150834786,0.0,4.0,2.04
STU-11857,-0.2,1.232220039292731,0.0,0.39074550128534685,0.5270618556701032,0.5272727272727272,0.12895797351755914,0.0,0.0,5.06
STU-12110,1.2,-0.3159135559921415,-0.7877334247044717,-0.8843187660668382,-0.8539518900343651,-0.5333333333333331,-0.39838802533103046,0.0,4.0,2.54
STU-10567,-0.4,-1.1127701375245582,-1.10227856775741,-0.3804627249357327,-0.9471649484536087,-1.3272727272727272,0.12435233160621764,1.0,1.0,2.88
STU-14648,1.4,0.9194499017681733,-0.45537090971389477,0.5655526992287915,0.027920962199312366,2.048484848484848,-0.3960852043753598,0.0,0.0,4.9
STU-13038,-1.0,0.2451866404715129,0.32379647078978885,0.49357326478149044,0.1138316151202746,0.3393939393939391,-0.27633851468048365,0.0,3.0,4.5
STU-12188,-0.2,1.2715127701375248,0.2347096111015921,0.0,0.27491408934707884,-0.3212121212121213,-0.9188255613126081,1.0,4.0,5.13
STU-10871,1.0,-0.3347740667976426,-1.0974815830049693,-0.21593830334190317,-0.9428694158075608,-0.31515151515151535,-0.7276914219919401,0.0,4.0,3.55
STU-11353,0.8,1.2667976424361493,0.771286619838958,0.9254498714652949,0.5270618556701032,-0.4424242424242426,0.08981001727115731,0.0,0.0,5.33
STU-10632,-1.0,0.21218074656188604,-0.5273256810005145,-1.9023136246786636,-0.5304982817869422,-1.2060606060606058,-0.8198042602187681,0.0,3.0,3.12
STU-13960,-0.2,0.048722986247544293,-0.2518416995031702,-0.010282776349615089,0.5270618556701032,0.9818181818181817,0.18652849740932656,0.0,3.0,5.57
STU-10634,2.1,-0.3913555992141455,0.21552167209182674,0.0,-0.1417525773195876,0.36969696969696925,0.5273459988485896,1.0,1.0,3.66
STU-12502,-1.0,0.40392927308447946,0.40397464450916437,-0.2982005141388175,-0.11082474226804123,0.0,0.7668393782383423,0.0,2.0,4.34
STU-10812,-0.4,-0.8707269155206289,-1.2174062018160023,-1.1413881748071981,-1.1417525773195885,1.3151515151515143,-0.8036845135290732,0.0,0.0,3.44
STU-13952,-0.2,-1.013752455795678,-0.17508994346410872,-0.4935732647814914,-0.7014604810996566,-0.06666666666666685,0.4306275187104204,0.0,4.0,3.81
STU-11065,0.4,0.19960707269155203,0.4169950316943631,-0.7917737789203089,0.5270618556701032,-0.07272727272727278,-0.46747265400115146,0.0,0.0,3.96
STU-10115,0.6,0.3944990176817289,0.30186739763577086,-0.10282776349614449,-0.46434707903780104,0.8424242424242421,1.6303972366148536,0.0,4.0,4.3
STU-14817,0.2,0.004715127701375146,-0.865855747815659,-1.7069408740359897,0.0,-0.5454545454545455,-0.9464594127806563,0.0,0.0,3.51
STU-13620,-1.0,-0.5469548133595287,0.2237450745245836,-0.08226221079691523,-0.5730240549828184,0.4727272727272722,-0.0805987334484743,0.0,3.0,4.14
STU-10659,0.0,0.3049115913555992,-0.16686654103135284,0.6889460154241643,0.0,-1.0606060606060603,0.0,0.0,3.0,4.0
STU-10030,0.4,0.09273084479371316,0.11821140997087505,0.0411311053984567,0.19587628865979403,-0.5939393939393941,0.21876799078871625,0.0,4.0,4.47
STU-10311,-0.4,-0.46365422396856576,0.7500428302210034,-0.5244215938303348,-0.3032646048109968,-1.7212121212121207,0.4006908462867013,0.0,4.0,4.56
STU-10422,0.0,0.1823182711198429,-0.0818913825595345,0.4318766066838045,-0.06013745704467382,-0.5757575757575757,0.0,0.0,2.0,3.74
STU-12852,0.0,0.4982318271119844,0.0,0.11311053984575775,0.5270618556701032,0.4303030303030302,0.5895221646516984,0.0,4.0,4.95
STU-11399,1.8,0.16188605108055001,0.007195477128661282,1.3059125964010276,-0.17482817869415848,0.24242424242424204,-1.02475532527346,1.0,4.0,5.35
STU-13182,-0.4,1.0106090373280945,-0.5334932328250821,0.4215938303341894,-0.09836769759450205,0.04242424242424205,-0.7852619458837076,0.0,4.0,4.73
STU-14649,1.0,-0.01886051080550086,-1.211923933527498,0.05141388174807179,-0.5837628865979386,0.4666666666666663,-0.36384571099597013,1.0,3.0,3.58
STU-13885,-0.6,-0.42121807465618866,-0.9988007538118907,0.5244215938303339,0.5270618556701032,-0.04848484848484852,0.0,0.0,4.0,4.44
STU-10870,1.4,0.1948919449901769,0.0,-0.7506426735218512,-0.3801546391752583,0.36969696969696925,0.02533103051237774,0.0,1.0,3.97
STU-14840,1.6,0.09273084479371316,-0.07640911427103025,-0.03084832904884344,-0.06572164948453617,-1.406060606060606,0.6655152561888313,0.0,3.0,4.12
STU-11651,-0.4,-0.8471512770137526,-0.5588487236594151,-1.1722365038560416,-0.2951030927835055,-0.27272727272727276,1.625791594703512,0.0,0.0,3.32
STU-14790,0.2,-0.5532416502946955,0.0,0.8534704370179939,-0.7109106529209624,-0.5333333333333331,0.19573978123200936,1.0,1.0,4.54
STU-10267,-0.8,-0.37092337917485263,0.006510193592597886,-0.21593830334190317,0.5270618556701032,-0.7757575757575758,0.3960852043753598,1.0,0.0,4.55
STU-12304,-1.0,0.1728880157170923,0.4485180743532628,1.0694087403598962,-0.011168384879725312,-0.5333333333333331,0.6332757628094419,0.0,3.0,3.92
STU-12066,1.8,0.5689587426326129,0.9988007538118888,0.3187660668380458,0.3329037800687287,-0.2909090909090911,-0.0046056419113412956,1.0,1.0,5.03
STU-11631,0.6,0.6522593320235756,0.9988007538118888,0.791773778920308,0.5270618556701032,-0.9757575757575757,1.3425446171560165,0.0,4.0,5.72
STU-10036,0.2,-1.5261296660117882,-0.5204728456398844,-0.4832904884318772,-1.5678694158075612,1.248484848484848,0.7046632124352332,0.0,1.0,2.25
STU-12018,-0.8,0.30019646365422403,0.36285763234538204,0.2570694087403599,0.5270618556701032,0.3515151515151515,0.0,0.0,4.0,4.72
STU-12203,0.0,0.8172888015717092,0.6897378790474546,-0.26735218508997494,0.5270618556701032,0.09696969696969704,-1.1652274035693726,0.0,3.0,5.97
STU-13348,-0.2,0.20746561886051088,0.9988007538118888,1.3059125964010276,0.48024054982817865,-0.49090909090909113,0.0069084628670121485,0.0,4.0,4.82
STU-11028,2.1,1.6000000000000003,0.9988007538118888,0.18508997429305882,0.5270618556701032,0.5515151515151515,-0.40299366724237196,0.0,2.0,5.3
STU-14319,0.2,-1.7288801571709236,-1.2955285249271895,-1.5115681233933167,-2.0671713917525785,-0.9757575757575757,1.1260794473229707,0.0,0.0,1.0
STU-10919,-0.8,-1.0278978388998037,-1.0467706013363032,-0.4832904884318772,-1.4274054982817879,-0.10303030303030296,0.02072538860103624,0.0,3.0,3.11
STU-12046,-1.0,0.6082514734774067,0.3265376049340405,-0.10282776349614449,-0.041666666666666644,-0.6181818181818183,-0.4075993091537133,0.0,1.0,4.14
STU-10454,-0.4,0.27819253438113944,-0.14425218434127243,0.5244215938303339,0.5270618556701032,-0.06060606060606091,0.6586067933218194,0.0,3.0,4.37
STU-12198,1.2,-0.39921414538310407,0.2052424190508816,-1.2236503856041134,-0.5756013745704474,-1.4303030303030302,0.6171560161197469,1.0,4.0,3.49
STU-10587,0.6,2.124165029469548,-0.39986294329278793,-0.8534704370179949,-1.2259450171821316,0.9939393939393936,-0.8151986183074267,0.0,4.0,1.71
STU-12804,-0.6,1.1457760314341847,0.13876991605276623,0.32904884318766,0.5270618556701032,-0.2,-0.9948186528497411,0.0,3.0,4.73
STU-12848,0.4,0.908447937131631,0.45811204385814547,1.3059125964010276,0.4269759450171823,0.5939393939393935,-0.08520437535981581,0.0,3.0,5.43
STU-14535,0.2,-0.2577603143418469,0.855576494774712,-0.4935732647814914,-0.5249140893470793,-0.40606060606060596,-0.4835924006908463,0.0,2.0,3.99
STU-10693,0.8,-1.6282907662082517,-0.8288504368682551,-0.07197943444730105,0.0,-0.34545454545454557,-0.6217616580310881,0.0,4.0,3.48
STU-10561,0.0,-1.4208251473477407,-0.20524241905088259,-2.0822622107969164,0.0,0.02424242424242426,-0.13356361542890044,0.0,4.0,2.33
STU-14691,0.6,-0.3693516699410609,-1.3894123693678262,1.2442159383033418,0.10481099656357384,1.0969696969696965,-0.08290155440414496,0.0,1.0,5.12
STU-12522,1.8,1.4019646365422402,0.10793215692992897,-0.16452442159383046,0.5270618556701032,0.8060606060606054,-1.109959700633276,0.0,3.0,5.0
STU-10716,-0.2,-1.1614931237721022,0.10176460510536132,-0.4215938303341903,-0.664948453608248,1.151515151515151,-0.2302820955670697,0.0,4.0,3.03
STU-11991,0.6,-0.4982318271119844,-0.8699674490320375,-1.398457583547558,-0.7246563573883168,0.7575757575757569,-0.8842832469775476,0.0,2.0,3.42
STU-11089,1.6,0.7245579567779961,0.47318828165153237,0.24678663239074478,0.5270618556701032,-0.9757575757575757,-0.7553252734599886,0.0,2.0,4.69
STU-11302,1.2,-1.5889980353634579,-1.3537776254925482,-0.4215938303341903,-2.0671713917525785,-0.4424242424242426,-0.3822682786413357,0.0,3.0,1.96
STU-14664,0.0,-1.5481335952848725,-0.10656158985780413,0.41131105398457524,-0.5489690721649488,-0.2606060606060609,-0.1082325849165227,0.0,3.0,3.77
STU-13718,-0.2,-0.23575638506876231,0.6691793729655635,-0.596401028277635,0.5270618556701032,-0.14545454545454556,-0.14507772020725387,1.0,4.0,4.09
STU-14512,-0.4,1.3076620825147351,0.9734452629775558,-0.6478149100257077,0.5270618556701032,0.07272727272727278,0.5112262521588946,0.0,3.0,3.84
STU-12369,1.0,0.16502946954813374,0.04008908685968776,-0.9357326478149101,-0.16580756013745712,0.5818181818181817,-0.05757052389176742,1.0,2.0,4.1
STU-14701,-0.6,0.0,-0.6451944492033582,-0.5449871465295631,0.1967353951890035,-0.23030303030303018,0.3062751871042027,0.0,2.0,3.57
STU-12163,-0.6,-0.22946954813359546,0.2360801781737189,0.08226221079691431,0.09579037800687247,-0.6,1.6833621185952794,1.0,0.0,4.87
STU-12226,1.0,0.20275049115913546,-0.5657015590200452,0.4318766066838045,0.49441580756013737,0.3878787878787876,0.3246977547495683,0.0,2.0,4.52
STU-10902,0.6,0.13202357563850686,0.24978584889497904,0.0411311053984567,-0.6258591065292103,-0.49090909090909113,0.7783534830166955,0.0,1.0,4.43
STU-14142,-0.8,-1.3453831041257371,0.5286962480726393,-1.532133676092545,-1.0841924398625435,0.1212121212121213,0.14507772020725387,0.0,0.0,2.3
STU-12184,-0.6,0.35049115913556006,0.4026040774370386,0.8534704370179939,0.47981099656357423,0.4545454545454545,-0.4006908462867013,1.0,3.0,5.03
STU-12982,-0.4,1.0499017681728882,-0.44714750728113795,0.2570694087403599,0.5270618556701032,0.16363636363636333,-0.7415083477259644,0.0,0.0,5.63
STU-12947,-0.2,1.2872298624754424,0.9988007538118888,1.0385604113110536,0.5270618556701032,-0.5333333333333331,0.0,0.0,3.0,6.09
STU-12650,1.0,-0.3300589390962672,0.793215692992975,0.6272493573264775,0.5270618556701032,-0.2121212121212124,-0.6655152561888313,0.0,0.0,5.31
STU-10579,0.0,-0.23732809430255403,0.39849237622066014,-0.5449871465295631,-0.09235395189003466,-0.903030303030303,0.9740932642487047,0.0,4.0,4.04
STU-10207,0.4,0.4903732809430255,-0.05722117526126489,-0.4215938303341903,0.5270618556701032,0.13333333333333316,-0.8313183649971215,0.0,2.0,4.98
STU-12732,1.4,0.658546168958743,-0.02295699845811259,-0.6992287917737794,-0.6576460481099661,1.2303030303030302,0.13356361542890044,0.0,1.0,3.41
STU-14170,1.2,-1.0813359528487232,-0.3758780195305817,0.24678663239074478,-0.640463917525774,1.4121212121212112,-0.3684513529073114,0.0,4.0,4.32
STU-11530,2.1,0.0015717092337917153,0.1792016446804862,-0.22622107969151733,-1.3535223367697604,-0.06060606060606091,-0.35463442717328736,0.0,4.0,3.96
STU-13984,-0.8,0.048722986247544293,0.0,0.061696658097685965,-0.20274914089347085,0.6545454545454539,-0.06678180771445022,0.0,0.0,4.23
STU-12614,-1.0,0.6286836935166995,0.14767860202158553,0.863753213367609,0.5270618556701032,-0.5757575757575757,0.5388601036269433,1.0,2.0,5.32
STU-11284,-0.4,0.21218074656188604,0.79664211067329,0.5552699228791764,0.2800687285223368,-1.545454545454545,2.1565918249856075,0.0,0.0,4.35
STU-10481,1.0,-1.295088408644401,-1.0776083604591404,-0.8329048843187664,-1.2822164948453616,-0.4363636363636367,0.47207829591249284,1.0,3.0,2.57
STU-10985,2.1,-0.46051080550098233,-1.3777625492547554,1.3059125964010276,-0.8651202749140898,-1.1393939393939392,1.1329879101899831,1.0,4.0,3.39
STU-14077,-0.4,-0.5029469548133595,-0.07092684598252601,-0.9871465295629828,-0.24355670103092805,0.2,-0.8151986183074267,1.0,4.0,3.41
STU-13108,0.4,-0.6349705304518665,0.21003940380332248,0.49357326478149044,-1.020189003436427,1.2909090909090906,0.7161773172135868,0.0,4.0,3.49
STU-10599,1.2,-0.5548133595284872,-0.25800925132773783,-0.6169665809768642,-0.7671821305841928,-1.1757575757575758,0.4052964881980426,1.0,0.0,3.63
STU-13774,1.2,0.8298624754420435,-0.31899948603734896,1.3059125964010276,-0.13058419243986288,0.21818181818181778,-0.5043177892918826,0.0,4.0,4.8
STU-11668,1.4,0.4165029469548135,0.501284906630117,1.3059125964010276,0.0012886597938144826,0.42424242424242425,1.238917674150835,1.0,4.0,5.01
STU-11427,1.6,0.40235756385068777,-0.5122494432071275,0.0,0.48195876288659817,-0.2787878787878787,-0.6056419113413932,0.0,4.0,4.32
STU-12883,-1.0,-0.33634577603143434,-0.39986294329278793,-0.740359897172237,-0.5584192439862546,0.8606060606060598,-0.1128382268278642,0.0,0.0,3.92
STU-13687,-1.0,0.41493123772102175,0.0,-0.7712082262210795,0.40936426116838515,-0.6,-0.32700057570523894,0.0,2.0,3.54
STU-12456,-0.8,1.126915520628684,-0.5465136200102798,-0.46272493573264795,0.11426116838487964,0.41818181818181777,-0.5941278065630398,1.0,1.0,4.63
STU-12915,0.2,0.10530451866404716,-0.8912112386499921,0.5449871465295623,0.11297250859106515,0.4303030303030302,0.7760506620610249,0.0,0.0,4.5
STU-13126,-0.6,-0.8440078585461691,-0.16549597395922605,0.41131105398457524,-0.0661512027491412,-0.2909090909090911,-0.4375359815774324,1.0,2.0,4.78
STU-11963,-0.2,-0.6444007858546169,-0.036662669179373705,0.41131105398457524,0.3578178694158077,0.5151515151515148,1.1007484168105932,1.0,1.0,4.74
STU-14568,0.2,1.3453831041257367,-0.24910056535891759,-0.5449871465295631,0.5270618556701032,2.048484848484848,0.2625215889464596,1.0,1.0,4.29
STU-11986,0.0,-0.34420432220039293,-0.9206784307007034,-1.0282776349614395,-0.3354810996563577,-2.0727272727272723,-0.4052964881980426,0.0,4.0,2.61
STU-14018,1.4,0.7528487229862475,0.6534178516361132,0.658097686375321,0.5270618556701032,-1.0909090909090906,-0.3707541738629821,0.0,4.0,5.63
STU-10364,0.0,-0.02671905697445972,0.0435155045400028,-0.3804627249357327,-0.10609965635738833,-0.1515151515151515,0.31778929188255617,0.0,2.0,4.42
STU-12571,0.0,-0.4573673870333989,0.12849066301182016,0.3598971722365034,0.5270618556701032,0.22424242424242427,-0.5780080598733449,0.0,3.0,5.45
STU-11129,0.6,-0.11159135559921429,-0.3566900805208163,0.13367609254498702,-0.5433848797250864,0.448484848484848,0.8313183649971216,0.0,0.0,3.62
STU-10281,-0.2,-0.46994106090373294,-0.730854891211239,-1.007712082262211,-0.20231958762886643,-0.09696969696969704,-0.7369027058146229,0.0,3.0,2.58
STU-10609,0.4,-0.0031434184675834306,0.366284050025697,0.5758354755784056,0.0,0.04242424242424205,0.2855497985031665,1.0,1.0,4.6
STU-12031,0.8,-0.6852652259332025,-0.7281137570669873,-0.11311053984575867,-0.4007731958762888,0.4,-0.356937248128958,1.0,4.0,3.72
STU-14976,0.0,1.2888015717092338,0.865855747815658,0.5655526992287915,0.4067869415807562,0.4545454545454545,1.291882556131261,1.0,1.0,5.34
STU-14849,-0.8,0.3347740667976426,0.9988007538118888,0.49357326478149044,0.05798969072164927,0.40606060606060596,-0.4145077720207254,0.0,3.0,5.29
STU-13935,0.8,1.7508840864440083,-0.09833818742504824,0.21593830334190225,0.5270618556701032,0.22424242424242427,0.9810017271157171,0.0,1.0,5.1
STU-14656,0.2,-0.32534381139489205,0.4423505225286951,0.23650385604113058,0.11125429553264565,-0.7696969696969698,0.09902130109384011,0.0,4.0,3.97
STU-11115,0.4,-0.4777996070726915,-0.13054651362001132,-1.6349614395886896,-0.7031786941580762,0.01818181818181779,-1.0362694300518136,0.0,2.0,2.79
STU-10102,0.4,0.3866404715127703,-0.44851807435326474,0.4730077120822621,0.4424398625429555,1.0303030303030303,0.05526770293609678,1.0,3.0,5.22
STU-14355,0.6,0.8691552062868373,0.35531951344868856,0.6169665809768633,0.5270618556701032,-1.212121212121212,0.8244099021301097,0.0,4.0,5.35
STU-12150,-0.4,0.3190569744597249,-0.1744046599280463,0.7712082262210795,-0.2426975945017186,-0.17575757575757575,-0.8405296488198044,0.0,3.0,4.26
STU-14644,-0.2,0.6475442043222006,0.4492033578893262,0.1439588688946012,0.5270618556701032,-0.23030303030303018,-0.4513529073114566,0.0,4.0,4.63
STU-11982,0.2,0.6286836935166995,0.18811033064930546,0.39074550128534685,0.5270618556701032,-0.6181818181818183,-0.188831318364997,0.0,3.0,4.38
STU-10935,0.6,0.27347740667976433,0.7219462052424178,-0.40102827763496196,-0.7242268041237118,0.012121212121211861,-0.5572826712723087,1.0,4.0,4.26
STU-14807,-0.2,-0.39764243614931233,-0.3436696933356186,-0.2570694087403599,-0.8221649484536088,-0.03030303030303019,-0.4444444444444444,1.0,0.0,5.03
STU-11114,-0.6,0.6868369351669944,-0.9357546684940904,-0.5861182519280208,0.11640893470790357,0.7939393939393935,0.1128382268278642,0.0,4.0,3.48
STU-12893,-0.6,-0.5642436149312378,-0.060647592941579925,-0.10282776349614449,0.058848797250858724,0.5636363636363634,-0.75993091537133,1.0,3.0,3.77
STU-13397,0.2,-1.6455795677799612,0.23059790988521464,-0.9974293059125969,-1.5876288659793825,-1.3454545454545455,-0.432930339666091,1.0,1.0,2.73
STU-13742,-0.4,0.2797642436149312,0.8946376563303061,0.6375321336760916,0.49398625429553294,0.5818181818181817,-0.14277489925158324,1.0,4.0,5.05
STU-10840,1.0,-0.8314341846758351,-1.107075552509852,-0.9151670951156817,-1.165378006872853,-0.303030303030303,-0.29476108232584924,0.0,0.0,3.29
STU-10367,-0.4,-1.332809430255403,-0.6527325681000518,-0.7712082262210795,-0.7010309278350523,0.054545454545454446,-1.1421991940126657,0.0,4.0,2.98
STU-14651,-1.0,1.0609037328094304,0.1360287819085136,-0.802056555269923,-0.03994845360824774,0.3272727272727272,0.10592976396085205,1.0,2.0,5.08
STU-10229,0.8,1.1237721021611002,0.10930272400205479,-0.17480719794344554,0.050687285223367406,0.3515151515151515,0.6609096142774901,0.0,1.0,4.14
STU-11641,1.0,1.02475442043222,0.5999657358231965,0.26735218508997405,0.06615120274914059,-0.4121212121212124,0.0,0.0,3.0,4.92
STU-14956,-0.4,-0.44793713163064836,-1.1379133116326892,0.16452442159382955,0.1623711340206187,-0.38181818181818167,-0.6171560161197467,1.0,2.0,3.41
STU-11290,-0.8,0.7732809430255406,0.9988007538118888,0.7712082262210795,0.26417525773195855,0.8303030303030302,2.1565918249856075,0.0,1.0,4.99
STU-13155,0.2,0.9791748526522596,0.9700188452972408,1.3059125964010276,0.018470790378006564,0.42424242424242425,0.667818077144502,1.0,1.0,5.6
STU-10016,0.8,0.3316306483300589,0.6033921535035115,0.9460154241645242,0.5270618556701032,0.5757575757575757,0.0,1.0,0.0,5.4
STU-14060,0.4,0.015717092337917432,-0.5334932328250821,1.3059125964010276,0.293384879725086,-0.9575757575757574,-0.32700057570523894,0.0,0.0,5.15
STU-13344,-0.2,0.982318271119843,0.7137228028096619,-0.020565552699229262,0.5270618556701032,0.054545454545454446,-0.7783534830166955,0.0,2.0,5.57
STU-12903,0.2,0.9948919449901767,0.7980126777454158,1.3059125964010276,0.5270618556701032,0.37575757575757573,0.1174438687392055,0.0,3.0,5.7
STU-11393,-0.8,0.4620825147347741,-0.6191536748329628,0.11311053984575775,0.32431271477663237,0.15757575757575742,1.146804835924007,1.0,3.0,4.27
STU-12849,-0.2,0.5390962671905698,-0.08942950145622798,-0.2776349614395891,0.5270618556701032,0.24242424242424204,2.0610247553252736,0.0,4.0,3.88
STU-10387,0.0,0.9870333988212184,-0.3957512420764095,0.24678663239074478,0.3689862542955324,-0.38181818181818167,1.0569948186528502,0.0,2.0,5.2
STU-13361,1.4,-0.050294695481336006,0.9707041288333041,-0.3907455012853478,-0.09063573883161515,0.24848484848484853,1.0915371329879102,0.0,0.0,4.86
STU-13209,0.2,-0.3693516699410609,-1.2934726743190004,0.0,-0.028350515463918004,-0.23636363636363666,0.0,0.0,2.0,3.45
STU-13895,0.6,-0.23575638506876231,-0.3148877848209706,0.1439588688946012,-0.787800687285224,0.35757575757575744,-0.6079447322970639,1.0,3.0,3.71
STU-10279,0.8,0.09587426326129658,0.9988007538118888,-0.10282776349614449,0.45833333333333365,-1.0303030303030303,-0.18652849740932637,1.0,3.0,4.99
STU-13595,0.0,0.3049115913555992,0.0,-0.16452442159383046,-0.1086769759450173,-0.5333333333333331,-0.4375359815774324,0.0,4.0,3.45
STU-10372,1.4,-1.3296660117878196,-0.3642281994175098,-0.17480719794344554,-0.8225945017182138,-0.2424242424242426,-0.8773747841105355,0.0,3.0,1.61
STU-13851,0.6,-0.6161100196463655,0.6911084461195814,-0.668380462724936,-0.24398625429553308,0.6727272727272727,-0.4812895797351756,0.0,1.0,3.87
STU-13641,-0.2,0.12573673870334,-1.690251841699504,-1.0179948586118253,-1.010738831615121,-0.5515151515151515,0.508923431203224,0.0,4.0,3.05
STU-10477,-0.2,1.6424361493123774,0.0,0.0,0.5270618556701032,-0.8,-0.3822682786413357,0.0,1.0,4.9
STU-11865,-0.2,1.4726915520628687,0.9988007538118888,1.26478149100257,0.49097938144329895,1.3212121212121213,-0.30857800805987334,0.0,1.0,6.35
STU-10621,0.6,-0.7811394891944992,-0.9830392324824404,-0.5141388174807198,-0.1086769759450173,-0.5151515151515154,1.0477835348301672,0.0,2.0,2.47
STU-14890,-0.2,0.41178781925343805,-0.20113071783450515,0.3598971722365034,-0.21219931271477666,-0.31515151515151535,-0.7875647668393784,0.0,0.0,4.5
STU-11029,1.2,0.2420432220039292,0.0,0.4215938303341894,-0.19716494845360852,-1.0363636363636362,0.320092112838227,0.0,4.0,5.41
STU-13624,-0.4,0.6711198428290767,0.9988007538118888,1.203084832904884,0.5270618556701032,-1.103030303030303,-0.43983880253310303,1.0,2.0,4.82
STU-14300,-0.4,0.25461689587426317,0.8788761350008557,0.791773778920308,0.34321305841924393,1.3272727272727272,-0.33621185952792176,1.0,2.0,5.2
STU-13413,1.0,-1.5591355599214147,-1.7204043172862777,-1.6966580976863754,-1.2233676975945025,0.848484848484848,0.19804260218768002,0.0,2.0,1.84
STU-11874,0.2,0.6051080550098232,0.047627205756381234,0.4215938303341894,-0.14218213058419263,1.2727272727272727,-0.7691421991940127,0.0,2.0,3.55
STU-13628,-0.6,-0.550098231827112,-0.9583690251841708,-0.2365038560411315,0.0,-0.9515151515151515,-1.0132412204951067,0.0,4.0,3.72
STU-12155,-0.8,0.6506876227897841,0.9617954428644839,0.4421593830334187,0.5270618556701032,0.40606060606060596,2.1565918249856075,1.0,4.0,5.52
STU-11001,-0.2,-0.22632612966601176,0.06818571183827242,-0.13367609254498794,-0.20446735395189036,0.9818181818181817,0.29706390328151994,1.0,1.0,5.29
STU-13123,0.8,-0.06444007858546172,-1.00770943978071,0.21593830334190225,-0.5536941580756017,-1.2484848484848485,0.17501439263097293,0.0,4.0,3.61
STU-13081,-0.2,-0.5563850687622789,-0.5711838273085494,-1.4910025706940873,-1.100085910652922,-0.49090909090909113,0.33390903857225107,0.0,4.0,2.9
STU-12382,0.4,-0.4353634577603143,-1.0611615555936278,-0.802056555269923,-0.5588487972508597,0.41818181818181777,-1.070811744386874,0.0,4.0,3.34
STU-10595,-0.2,1.126915520628684,-0.698646565016276,-0.041131105398457615,0.5270618556701032,0.0666666666666663,0.2694300518134715,1.0,0.0,5.28
STU-13243,0.6,-1.3280943025540277,-0.24430358060647672,-0.8123393316195372,-0.8625429553264609,-0.9757575757575757,-0.12895797351755894,0.0,3.0,3.43
STU-12573,0.0,-0.30333988212180746,0.27514133972931204,-0.020565552699229262,-0.22594501718213092,-0.11515151515151537,1.8261370178468628,0.0,4.0,4.34
STU-10100,-0.6,-0.707269155206287,-0.3313345896864833,-1.3881748071979438,-0.2903780068728526,1.7999999999999994,-0.4006908462867013,0.0,3.0,3.17
STU-13288,-1.0,0.10687622789783888,0.8720232996402257,-0.020565552699229262,0.23324742268041218,0.17575757575757575,-0.3960852043753598,0.0,3.0,4.63
STU-14269,2.1,0.7371316306483304,0.6726057906458786,1.203084832904884,0.5270618556701032,-0.042424242424242586,-0.29245826137017844,1.0,2.0,5.18
STU-13338,0.2,-0.3159135559921415,0.18536919650505287,0.13367609254498702,0.13187285223367676,-0.7515151515151515,-0.7369027058146229,0.0,3.0,4.18
STU-12648,0.4,0.21218074656188604,-0.011307178345040688,0.9768637532133667,-0.32216494845360844,0.9272727272727272,0.029936672423719037,1.0,2.0,4.92
STU-12539,1.0,-0.19803536345776032,0.1223231111872525,0.5964010282776341,-0.42955326460481125,-0.6787878787878787,-1.077720207253886,0.0,2.0,4.64
STU-13922,1.4,0.6899803536345778,0.6314887784820962,1.3059125964010276,0.5270618556701032,-0.7636363636363639,0.12435233160621764,0.0,3.0,5.76
STU-11019,-0.8,1.11434184675835,0.0,0.41131105398457524,0.41065292096219963,0.12727272727272723,-0.10132412204951055,1.0,4.0,4.79
STU-14454,-1.0,0.037721021611002006,-0.42658900119924675,0.18508997429305882,0.18857388316151216,-0.33333333333333315,-0.6655152561888313,1.0,2.0,4.19
STU-12473,1.0,-0.3080550098231829,0.36559876648963463,-0.3393316195372751,-0.13316151202749185,-0.2121212121212124,0.0,0.0,2.0,3.88
STU-10799,0.0,0.6223968565815327,-0.3560047969847529,-0.5655526992287925,0.5270618556701032,-0.1515151515151515,0.29476108232584924,0.0,0.0,4.25
STU-10602,0.2,-0.22789783889980347,-0.7760836045914008,-0.8637532133676099,0.5270618556701032,0.7090909090909083,1.0546919976971794,0.0,4.0,3.27
STU-12414,-0.2,0.0,0.26623265376049277,-0.6992287917737794,0.5270618556701032,0.06060606060606038,-0.3062751871042027,0.0,3.0,4.2
STU-13853,0.2,0.6601178781925344,0.17371937639198096,-1.069408740359897,0.16666666666666657,0.5272727272727272,-0.2832469775474956,0.0,3.0,3.4
STU-14534,-0.8,-0.5202357563850689,-0.31077608360459213,0.0,-0.9544673539518905,1.5696969696969687,1.9205526770293613,0.0,1.0,2.36
STU-12762,0.8,-0.28447937131630663,0.28953229398663655,-0.1439588688946021,0.0,-0.9818181818181817,-1.116868163500288,0.0,4.0,4.15
STU-12964,-0.6,-0.9964636542239688,0.25321226657529505,0.2879177377892024,0.0584192439862543,0.0,1.0316637881404722,0.0,4.0,4.07
STU-11084,0.8,-0.7779960707269157,0.17303409285591853,-0.4113110539845761,-0.42482817869415834,-0.38181818181818167,0.2210708117443869,0.0,3.0,3.5
STU-11742,0.6,-0.19803536345776032,0.04899777282850705,-1.2853470437017993,-0.14733676975945054,0.08484848484848463,1.1813471502590676,0.0,0.0,3.59
STU-14387,0.4,0.9304518664047156,0.290217577522699,-0.7197943444730078,0.5270618556701032,-0.27272727272727276,1.0777202072538863,0.0,4.0,4.5
STU-10440,0.4,-0.020432220039292858,0.6636971046770592,-0.2365038560411315,-0.3032646048109968,-0.07878787878787871,-0.9441565918249857,0.0,4.0,4.73
STU-13638,0.0,0.11316306483300602,0.9988007538118888,1.2544987146529558,0.4243986254295533,-1.3393939393939391,-0.06678180771445022,0.0,4.0,5.69
STU-13464,0.8,-0.10058939096267201,0.9988007538118888,0.11311053984575775,-0.23883161512027515,-1.939393939393939,-0.8244099021301095,0.0,3.0,3.73
STU-10769,-0.8,-0.919449901768173,-1.2482439609388396,-0.8329048843187664,-0.7706185567010313,0.0,-0.5411629245826137,0.0,4.0,3.05
STU-14196,0.2,-0.05500982318271115,-0.053794757580949856,1.1413881748071972,0.5270618556701032,-0.27272727272727276,0.2533103051237768,1.0,3.0,4.61
STU-11584,1.0,0.31277013752455807,0.07161212951858745,1.203084832904884,0.5270618556701032,-0.9878787878787876,0.07138744962579172,1.0,2.0,4.74
STU-13795,-0.6,2.124165029469548,-0.32448175432585324,-0.020565552699229262,-0.049828178694158565,0.5272727272727272,-0.5757052389176742,1.0,0.0,4.31
STU-13898,-0.4,-0.08330058939096259,0.0,-0.26735218508997494,0.0648625429553261,0.8848484848484847,0.31778929188255617,0.0,2.0,3.77
STU-13120,-0.8,0.17917485265225946,0.5677574096282324,0.34961439588688925,0.39561855670103085,-0.6545454545454544,1.2204951065054694,1.0,4.0,4.41
STU-11792,-0.4,1.3280943025540277,0.9734452629775558,1.3059125964010276,0.5270618556701032,-0.13939393939393963,0.14738054116292473,0.0,3.0,5.07
STU-14043,0.0,0.3237721021611003,-0.2045571355148202,0.5552699228791764,0.20489690721649478,-0.006060606060606468,-0.6724237190558435,1.0,0.0,5.05
STU-11952,-0.2,0.3457760314341846,0.8781908514647924,1.1825192802056548,0.32259450171821286,2.048484848484848,-0.6010362694300518,0.0,4.0,6.08
STU-10848,-0.2,0.19017681728880173,0.1696076751756035,-0.60668380462725,-0.5081615120274916,0.0,1.4438687392055272,0.0,4.0,3.94
STU-11609,0.0,-1.5009823182711202,-1.44629090286106,-2.0822622107969164,-1.6606529209622003,0.3878787878787876,-0.3937823834196892,0.0,2.0,1.74
STU-11254,-1.0,0.3190569744597249,-0.8329621380846335,0.8226221079691514,-0.7104810996563581,-1.6121212121212118,-0.20034542314335066,1.0,4.0,4.66
STU-12515,2.1,0.631827111984283,0.5609045742676023,-0.07197943444730105,-0.09536082474226805,0.951515151515151,0.2878526194588371,1.0,2.0,5.27
STU-14687,1.6,0.5422396856581532,0.1565872879904048,-0.06169665809768688,0.027061855670102913,-0.6848484848484846,-0.46747265400115146,0.0,4.0,4.61
STU-12789,0.0,-1.639292730844794,-0.29158814459482674,-0.6272493573264784,-0.9153780068728529,0.37575757575757573,-0.8796776050662062,0.0,2.0,3.02
STU-11493,-0.6,-0.8770137524557958,-1.5107075552509857,-1.6966580976863754,-1.1937285223367706,-0.7151515151515153,0.0,0.0,1.0,2.09
STU-14843,0.0,1.1159135559921418,-1.5641596710639032,0.8020565552699221,0.5270618556701032,-0.6848484848484846,2.1565918249856075,1.0,2.0,3.87
STU-14325,-0.2,0.833005893909627,0.01610416309748057,-0.2879177377892033,0.5270618556701032,-0.6666666666666669,2.127806563039724,1.0,3.0,4.06
STU-13419,0.0,0.2609037328094303,0.43207126948775004,0.5141388174807198,0.5270618556701032,-1.3636363636363633,-0.85895221646517,0.0,1.0,3.89
STU-10849,0.8,0.983889980353635,0.8192564673633704,0.0,0.5270618556701032,-0.24848484848484853,1.655728267127231,0.0,3.0,4.82
STU-14515,-1.0,-0.2451866404715129,-1.0686996744903212,-0.8123393316195372,-0.5403780068728524,-0.9151515151515154,0.0069084628670121485,0.0,2.0,3.64
STU-13133,1.0,-0.6554027504911593,0.49306150419736117,-0.8329048843187664,0.5270618556701032,-1.0424242424242427,-0.637881404720783,0.0,0.0,4.16
STU-10313,0.6,0.1838899803536346,-0.7096111015932854,-0.9460154241645251,0.0,-0.44848484848484854,0.03223949337938989,0.0,4.0,3.02
STU-11134,-1.0,0.10058939096267201,-0.28267945862600746,-0.9357326478149101,0.2985395189003439,-0.07878787878787871,2.1565918249856075,0.0,2.0,2.9
STU-11425,1.4,-0.4353634577603143,-0.680143909542574,0.39074550128534685,-0.3290378006872859,-0.5454545454545455,1.2642487046632125,0.0,0.0,4.16
STU-11610,1.2,1.357956777996071,0.9713894123693666,0.4730077120822621,0.5270618556701032,-0.02424242424242426,0.4697754749568222,0.0,2.0,5.29
STU-14604,0.0,0.3724950884086443,-0.3991776597567255,0.19537275064267298,-0.06572164948453617,0.04848484848484852,-0.9810017271157169,0.0,4.0,3.87
STU-11164,-0.4,-0.16188605108055001,0.0,-0.8637532133676099,-0.7912371134020624,-0.6484848484848486,-0.6125503742084053,1.0,1.0,3.97
STU-12196,-1.0,0.0031434184675834306,-1.4723316772314554,-0.2467866323907457,-0.4050687285223373,-0.606060606060606,-0.20034542314335066,1.0,0.0,3.12
STU-14244,0.0,0.38821218074656205,-0.2867911598423859,-0.08226221079691523,0.24355670103092805,0.6909090909090906,0.8474381116868166,0.0,4.0,4.67
STU-11778,-0.8,-0.29862475442043235,0.12712009593969434,-0.09254498714653031,0.0,0.28484848484848463,-0.13816925734024174,0.0,2.0,3.78
STU-10747,0.6,0.8251473477406681,-0.29090286105876334,1.3059125964010276,-0.2018900343642614,0.07272727272727278,-0.3016695451928612,1.0,3.0,5.07
STU-13188,-1.0,1.5182711198428294,0.7068699674490309,0.5758354755784056,0.0,0.345454545454545,-0.7369027058146229,1.0,2.0,6.29
STU-14828,0.6,-1.7288801571709236,-0.9398663697104689,-0.7917737789203089,-0.6134020618556705,0.5999999999999994,1.4830166954519288,0.0,3.0,3.28
STU-11428,-1.0,-0.3347740667976426,0.0010279253040936342,0.20565552699228715,0.0,0.12727272727272723,1.7132987910189985,1.0,2.0,3.27
STU-11169,0.8,-1.4176817288801573,-0.9426075038547205,-0.8123393316195372,-1.5970790378006885,-0.2121212121212124,0.05526770293609678,0.0,3.0,1.75
STU-12710,-0.6,-0.5705304518664049,0.5005996230940546,0.0,-0.419673539518901,-0.2606060606060609,2.1565918249856075,0.0,0.0,3.75
STU-11653,0.8,-1.5229862475442044,-1.0940551653246542,-0.9665809768637534,-1.9493127147766336,-0.5454545454545455,1.6833621185952794,0.0,2.0,2.19
STU-14900,-0.4,0.36306483300589404,-0.09285591913654398,0.29820051413881654,0.37886597938144323,0.2363636363636361,-0.6493955094991365,1.0,4.0,4.83
STU-14015,0.0,-0.20589390962671916,-0.8110330649306156,0.30848329048843165,0.06443298969072168,0.08484848484848463,-0.4237190558434082,0.0,2.0,3.85
STU-14343,-0.2,-0.47465618860510805,-0.9830392324824404,-1.0488431876606688,-0.8457903780068732,-0.06060606060606091,-0.7069660333909039,1.0,2.0,2.95
STU-11885,-1.0,0.19174852652259344,-0.3758780195305817,-0.534704370179949,0.5270618556701032,0.28484848484848463,-0.18192285549798506,0.0,4.0,3.96
STU-11140,-0.6,0.708840864440079,0.4553709097138928,1.1722365038560407,0.5270618556701032,-0.6363636363636361,-0.09441565918249861,1.0,4.0,4.96
STU-12828,-0.4,0.7261296660117881,0.8363885557649466,1.1413881748071972,0.5270618556701032,-0.40606060606060596,0.11053540587219356,1.0,3.0,5.64
STU-14940,-0.6,0.3756385068762281,0.3950659585403451,-0.8637532133676099,0.5270618556701032,0.16363636363636333,0.4283246977547497,0.0,0.0,4.37
STU-13552,0.4,-0.0015717092337917153,0.33133458968648233,1.1619537275064264,0.290807560137457,-0.06060606060606091,0.0,0.0,4.0,5.8
STU-11989,-0.6,1.0436149312377212,0.4553709097138928,1.2442159383033418,0.5270618556701032,0.0,0.5664939550949915,1.0,4.0,5.53
STU-13892,-0.2,1.7178781925343813,0.8850436868254234,0.6169665809768633,0.5270618556701032,0.4545454545454545,-0.4006908462867013,0.0,0.0,6.74
STU-13531,0.4,-0.7481335952848724,-0.4121980469419232,-1.1825192802056557,-1.2233676975945025,0.4363636363636361,0.3983880253310307,0.0,2.0,2.28
STU-11472,-0.6,0.029862475442043148,0.9988007538118888,-1.1311053984575838,0.5270618556701032,0.40606060606060596,0.04375359815774333,1.0,2.0,4.55
STU-13968,1.2,0.0,-0.6815144766146998,-0.11311053984575867,-0.5085910652920966,0.28484848484848463,-0.14047207829591238,0.0,4.0,3.59
STU-12928,1.6,-0.37092337917485263,0.21963337330820515,0.5861182519280198,-0.8741408934707913,0.02424242424242426,0.27633851468048365,0.0,1.0,3.46
STU-10079,-0.6,0.11630648330058944,0.5019701901661804,0.7506426735218503,0.1417525773195876,0.5393939393939391,1.358664363845711,1.0,2.0,3.86
STU-12890,0.4,-0.7277013752455797,-1.3489806407401073,-0.6580976863753218,0.0,0.9333333333333331,1.5889464594127807,0.0,1.0,2.76
STU-14834,0.2,0.3064833005893909,0.7884187082405342,-0.010282776349615089,-0.2804982817869418,-0.6363636363636361,1.1652274035693726,0.0,1.0,4.75
STU-14767,0.0,1.038899803536346,0.0,-0.6169665809768642,0.5270618556701032,-0.7878787878787876,-0.5227403569372482,0.0,3.0,4.5
STU-10761,-0.8,0.337917485265226,0.9988007538118888,0.41131105398457524,0.5270618556701032,-0.02424242424242426,1.0846286701208983,0.0,0.0,4.81
STU-12846,0.0,-0.35520628683693517,0.39643652561247095,-0.8740359897172241,0.5270618556701032,0.36969696969696925,1.1537132987910192,0.0,4.0,4.61
STU-12601,-0.2,0.0,0.0,1.3059125964010276,-0.737542955326461,-0.4181818181818183,-0.4237190558434082,0.0,1.0,3.99
STU-12213,0.6,0.2939096267190569,0.2134658214836385,-1.1619537275064273,0.5270618556701032,0.5575757575757574,0.2855497985031665,0.0,3.0,5.45
STU-13757,1.2,0.6491159135559921,-0.025012849066301805,0.22622107969151642,-0.05154639175257747,-0.6181818181818183,-0.2993667242371906,0.0,0.0,4.03
STU-12716,1.0,-1.1347740667976425,-0.7870481411684093,-0.041131105398457615,-0.8526632302405507,-1.8969696969696968,0.37305699481865295,0.0,0.0,3.46
STU-10073,-0.8,-1.0420432220039295,0.5005996230940546,-0.30848329048843254,0.0,1.1878787878787875,-0.06678180771445022,1.0,4.0,3.92
STU-11009,0.2,0.35206286836935174,0.6054480041117007,-0.11311053984575867,0.2143470790378006,-0.17575757575757575,-0.7046632124352332,1.0,0.0,5.26
STU-10077,-0.2,-1.565422396856582,-0.6472502998115475,-0.5038560411311055,-1.3161512027491415,0.0060606060606059305,0.14968336211859537,0.0,4.0,2.85
STU-10667,-1.0,1.6157170923379178,0.0,0.791773778920308,0.072594501718213,0.3393939393939391,-0.45365572826712725,0.0,0.0,4.57
STU-11121,0.0,0.5925343811394892,-0.7322254582833658,0.02056555269922835,-1.0987972508591073,1.545454545454545,0.8773747841105355,1.0,0.0,4.11
STU-12558,0.6,0.0,-0.6554737022443043,0.4421593830334187,0.13788659793814415,1.054545454545454,0.011514104778353443,0.0,3.0,4.02
STU-10729,-0.4,-1.6927308447937133,-1.0974815830049693,-0.30848329048843254,-0.4961340206185569,-1.0242424242424242,0.4306275187104204,1.0,4.0,3.2
STU-14197,-1.0,-0.11787819253438116,0.1003940380332355,0.8843187660668373,-0.29939862542955337,0.6121212121212113,-0.27403569372481285,0.0,1.0,3.74
STU-11410,-0.2,-0.4055009823182712,0.720575638170292,0.7095115681233927,-0.7886597938144334,0.24242424242424204,0.0,0.0,3.0,3.53
STU-10676,-1.0,-0.7858546168958744,0.5204728456398824,0.5347043701799481,-0.713058419243987,1.5999999999999994,-1.0362694300518136,1.0,4.0,4.85
STU-12584,0.4,0.983889980353635,0.6753469247901311,1.2750642673521841,0.08419243986254274,-0.2787878787878787,-0.8842832469775476,0.0,2.0,4.96
STU-11633,-0.2,1.0137524557956779,0.0,1.1105398457583537,0.5270618556701032,-0.5393939393939396,0.274035693724813,0.0,1.0,4.59
STU-14466,0.2,0.6349705304518664,0.28884701045057315,0.0,0.5270618556701032,-0.5393939393939396,1.3103051237766266,0.0,4.0,4.35
STU-14918,-1.0,1.1033398821218077,0.06955627891039824,0.5861182519280198,0.5270618556701032,-0.5696969696969698,-0.02072538860103624,0.0,4.0,5.41
STU-13294,0.2,0.7041257367387035,0.8637998972074689,0.37017994858611764,0.5270618556701032,0.5030303030303029,1.9942429476108237,0.0,4.0,5.78
STU-13216,0.0,0.4573673870333989,0.24567414767860157,0.3187660668380458,0.5270618556701032,0.2969696969696965,-0.2256764536557282,1.0,0.0,4.9
STU-12754,0.0,1.100196463654224,-0.030495117354806055,-0.9357326478149101,0.5270618556701032,1.048484848484848,0.6908462867012093,0.0,0.0,5.02
STU-11729,0.6,-0.10058939096267201,0.0,-0.740359897172237,0.5270618556701032,-0.49696969696969706,-0.7852619458837076,0.0,1.0,4.92
STU-13010,-1.0,-0.7277013752455797,-1.8951516189823543,-0.6375321336760925,-0.7036082474226812,-1.496969696969697,-0.8934945308002303,0.0,0.0,3.33
STU-14809,-0.2,-0.43379174852652264,-1.711495631317458,-0.534704370179949,-0.5382302405498285,1.5939393939393935,-0.2302820955670697,0.0,4.0,3.14
STU-10081,0.2,0.40078585461689603,0.9988007538118888,1.1722365038560407,0.5270618556701032,1.1151515151515143,-0.6286701208981003,0.0,3.0,5.84
STU-14471,1.0,-0.26561886051080547,-0.18605448004111821,-1.1413881748071981,0.0,-0.40606060606060596,-0.43523316062176165,0.0,2.0,2.81
STU-14516,0.0,-0.08172888015717086,0.0,-0.6272493573264784,0.5270618556701032,-0.3272727272727272,0.478986758779505,0.0,0.0,4.95
STU-13316,-0.6,-1.1017681728880158,-0.5800925132773697,-0.44215938303341956,-0.6108247422680415,-1.703030303030303,1.2297063903281524,0.0,1.0,2.82
STU-11521,-1.0,0.5736738703339883,0.9988007538118888,0.5244215938303339,0.5270618556701032,-0.3272727272727272,-0.37996545768566486,1.0,1.0,5.43
STU-10959,0.0,0.0015717092337917153,-0.5122494432071275,-0.2879177377892033,0.047680412371134025,-1.303030303030303,1.5152561888313187,1.0,0.0,3.76
STU-12504,-1.0,0.24833005893909632,-1.667637485009423,0.8946015424164515,0.42998281786941567,-0.11515151515151537,0.01842256764536559,0.0,4.0,4.66
STU-10196,0.4,-1.0420432220039295,-1.2324824396093892,-0.2982005141388175,-1.4896907216494857,0.3090909090909089,-0.6954519286125505,0.0,1.0,2.89
STU-14428,-0.6,-0.4683693516699412,0.8048655131060469,0.061696658097685965,0.2852233676975947,0.6242424242424243,0.24640184225676465,0.0,4.0,4.4
STU-13780,1.8,0.0,0.5746102449888635,0.37017994858611764,0.5017182130584192,-0.8424242424242426,0.18192285549798506,0.0,0.0,5.17
STU-14993,1.6,-0.034577603143418574,-0.36080178173719474,0.29820051413881654,0.2895189003436425,0.5030303030303029,0.9257340241796203,0.0,2.0,4.39
STU-11415,0.6,0.0,-2.1162412198046945,-0.4113110539845761,-1.1709621993127157,0.06060606060606038,-0.8175014392630974,0.0,1.0,2.89
STU-10925,0.2,-1.494695481335953,-1.2694877505567932,-1.542416452442159,-0.36383161512027506,0.7939393939393935,-0.04375359815774313,1.0,4.0,1.98
STU-11456,1.4,0.3866404715127703,-0.7068699674490329,-0.5038560411311055,0.0,-0.18787878787878814,-0.3753598157743236,0.0,4.0,3.77
STU-10994,0.0,-1.1662082514734775,-0.3087202329964029,-1.3059125964010285,0.16666666666666657,-1.2787878787878788,-0.08750719631548647,1.0,3.0,3.72
STU-12010,0.4,0.5893909626719058,-0.07572383073496783,-0.596401028277635,0.5270618556701032,0.5999999999999994,0.17040875071963163,0.0,3.0,4.77
STU-13449,0.4,0.5972495088408647,0.0,1.3059125964010276,0.5270618556701032,0.5999999999999994,-0.881980426021877,1.0,4.0,5.18
STU-10589,0.6,0.4463654223968566,0.93164296727771,0.5141388174807198,0.5270618556701032,0.22424242424242427,0.845135290731146,0.0,4.0,5.36
STU-13815,-0.2,1.439685658153242,0.9988007538118888,0.997429305912596,0.5270618556701032,0.6363636363636361,-1.2204951065054694,0.0,2.0,6.55
STU-13226,0.8,0.7984282907662081,0.5554223059790981,0.6478149100257068,-0.6924398625429559,1.4606060606060598,-0.46747265400115146,0.0,4.0,4.41
STU-10203,0.6,0.0,-0.17097824224773028,0.23650385604113058,0.09364261168384853,-0.22424242424242427,0.6056419113413932,0.0,0.0,4.82
STU-12462,0.0,2.124165029469548,-1.0282679458626012,-0.11311053984575867,0.18857388316151216,-0.3090909090909094,-0.17731721358664357,0.0,3.0,3.36
STU-14550,0.6,-0.2970530451866406,-1.5614185369196512,-0.1953727506426739,-0.3260309278350519,-1.3454545454545455,-0.10132412204951055,1.0,2.0,3.06
STU-12185,0.8,0.7889980353634578,0.9659071440808623,0.5449871465295623,-0.01546391752577318,-0.4303030303030302,0.44905008635578597,0.0,0.0,4.9
STU-11762,-0.6,0.45893909626719065,-1.4168237108103485,-0.2467866323907457,0.170103092783505,-0.4727272727272728,-0.6286701208981003,0.0,0.0,4.04
STU-13730,0.8,0.7119842829076624,0.12574952886756852,0.45244215938303284,0.5270618556701032,0.3393939393939391,0.12895797351755914,1.0,1.0,5.6
STU-11436,0.4,-0.11316306483300602,0.32037005310947286,0.02056555269922835,-0.014175257731958697,-0.6121212121212124,2.1565918249856075,1.0,3.0,4.42
STU-11048,0.6,0.07544204322200401,-0.056535891725202465,-0.5038560411311055,0.5270618556701032,-0.054545454545454446,-0.5964306275187105,0.0,4.0,3.31
STU-11517,-1.0,1.4585461689587431,0.2792530409456905,0.3187660668380458,0.5270618556701032,0.8181818181818183,0.0,0.0,3.0,5.32
STU-10637,1.8,-0.02200392927308457,0.029809833818741683,-0.18508997429305973,0.5270618556701032,-0.606060606060606,-0.37305699481865295,1.0,4.0,4.32
STU-13092,1.2,1.0797642436149315,0.3745074524584539,0.658097686375321,0.16280068728522312,-0.12727272727272723,-0.766839378238342,0.0,2.0,4.57
STU-10507,0.4,-0.4809430255402752,0.21620695562789013,-0.13367609254498794,-0.17568728522336793,1.2909090909090906,0.11974668969487635,0.0,1.0,4.21
STU-12076,-0.2,0.4196463654223969,0.9988007538118888,1.3059125964010276,0.5270618556701032,-1.0606060606060603,-0.4743811168681635,1.0,4.0,5.63
STU-11532,2.1,0.2609037328094303,0.0,0.7197943444730068,-0.5970790378006878,-1.6727272727272728,0.11514104778353484,1.0,4.0,4.25
STU-11596,-0.4,1.7445972495088413,0.5218434127120092,1.3059125964010276,0.3419243986254295,-0.03030303030303019,-0.3431203223949339,0.0,0.0,5.4
STU-10824,0.6,-0.14302554027504916,0.9988007538118888,0.030848329048842524,-0.6116838487972516,-0.4303030303030302,0.0,1.0,1.0,4.0
STU-10638,-0.2,0.014145383104125716,-0.19564844954600089,0.10282776349614357,0.5270618556701032,0.7090909090909083,0.7944732297063904,0.0,2.0,4.75
STU-14627,0.2,0.034577603143418574,0.1435669008052071,0.15424164524421538,-0.06271477663230278,0.8424242424242421,-1.02475532527346,1.0,1.0,3.37
STU-12353,0.4,0.2326129666011789,0.2011307178345032,-0.07197943444730105,-0.6821305841924407,-1.6121212121212118,-0.6862406447898677,0.0,4.0,3.8
STU-12256,2.1,-0.07229862475442057,-0.19085146479355905,-0.06169665809768688,-0.26589347079037806,1.0727272727272728,-0.0898100172711571,0.0,0.0,4.18
STU-13562,-1.0,-0.3190569744597249,-0.44851807435326474,0.12339331619537193,0.27190721649484545,0.2787878787878787,0.24179620034542315,0.0,2.0,4.3
STU-13214,0.0,-1.4632612966601182,0.0,-1.6863753213367612,-0.3676975945017185,0.35757575757575744,-0.5803108808290156,0.0,0.0,2.48
STU-11330,-1.0,-1.6314341846758351,-0.3683399006338882,-0.9048843187660676,-0.8904639175257739,-0.5151515151515154,0.2026482440990213,0.0,2.0,2.22
STU-12829,1.8,0.10687622789783888,-0.4725029981154709,-0.041131105398457615,-0.20618556701030927,-0.7090909090909089,0.1842256764536557,0.0,4.0,3.58
STU-12251,0.4,-0.594106090373281,0.6520472845639874,0.3187660668380458,0.0,1.3090909090909084,-0.1082325849165227,1.0,1.0,4.52
STU-11182,1.8,2.124165029469548,0.20798355319513326,-0.9048843187660676,-0.15721649484536138,-0.19393939393939408,-0.41681059297639605,1.0,3.0,3.73
STU-12116,-0.4,2.124165029469548,-0.6150419736165844,-1.3778920308483296,-0.18213058419244035,0.15757575757575742,-0.568796776050662,0.0,4.0,2.73
STU-11820,-1.0,-0.6223968565815327,-0.7171492204899789,-1.0179948586118253,-0.9866838487972514,0.5030303030303029,0.6056419113413932,0.0,2.0,3.12
STU-13367,-0.2,-1.020039292730845,0.4176803152304255,-0.7095115681233937,-0.49226804123711404,-0.11515151515151537,0.591824985607369,0.0,4.0,3.42
STU-11246,-0.6,-0.10530451866404716,0.14836388555764893,-0.3496143958868902,-0.12671821305841943,0.5333333333333331,-0.5618883131836501,1.0,1.0,4.64
STU-14722,-1.0,0.3536345776031435,0.3052938153160859,0.12339331619537193,-0.16924398625429554,0.13939393939393907,0.05757052389176742,0.0,1.0,5.55
STU-11872,-0.6,-1.7288801571709236,-0.8452972417337679,-0.5861182519280208,-0.6078178694158082,-0.48484848484848464,0.2510074841681059,1.0,1.0,2.66
STU-11113,-0.4,-0.337917485265226,-0.432071269487751,-0.9562982005141393,-0.7001718213058422,-1.1575757575757575,0.14738054116292473,0.0,1.0,1.32
STU-11822,0.2,0.705697445972495,0.9384958026383411,-1.0282776349614395,0.0,1.739393939393939,-0.4513529073114566,0.0,4.0,4.42
STU-14732,2.1,1.5104125736738705,0.0,1.0796915167095111,0.5270618556701032,-0.14545454545454556,0.3684513529073116,1.0,4.0,5.5
STU-10395,-0.8,-0.13673870333988203,0.14973445262977475,1.3059125964010276,-0.20103092783505194,-0.07878787878787871,-0.09671848013816925,0.0,4.0,5.11
STU-11615,-0.2,1.290373280943026,0.5917423333904396,1.2956298200514136,0.5270618556701032,-0.9272727272727272,0.13356361542890044,0.0,3.0,5.12
STU-11953,-0.2,0.4055009823182712,0.6061332876477632,-0.020565552699229262,-0.02448453608247456,-0.9454545454545455,-0.6470926885434658,0.0,0.0,4.35
STU-12204,-0.2,-0.7952848722986249,-1.5929415795785513,-0.6889460154241652,-1.0240549828178702,-1.3636363636363633,-1.2204951065054694,0.0,2.0,2.13
STU-13013,1.2,0.5438113948919452,0.7733424704471462,1.1619537275064264,0.4231099656357388,-0.5636363636363639,-1.063903281519862,0.0,0.0,5.51
STU-12830,0.4,0.7638506876227898,0.32242590371766205,-0.4832904884318772,0.0,-0.7696969696969698,-0.7967760506620611,0.0,1.0,4.97
STU-11501,1.8,0.4982318271119844,0.4142538975501105,0.6066838046272491,0.5270618556701032,-0.3212121212121213,0.29476108232584924,0.0,4.0,4.54
STU-13076,0.6,-0.2797642436149312,-0.03118040089086945,-0.9768637532133676,-1.445876288659795,-0.21818181818181834,0.0,1.0,0.0,3.87
STU-14798,0.6,0.0,0.3601164982011304,-0.10282776349614449,-0.13616838487972524,-0.04848484848484852,0.1128382268278642,0.0,2.0,3.49
STU-14423,-0.6,-0.5312377210216113,-0.5321226657529563,-0.2467866323907457,-0.8402061855670109,-1.0060606060606059,0.07829591249280367,0.0,0.0,3.05
STU-11869,-1.0,0.07229862475442057,0.523213979784135,0.4730077120822621,0.0,-0.21818181818181834,-0.42832469775474963,0.0,4.0,4.53
STU-14826,1.6,0.0,0.01336302895322893,0.24678663239074478,0.5270618556701032,1.0242424242424242,1.3793897524467473,0.0,3.0,4.41
STU-11132,-0.2,0.5422396856581532,0.3402432756553016,-1.0179948586118253,-0.3569587628865982,-1.4242424242424243,0.14277489925158324,0.0,1.0,3.61
STU-10468,-1.0,-1.3846758349705308,-1.652561247216036,-0.041131105398457615,-1.429123711340207,-0.25454545454545446,2.1565918249856075,0.0,3.0,2.4
STU-13702,-1.0,0.13988212180746573,0.13945519958882865,-0.26735218508997494,0.2242268041237114,0.5393939393939391,0.06447898675877957,0.0,4.0,3.91
STU-11879,-0.6,-0.1335952848722986,-0.340928559191366,0.26735218508997405,0.5270618556701032,-0.20606060606060592,0.029936672423719037,1.0,3.0,4.25
STU-12056,0.4,0.004715127701375146,-1.5504540003426426,-1.4601542416452449,-0.08977663230240569,0.36969696969696925,0.21416234887737495,1.0,1.0,4.05
STU-14469,-0.6,-0.7905697445972497,-0.6575295528524936,-0.60668380462725,-1.1537800687285233,-0.09696969696969704,-0.4075993091537133,1.0,2.0,3.17
STU-10752,0.0,0.46994106090373294,-0.45468562617783137,0.6683804627249351,-0.2727663230240555,0.6848484848484846,-0.49740932642487046,0.0,0.0,4.12
STU-13926,0.0,-0.5139489194499018,0.06133287647764137,-0.5244215938303348,-0.06658075601374562,-0.07272727272727278,-0.29476108232584924,0.0,2.0,3.58
STU-10463,1.0,0.04086444007858543,-0.14356690080520904,-0.12339331619537285,-0.2555841924398628,-0.6545454545454544,0.0,1.0,2.0,3.7
STU-14206,-1.0,-1.301375245579568,-0.0373479527154371,0.08226221079691431,-0.14862542955326502,0.07878787878787871,-0.7875647668393784,1.0,0.0,3.71
STU-14107,-1.0,0.6066797642436149,0.14699331848552213,-0.06169665809768688,0.5270618556701032,-0.06060606060606091,0.8198042602187681,1.0,1.0,5.06
STU-14881,2.1,0.33634577603143434,-0.17920164468048716,0.09254498714652941,0.0030068728522333857,0.36363636363636337,2.1565918249856075,1.0,4.0,4.41
STU-10592,1.8,1.2605108055009824,0.7075552509850942,0.3598971722365034,0.5270618556701032,-0.903030303030303,-0.8105929763960853,0.0,1.0,4.32
STU-14794,0.4,0.0,0.7068699674490309,-0.8946015424164524,-0.4514604810996568,-0.17575757575757575,0.03684513529073118,0.0,4.0,4.2
STU-13839,-1.0,-1.0907662082514737,-0.9700188452972427,-0.4318766066838054,0.0,0.19393939393939352,0.4375359815774325,1.0,4.0,3.62
STU-10483,1.0,0.7512770137524561,-0.9302724002055861,0.5552699228791764,0.0,0.37575757575757573,0.9073114565342547,1.0,4.0,6.13
STU-12913,-0.2,0.39921414538310407,-0.46085317800239906,0.0,0.5270618556701032,0.07272727272727278,-0.4099021301093841,1.0,2.0,4.07
STU-14149,-1.0,0.2561886051080552,0.13534349837245122,0.9665809768637526,-0.16108247422680422,0.08484848484848463,0.8520437535981579,0.0,4.0,4.55
STU-14148,-0.2,0.37406679764243633,0.15384615384615316,1.3059125964010276,0.27018900343642593,0.6181818181818183,0.7576280944156593,1.0,3.0,5.17
STU-14540,-0.2,0.8141453831041259,0.771286619838958,1.3059125964010276,0.25816151202749116,-2.0727272727272723,0.17501439263097293,1.0,4.0,5.22
STU-13572,-0.2,0.5893909626719058,0.9343841014219626,1.3059125964010276,-0.173539518900344,-0.6787878787878787,-0.6194588370754175,0.0,2.0,5.3
STU-13257,0.6,-0.3159135559921415,-0.25663868425561104,-0.7300771208226229,-0.9652061855670108,-1.406060606060606,0.5710995970063327,0.0,4.0,2.42
STU-12901,-0.2,-0.088015717092338,-0.12986123008394793,-0.7095115681233937,0.02620274914089346,0.4666666666666663,-0.5434657455382844,0.0,0.0,4.39
STU-11840,0.2,-0.9807465618860512,-0.3299640226143575,-0.4215938303341903,-0.7641752577319595,0.9939393939393936,0.8221070811744386,0.0,2.0,3.7
STU-13494,-0.2,0.44007858546168976,0.9576837416481064,1.059125964010282,0.3981958762886598,-0.1333333333333337,-0.6563039723661486,0.0,3.0,4.38
STU-11327,0.0,0.24047151277013745,-1.3489806407401073,0.22622107969151642,-0.35137457044673587,-0.02424242424242426,-1.169833045480714,0.0,3.0,4.77
STU-12910,-0.2,-1.2039292730844795,-0.5746102449888645,-0.2365038560411315,-0.08934707903780066,-0.9939393939393941,-0.12435233160621764,1.0,0.0,4.13
STU-10490,-1.0,0.5280943025540275,-0.3094055165324663,0.8329048843187655,0.5270618556701032,-1.0666666666666669,0.0,0.0,3.0,3.94
STU-14071,-1.0,-0.08330058939096259,-0.391639540860032,-0.7712082262210795,0.0,-0.07272727272727278,-0.27403569372481285,0.0,0.0,3.37
STU-11544,-0.6,1.0499017681728882,0.366284050025697,0.0,0.22680412371134037,0.0,0.6977547495682213,0.0,2.0,4.18
STU-13719,0.0,-0.7512770137524559,-0.12163782765119106,-0.10282776349614449,-0.9600515463917535,-1.0727272727272728,0.33621185952792176,0.0,0.0,3.29
STU-12878,-0.2,-0.49666011787819264,-1.497687168065788,-0.010282776349615089,-0.7993986254295536,-2.0727272727272723,-0.9027058146229132,1.0,0.0,2.99
STU-14901,0.0,1.282514734774067,0.5588487236594132,0.7197943444730068,0.5270618556701032,-0.3090909090909094,0.3983880253310307,1.0,4.0,5.47
STU-13162,0.2,-0.4086444007858546,-0.47592941579578596,-1.7686375321336765,-0.12070446735395206,-1.1151515151515148,0.3868739205526772,0.0,0.0,3.55
STU-10323,-0.8,-0.6365422396856583,-0.6664382388213128,-1.8508997429305913,-0.5811855670103097,1.054545454545454,-0.5020149683362118,1.0,2.0,2.64
STU-14583,0.0,0.6019646365422398,0.9419222203186561,1.3059125964010276,0.5270618556701032,0.6363636363636361,-0.7691421991940127,1.0,4.0,5.85
STU-10113,-1.0,0.17917485265225946,-0.8850436868254243,-1.542416452442159,-0.12585910652920998,0.44242424242424205,-0.33160621761658027,0.0,3.0,2.66
STU-13140,0.2,-0.16817288801571717,-0.46839129689909254,-0.5758354755784066,0.3964776632302403,0.10909090909090889,-0.04605641911341398,0.0,1.0,4.09
STU-11977,0.2,0.8738703339882121,0.9988007538118888,0.658097686375321,0.5270618556701032,0.5939393939393935,0.7415083477259644,0.0,3.0,5.18
STU-13996,0.4,0.29862475442043235,0.20729826965907083,0.2776349614395882,0.4269759450171823,0.6181818181818183,-0.2072538860103626,1.0,4.0,4.64
STU-10874,1.4,0.29862475442043235,-0.5636457084118559,-0.7197943444730078,-0.2680412371134026,1.236363636363636,0.2878526194588371,0.0,2.0,3.77
STU-13037,-0.2,1.139489194499018,0.5629604248757916,-0.3804627249357327,0.5270618556701032,0.07272727272727278,0.7944732297063904,1.0,1.0,4.98
STU-13549,0.6,2.124165029469548,-1.5264690765804358,-0.12339331619537285,-0.3831615120274917,0.12727272727272723,-0.4191134139320668,0.0,0.0,3.01
STU-14191,-0.6,-0.35992141453831034,-0.7959568271372286,0.3598971722365034,0.20146048109965636,-0.7757575757575758,-0.766839378238342,0.0,0.0,3.94
STU-13739,-1.0,0.9760314341846761,0.29707041288333,0.8020565552699221,0.5270618556701032,0.145454545454545,1.5290731145653427,0.0,0.0,4.94
STU-12282,-0.4,0.26247544204322204,0.10998800753811819,-0.12339331619537285,0.09235395189003405,0.13333333333333316,0.016119746689694944,0.0,0.0,4.34
STU-13921,-1.0,0.33320235756385064,0.43549768716806503,0.730077120822622,0.27534364261168387,-0.16363636363636389,-0.26482440990213,0.0,4.0,4.43
STU-10346,-0.2,0.5013752455795678,-0.15658728799040675,0.39074550128534685,0.30841924398625414,-0.9393939393939391,-0.14507772020725387,0.0,3.0,3.92
STU-14616,-0.2,-0.9115913555992142,-0.7753983210553375,-0.3804627249357327,-1.0249140893470798,-0.20606060606060592,0.0023028209556706478,0.0,0.0,2.67
STU-14825,-0.8,1.183497053045187,0.3169436354291578,0.8123393316195363,-0.15420962199312738,-1.0242424242424242,-0.43983880253310303,0.0,2.0,4.68
STU-10862,-0.2,0.1964636542239686,0.9988007538118888,-0.1439588688946021,0.5270618556701032,-0.15757575757575795,0.14738054116292473,0.0,4.0,4.84
STU-13810,-1.0,-0.3080550098231829,-1.2304265890012,0.5244215938303339,-0.36211340206185616,-0.606060606060606,-0.15428900402993667,0.0,4.0,3.71
STU-11362,1.0,-0.7559921414538311,-0.3779338701387709,-0.8123393316195372,-0.6421821305841929,-0.02424242424242426,0.2394933793897525,0.0,1.0,3.57
STU-12401,-1.0,-0.29233791748526516,0.0,-0.3290488431876609,-0.01073883161512028,0.21212121212121185,0.8151986183074267,0.0,4.0,4.1
STU-13003,1.0,0.9037328094302556,0.6033921535035115,0.6786632390745493,0.20919243986254266,-0.8060606060606059,0.0,0.0,4.0,4.42
STU-13148,0.0,-0.63811394891945,-0.8761350008566051,0.5861182519280198,-1.1297250859106538,-0.49090909090909113,-0.08290155440414496,0.0,2.0,2.89
STU-11531,0.2,1.8404715127701379,0.8720232996402257,1.3059125964010276,0.5270618556701032,0.4909090909090906,-0.9303396660909615,0.0,0.0,6.28
STU-12280,1.0,0.5312377210216113,0.7575809491176969,0.6683804627249351,0.5270618556701032,-0.10909090909090943,1.15601611974669,1.0,3.0,5.5
STU-14752,-0.8,-0.5233791748526524,-0.8398149734452636,-0.3804627249357327,-0.37585910652920984,0.7575757575757569,0.062176165803108925,0.0,4.0,3.08
STU-11864,0.2,-0.13988212180746573,0.24498886414253818,0.4318766066838045,0.4557560137457047,-0.12727272727272723,0.895797351755901,1.0,4.0,4.67
STU-14801,-0.4,-0.34420432220039293,-0.21894808977214372,-1.3881748071979438,-0.01975945017182166,-1.6181818181818177,-0.386873920552677,0.0,1.0,2.98
STU-10953,-0.2,-1.108055009823183,-0.8713380161041643,-0.6580976863753218,-1.1301546391752584,-0.19393939393939408,-0.7944732297063903,0.0,4.0,2.98
STU-13669,0.4,-0.34734774066797663,-0.6869967449032041,0.7197943444730068,-0.5927835051546394,0.07272727272727278,-0.2832469775474956,1.0,0.0,4.3
STU-13346,-0.6,1.5261296660117882,0.4197361658386147,0.7403598971722362,0.5270618556701032,-0.40606060606060596,-0.27173287276914215,0.0,3.0,5.3
STU-10734,1.0,-0.0031434184675834306,-0.014733596025356697,0.4010282776349611,-0.5085910652920966,0.6060606060606054,-0.7645365572826713,0.0,1.0,4.59
STU-11804,-0.8,-0.9115913555992142,0.0,-1.347043701799486,-0.5910652920962205,-2.03030303030303,0.11974668969487635,1.0,1.0,2.86
STU-14607,1.4,-0.4542239685658155,0.0,-0.6169665809768642,-0.4351374570446742,-0.10303030303030296,-0.22337363270005756,0.0,1.0,3.37
STU-12779,1.0,2.124165029469548,-1.0830906287476447,-0.8329048843187664,0.07044673539518907,0.0666666666666663,1.4277489925158322,0.0,2.0,2.48
STU-10187,0.2,-0.545383104125737,0.4423505225286951,0.030848329048842524,-0.7074742268041241,1.1575757575757568,0.911917098445596,1.0,3.0,4.86
STU-13791,-1.0,-0.5343811394891946,-1.0604762720575642,-1.5835475578406168,-0.17568728522336793,0.23030303030303018,-0.1174438687392055,1.0,1.0,2.93
STU-14409,0.0,0.5548133595284872,0.45400034264176703,0.10282776349614357,0.12070446735395206,-0.06060606060606091,0.21416234887737495,0.0,0.0,4.56
STU-13912,-0.4,2.124165029469548,0.2401918793900973,0.6066838046272491,0.5270618556701032,0.4787878787878787,0.07829591249280367,0.0,2.0,5.35
STU-11473,-1.0,-0.8361493123772104,-0.8446119581977054,-0.07197943444730105,-0.8758591065292102,1.2060606060606054,2.0702360391479564,0.0,0.0,3.97
STU-10362,-1.0,0.5705304518664049,0.9988007538118888,0.6683804627249351,0.5270618556701032,0.26666666666666633,1.390903857225101,0.0,1.0,5.16
STU-10605,0.0,0.14145383104125744,0.0,-1.1208226221079698,-0.6954467353951893,-1.6181818181818177,-1.1306850892343123,0.0,1.0,1.95
STU-10811,1.4,-0.932023575638507,0.0,-0.8123393316195372,-0.062285223367697755,0.13939393939393907,0.04605641911341398,1.0,3.0,3.69
STU-11545,-0.4,-1.1300589390962674,-0.9398663697104689,-0.9974293059125969,-0.9364261168384884,0.6606060606060599,0.9395509499136446,0.0,2.0,3.54
STU-11664,1.0,1.0436149312377212,-1.4003769059448357,-0.06169665809768688,0.5270618556701032,-0.9272727272727272,0.21876799078871625,1.0,4.0,4.45
STU-12390,-1.0,0.6726915520628687,0.5101935925989373,1.1722365038560407,0.0,0.6969696969696965,-0.4145077720207254,0.0,0.0,4.53
STU-14345,-0.4,-1.5528487229862475,-0.5382902175775239,-1.0488431876606688,-1.0171821305841933,0.2787878787878787,2.01496833621186,0.0,3.0,2.46
STU-12942,-0.2,0.15559921414538316,0.7007024156244642,0.05141388174807179,-0.06658075601374562,-0.8,1.1836499712147381,0.0,3.0,4.31
STU-13605,0.2,0.12573673870334,-0.9419222203186571,-1.007712082262211,-0.11769759450171867,-0.49090909090909113,0.33621185952792176,0.0,4.0,3.47
STU-13639,-1.0,-1.5119842829076624,-0.9117697447318832,-1.3161953727506428,-1.0957903780068736,-0.7272727272727272,-0.4766839378238342,0.0,0.0,2.56
STU-12183,1.2,-0.050294695481336006,-1.1845125920849757,-0.596401028277635,0.06743986254295507,0.37575757575757573,-0.12665515256188828,1.0,3.0,3.82
STU-11758,2.1,0.980746561886051,0.5629604248757916,0.4421593830334187,0.5270618556701032,-0.7151515151515153,-0.2625215889464594,0.0,0.0,5.34
STU-12550,-0.2,-0.3897838899803538,-1.1995888298783628,-0.4318766066838054,-0.5012886597938148,-0.20606060606060592,-0.17501439263097293,0.0,4.0,3.89
STU-14518,0.2,-1.4915520628683696,-1.4168237108103485,-1.3676092544987146,-1.320017182130585,-1.2848484848484847,0.0,0.0,3.0,1.46
STU-11686,0.0,0.11316306483300602,0.029809833818741683,1.3059125964010276,0.5270618556701032,-0.19393939393939408,2.1565918249856075,1.0,3.0,4.96
STU-14134,-0.2,-0.5202357563850689,-0.06338872708583254,-0.31876606683804676,0.0030068728522333857,-0.11515151515151537,1.8767990788716178,1.0,0.0,4.61
STU-12271,-0.6,-0.19803536345776032,-0.5362343669693347,-1.665809768637532,-0.5025773195876293,1.16969696969697,0.2855497985031665,0.0,4.0,3.1
STU-14072,-0.8,0.17445972495088402,0.11409970875449661,1.2853470437017993,0.5270618556701032,-1.0787878787878786,0.4513529073114566,0.0,3.0,4.76
STU-10055,0.4,-0.17445972495088402,0.3032379647078967,-1.2853470437017993,-0.36469072164948513,-0.7212121212121213,-0.1128382268278642,1.0,2.0,4.39
STU-14403,-1.0,0.0,-0.3327051567586101,-1.1825192802056557,-0.12199312714776654,-1.1212121212121213,0.9786989061600464,0.0,3.0,2.33
STU-12783,-0.4,-0.2341846758349706,0.4910056535891719,0.9460154241645242,0.03608247422680368,0.8666666666666668,0.29706390328151994,0.0,2.0,4.41
STU-12791,-1.0,0.2939096267190569,-0.4731882816515343,0.3598971722365034,0.27319587628865993,-0.8787878787878787,0.6217616580310882,0.0,2.0,4.81
STU-12819,1.6,0.6789783889980355,0.3847867054994,1.2853470437017993,0.05670103092783479,0.11515151515151482,-0.19113413932066786,1.0,3.0,6.01
STU-14027,0.6,0.21846758349705317,-0.4245331505910575,-0.07197943444730105,-0.03092783505154636,0.0,-0.3891767415083477,0.0,2.0,4.52
STU-13129,0.0,-0.6664047151277015,0.9988007538118888,-0.09254498714653031,0.0,-1.6909090909090905,0.17040875071963163,0.0,4.0,4.05
STU-11520,0.8,0.658546168958743,0.36354291588144544,0.8946015424164515,0.4965635738831619,0.8848484848484847,2.1565918249856075,0.0,4.0,5.32
STU-10272,0.2,-0.9618860510805503,-0.26212095254411627,1.3059125964010276,-1.4677835051546402,0.6848484848484846,0.06678180771445022,1.0,4.0,3.63
STU-13492,-0.4,-0.5076620825147349,-0.12437896179544368,-0.7197943444730078,-0.09707903780068756,-0.5757575757575757,1.6902705814622918,1.0,3.0,3.22
STU-12525,-0.6,0.32848722986247547,0.541716635257837,-0.35989717223650436,0.39518900343642643,1.0303030303030303,-0.2993667242371906,0.0,2.0,4.41
STU-10914,1.0,2.124165029469548,0.9988007538118888,1.0899742930591254,0.5270618556701032,0.2606060606060604,1.0293609671848014,0.0,0.0,5.79
STU-13585,-0.6,0.6616895874263263,0.7411341442521832,0.2879177377892024,0.5270618556701032,0.0,0.5296488198042603,0.0,3.0,5.07
STU-10426,-0.8,-0.7559921414538311,0.65478841870824,0.37017994858611764,-0.6494845360824748,-0.5333333333333331,1.9781232009211287,1.0,0.0,3.83
STU-10655,0.2,-0.7371316306483302,-0.3834161384272752,-0.2879177377892033,-1.6301546391752588,-0.5515151515151515,-0.6470926885434658,1.0,4.0,2.6
STU-11426,0.6,-0.34734774066797663,0.07640911427102928,-0.21593830334190317,-0.06829896907216514,-1.2545454545454544,0.9925158318940703,1.0,3.0,4.21
STU-12112,-1.0,0.08958742632612973,0.0,0.5141388174807198,-0.2525773195876294,-0.38181818181818167,1.6073690270581464,1.0,3.0,4.27
STU-11239,-0.6,1.3893909626719059,0.0,0.0,0.5270618556701032,1.86060606060606,0.7783534830166955,0.0,4.0,5.66
STU-12726,-1.0,-0.8707269155206289,-0.6691793729655655,-0.6478149100257077,-1.2023195876288668,-0.4545454545454545,0.04605641911341398,0.0,3.0,2.35
STU-11552,0.6,-0.025147347740668003,0.05585060818913712,-0.9460154241645251,-0.2628865979381447,0.24242424242424204,-1.2204951065054694,0.0,4.0,4.1
STU-11437,0.8,-0.07701375245579573,-0.07092684598252601,-0.9665809768637534,0.13487972508591076,1.4727272727272729,0.26482440990213024,0.0,3.0,3.61
STU-11943,0.6,-0.47151277013752463,-1.259208497515848,0.010282776349614175,0.013745704467353667,1.442424242424242,2.1565918249856075,0.0,2.0,3.03
STU-11396,0.4,0.09430255402750487,-0.15316087031009173,-0.09254498714653031,0.4209621993127149,-0.24848484848484853,0.0,0.0,2.0,3.91
STU-14802,-0.8,0.7685658153241652,0.5835189309576828,-0.03084832904884344,0.18900343642611658,0.5757575757575757,0.19804260218768002,0.0,3.0,5.16
STU-10286,0.0,-0.03614931237721029,0.0,-0.9254498714652959,-0.26417525773195916,-0.16363636363636389,0.7230857800805988,0.0,4.0,3.85
STU-11044,0.0,-0.7292730844793713,-0.9988007538118907,-0.07197943444730105,-0.062285223367697755,0.5696969696969693,0.0,1.0,0.0,4.22
STU-10243,0.6,-0.9414538310412576,-0.7651190680143913,1.120822622107969,-1.0987972508591073,0.24848484848484853,0.8313183649971216,1.0,3.0,4.04
STU-13728,0.0,-0.11159135559921429,0.9988007538118888,1.0694087403598962,0.012457044673539183,1.16969696969697,-0.2210708117443869,0.0,2.0,3.81
STU-13618,1.4,0.8141453831041259,0.04214493746787698,1.3059125964010276,0.5270618556701032,0.8787878787878787,0.05296488198042613,1.0,4.0,5.54
STU-14916,-1.0,-0.3913555992141455,-1.168065787219463,0.37017994858611764,0.32989690721649473,-1.1575757575757575,0.8543465745538286,1.0,4.0,3.44
STU-12506,-1.0,-0.12416502946954802,0.0,0.4832904884318763,0.5270618556701032,-0.38181818181818167,1.1790443293033968,0.0,4.0,5.45
STU-10554,-1.0,0.833005893909627,0.9988007538118888,0.9460154241645242,0.5270618556701032,1.945454545454545,2.1565918249856075,1.0,2.0,5.5
STU-11078,-0.6,1.582711198428291,0.9453486379989712,0.6066838046272491,0.5270618556701032,0.27272727272727276,0.5112262521588946,0.0,4.0,5.48
STU-12742,-0.6,-0.7245579567779963,-1.304437210896009,-0.5552699228791773,-0.5524054982817872,0.8181818181818183,-1.073114565342545,1.0,0.0,3.95
STU-11395,0.2,2.124165029469548,0.0,1.3059125964010276,0.5270618556701032,-0.23636363636363666,0.09441565918249861,0.0,3.0,6.07
STU-13275,0.8,-0.9776031434184677,0.5095083090628739,0.6375321336760916,-0.6314432989690726,-1.0727272727272728,1.282671272308578,1.0,4.0,4.02
STU-12891,0.2,0.4385068762278978,0.14836388555764893,-0.18508997429305973,-0.29725085910652943,-1.0545454545454545,1.6234887737478414,1.0,0.0,4.13
STU-10375,-1.0,-0.5721021611001966,0.2148363885557643,0.16452442159382955,-0.9853951890034369,1.3090909090909084,0.4697754749568222,0.0,0.0,3.76
STU-14899,-0.2,-0.7418467583497054,0.05036833990063287,0.15424164524421538,-0.6516323024054987,1.436363636363636,0.6609096142774901,1.0,4.0,4.22
STU-10266,-0.2,-0.44793713163064836,-0.003083775912284798,0.6375321336760916,0.24012027491408902,-0.5212121212121213,0.0,1.0,4.0,4.42
STU-12673,-0.4,0.6852652259332024,0.6527325681000508,0.5655526992287915,0.5270618556701032,0.7090909090909083,1.3955094991364423,0.0,0.0,5.55
STU-14917,0.8,1.6172888015717093,0.9830392324824385,1.2133676092544983,0.33934707903780054,0.5515151515151515,-0.46747265400115146,1.0,3.0,6.04
STU-12895,0.4,0.7905697445972498,0.4423505225286951,-0.6375321336760925,0.5270618556701032,0.5030303030303029,-0.3684513529073114,0.0,2.0,3.98
STU-13813,0.4,0.4762278978388998,0.4567414767860196,0.0,0.5270618556701032,0.20606060606060592,0.5296488198042603,1.0,1.0,6.11
STU-13971,-1.0,-0.23889980353634574,0.18262806236080123,-0.4935732647814914,-0.17611683848797297,-0.13939393939393963,0.1934369602763385,0.0,4.0,3.56
STU-10727,-0.8,1.439685658153242,0.9988007538118888,0.6272493573264775,0.0,0.5636363636363634,-0.49050086355785844,1.0,2.0,5.71
STU-11453,0.0,0.33634577603143434,-0.6774027753983214,0.9562982005141384,-0.853092783505155,0.4363636363636361,1.3724812895797354,1.0,3.0,4.54
STU-13263,0.0,0.5422396856581532,0.3868425561075882,0.5347043701799481,0.03994845360824713,1.0909090909090906,1.4876223373632702,0.0,2.0,6.0
STU-12151,-0.2,-0.35520628683693517,-0.2929587116669526,0.1439588688946012,-0.24656357388316205,0.29090909090909056,0.14277489925158324,1.0,0.0,4.31
STU-13830,1.6,0.983889980353635,0.658214836388555,1.0796915167095111,0.4334192439862541,-0.5151515151515154,-0.07599309153713302,0.0,0.0,4.85
STU-12171,0.6,-0.4903732809430255,0.09696762035292047,0.7197943444730068,-0.7079037800687291,0.26666666666666633,-0.19113413932066786,0.0,3.0,4.88
STU-11107,1.0,-1.1096267190569746,-0.24430358060647672,-0.1953727506426739,-1.0390893470790385,0.0,-0.9050086355785838,0.0,3.0,3.55
STU-12685,0.0,-1.4176817288801573,-0.6349151961624132,-0.2365038560411315,-1.522766323024056,0.04848484848484852,1.2251007484168106,0.0,1.0,2.73
STU-13375,0.0,0.42121807465618866,0.9988007538118888,-0.6272493573264784,0.5270618556701032,0.5272727272727272,-1.0685089234312033,0.0,4.0,5.19
STU-12477,-0.4,-1.7288801571709236,-0.2984409799554578,-0.4215938303341903,-0.2633161512027497,0.16363636363636333,0.22797927461139905,1.0,0.0,2.97
STU-14987,0.8,-1.7037328094302557,-0.44235052252869705,-0.5758354755784066,-1.2912371134020626,0.5393939393939391,-0.26021876799078875,0.0,3.0,2.18
STU-10151,-0.4,-0.3536345776031435,-0.7130375192736005,-0.30848329048843254,-0.20231958762886643,0.012121212121211861,0.5710995970063327,1.0,4.0,4.05
STU-11572,1.0,0.5280943025540275,0.381360287819084,0.34961439588688925,0.32216494845360844,-0.2848484848484852,-0.7276914219919401,1.0,4.0,5.51
STU-14883,0.4,0.0,0.6712352235737528,0.7403598971722362,0.5270618556701032,-0.7212121212121213,0.4605641911341394,0.0,4.0,5.1
STU-14368,0.4,-0.1100196463654223,0.5622751413397282,-0.35989717223650436,0.3625429553264606,-0.7696969696969698,0.6378814047207831,1.0,3.0,4.2
STU-11679,0.2,-0.11316306483300602,0.4375535377762543,0.6992287917737785,-0.7555841924398631,-0.15757575757575795,0.15659182498560753,1.0,2.0,3.99
STU-13679,0.4,-0.969744597249509,-0.07366798012677862,-0.668380462724936,0.0,0.4727272727272722,1.7156016119746693,0.0,3.0,3.79
STU-12995,-0.2,1.3768172888015722,0.9988007538118888,1.0694087403598962,0.5270618556701032,0.7818181818181816,1.206678180771445,1.0,4.0,6.63
STU-11511,0.6,0.5155206286836935,0.4361829707041284,0.7403598971722362,0.5270618556701032,1.0787878787878786,-0.881980426021877,0.0,0.0,5.37
STU-12064,-0.8,-0.22789783889980347,-0.37861915367483334,0.49357326478149044,0.03436426116838478,-0.303030303030303,2.1565918249856075,1.0,2.0,3.74
STU-11051,-1.0,0.8125736738703344,0.9988007538118888,0.0,0.14003436426116808,-0.49696969696969706,0.7668393782383423,1.0,4.0,4.57
STU-13053,-0.2,0.0015717092337917153,0.9405516532465303,0.010282776349614175,0.1370274914089347,1.0060606060606054,-1.093839953943581,0.0,3.0,4.49
STU-11752,1.6,-1.3422396856581533,-1.0878876135000866,-0.9665809768637534,-1.8234536082474238,-0.27272727272727276,-0.14047207829591238,0.0,3.0,2.14
STU-13482,-0.2,0.012573673870334002,0.0,-0.2467866323907457,0.5042955326460482,1.5272727272727271,1.2181922855497986,1.0,4.0,4.85
STU-10046,-0.6,-0.33634577603143434,0.0,0.7814910025706937,-0.7809278350515472,0.04848484848484852,0.0,1.0,0.0,4.34
STU-13514,1.2,-1.4506876227897842,0.0,-0.5758354755784066,-0.9755154639175266,0.01818181818181779,0.6286701208981001,1.0,3.0,3.84
STU-13249,0.2,0.831434184675835,0.24224772999828556,-0.3496143958868902,0.03823024054982822,-0.4303030303030302,-0.789867587795049,0.0,2.0,3.78
STU-11278,-0.6,1.658153241650295,0.9988007538118888,1.2442159383033418,0.5270618556701032,0.35757575757575744,0.32700057570523894,0.0,0.0,5.7
STU-10883,-1.0,1.6801571709233796,0.9988007538118888,0.8534704370179939,0.5270618556701032,-0.44848484848484854,0.05526770293609678,0.0,4.0,5.07
STU-14333,1.2,0.7654223968565819,0.25458283364742085,-0.1953727506426739,0.27534364261168387,-0.5575757575757574,-0.3385146804835924,0.0,4.0,4.72
STU-14477,0.0,0.12888015717092344,0.47318828165153237,0.34961439588688925,0.5270618556701032,-0.33333333333333315,-0.7345998848589523,0.0,2.0,4.53
STU-10094,-0.2,-0.14302554027504916,-1.2694877505567932,-0.7609254498714654,-0.9660652920962208,-0.6606060606060604,2.1565918249856075,1.0,0.0,2.87
STU-10393,-0.2,0.43693516699410606,0.5204728456398824,0.19537275064267298,0.4948453608247424,-0.4121212121212124,-0.30397236614853185,0.0,0.0,5.65
STU-13867,0.2,-1.189783889980354,0.5293815316087027,-0.6375321336760925,-0.4334192439862547,0.5818181818181817,-0.8175014392630974,0.0,4.0,2.98
STU-10633,0.2,0.012573673870334002,-1.0371766318314206,-0.8431876606683806,-0.5725945017182134,0.41818181818181777,0.03684513529073118,0.0,0.0,4.05
STU-13544,-0.2,-1.169351669941061,0.7431899948603724,0.7197943444730068,-0.8981958762886607,0.8606060606060598,-0.8336211859527922,0.0,0.0,4.08
STU-10560,-0.8,-0.19332023575638516,0.6136714065444566,-0.9974293059125969,-0.2770618556701034,0.40606060606060596,-0.43523316062176165,0.0,4.0,4.82
STU-10409,-0.2,-0.5218074656188606,0.1209525441151267,-0.4318766066838054,-0.6078178694158082,0.19393939393939352,0.6885434657455383,0.0,2.0,3.48
STU-12866,-1.0,-0.3536345776031435,0.29364399520301404,0.7506426735218503,0.5270618556701032,-0.6424242424242426,-0.6954519286125505,0.0,4.0,4.1
STU-14031,0.4,-0.16817288801571717,0.5410313517217736,0.9871465295629819,0.41580756013745696,-0.4121212121212124,0.13586643638457108,1.0,2.0,4.4
STU-14532,-0.2,0.13831041257367402,0.5725543943806742,0.7506426735218503,0.3028350515463918,-0.012121212121212399,-0.8105929763960853,1.0,4.0,3.92
STU-12725,0.0,-0.5359528487229863,-0.40671577865341896,-0.3701799485861185,-0.2538659793814439,1.1030303030303024,0.22337363270005756,0.0,3.0,3.95
STU-13196,0.0,-0.7229862475442044,-0.06887099537433679,0.6478149100257068,0.36683848797250845,0.37575757575757573,0.7276914219919405,1.0,2.0,4.13
STU-11873,-0.6,0.1728880157170923,0.5711838273085484,-0.473007712082263,0.07173539518900356,0.7333333333333332,1.383995394358089,0.0,1.0,3.81
STU-11323,-0.6,-0.30333988212180746,-0.47387356518759677,0.6169665809768633,-0.813144329896908,-0.49696969696969706,-0.8175014392630974,0.0,2.0,3.61
STU-14370,-0.4,-0.5689587426326129,-0.6787733424704482,-0.5758354755784066,-0.46606529209622055,0.1878787878787876,-0.19113413932066786,0.0,4.0,3.17
STU-11504,1.4,-1.7288801571709236,-1.0796642110673298,-1.1619537275064273,-0.8470790378006877,-1.6484848484848484,1.8353483016695453,0.0,3.0,2.07
STU-12093,-0.8,-0.7512770137524559,0.9988007538118888,0.7095115681233927,-1.0644329896907223,-1.7515151515151515,1.0385722510074844,0.0,0.0,3.05
STU-14139,0.0,0.2090373280943026,-0.05173890697276064,-0.5655526992287925,-0.17310996563573897,-0.8060606060606059,-0.812895797351756,0.0,1.0,4.38
STU-14395,1.8,0.40235756385068777,0.9988007538118888,0.5141388174807198,0.5270618556701032,-1.3878787878787877,0.8520437535981579,0.0,1.0,5.2
STU-10041,-0.8,-0.4825147347740669,-0.28062360801781827,0.39074550128534685,-0.519759450171822,-0.35757575757575744,-0.8911917098445598,1.0,2.0,4.46
STU-10586,0.2,-0.12573673870334,-1.09542573239678,-2.0822622107969164,0.5270618556701032,-0.48484848484848464,0.9326424870466322,0.0,3.0,2.98
STU-10600,-0.8,-0.3064833005893909,-0.9336988178859011,0.0411311053984567,0.36812714776632294,0.24242424242424204,1.5244674726540015,1.0,0.0,4.63
STU-13886,0.6,-0.01886051080550086,0.8055507966421103,-0.9357326478149101,0.12242268041237096,-1.9636363636363634,0.1404720782959126,0.0,2.0,3.74
STU-10712,0.4,0.3174852652259332,-0.47729998286791275,-0.20565552699228806,0.2568728522336767,0.03030303030303019,-0.14738054116292454,0.0,4.0,3.98
STU-14351,-0.6,-0.6679764243614932,-0.8829878362172352,-0.22622107969151733,-0.14432989690721656,-0.33939393939393964,0.4145077720207254,1.0,4.0,3.94
STU-14056,-0.4,0.5469548133595287,0.031180400890867505,-0.22622107969151733,0.5270618556701032,-1.2727272727272727,-0.4006908462867013,0.0,1.0,4.04
STU-14486,0.4,0.5438113948919452,0.18468391296899045,-0.041131105398457615,0.5270618556701032,-1.1515151515151514,0.0,1.0,3.0,4.61
STU-12025,0.6,-0.15559921414538316,0.17508994346410775,0.37017994858611764,-0.1499140893470795,0.9696969696969698,0.40299366724237196,0.0,4.0,4.51
STU-12945,-0.4,-0.8172888015717094,0.0,0.9048843187660666,-0.522336769759451,0.0,0.048359240069084625,1.0,4.0,4.49
STU-14792,-0.4,-0.9273084479371319,-0.3436696933356186,0.2879177377892024,-1.5073024054982829,0.7999999999999995,1.4139320667818078,0.0,4.0,3.24
STU-10199,1.8,0.017288801571709148,0.29501456227514083,0.2776349614395882,-0.24957044673539544,0.6787878787878787,-0.7783534830166955,1.0,4.0,4.54
STU-11503,1.0,-0.06758349705304516,0.133287647764262,0.3804627249357318,-1.022336769759451,1.1575757575757568,-0.8474381116868164,0.0,3.0,3.7
STU-14754,-0.6,-0.14145383104125744,-0.5896864827822523,0.17480719794344463,-0.8376288659793819,0.0,2.1565918249856075,0.0,3.0,2.38
STU-12734,0.2,0.7292730844793716,-0.4786705499400386,0.6169665809768633,0.10395189003436439,-0.5454545454545455,-1.0293609671848014,0.0,0.0,4.67
STU-11623,0.8,-0.5862475442043223,0.0,0.18508997429305882,-1.2547250859106536,0.04242424242424205,0.6540011514104781,0.0,4.0,4.0
STU-13427,0.4,0.4557956777996072,-1.2715436011649823,0.0,-0.4145189003436431,0.5393939393939391,0.4099021301093841,1.0,0.0,4.61
STU-13272,0.0,0.856581532416503,0.7863628576323449,0.30848329048843165,0.5270618556701032,-0.6727272727272727,-1.1191709844559585,0.0,0.0,4.63
STU-10921,-1.0,-0.23889980353634574,0.43960938838444347,0.2570694087403599,0.41108247422680405,0.0,-0.2878526194588371,0.0,2.0,4.33
STU-13151,-1.0,0.19017681728880173,0.058591742333389735,-1.5218508997429308,-0.0945017182130586,0.8727272727272728,-0.9303396660909615,0.0,4.0,3.54
STU-14668,-0.4,-0.09587426326129658,0.1709782422477293,0.07197943444730014,-0.4454467353951895,0.0060606060606059305,-0.7115716753022453,0.0,3.0,4.27
STU-13424,0.8,-0.31434184675834975,-0.15316087031009173,0.26735218508997405,0.38831615120274904,0.6727272727272727,-0.2510074841681059,1.0,0.0,4.31
STU-11257,0.6,0.10373280943025544,-0.10998800753812013,-0.9871465295629828,-0.0867697594501723,0.7030303030303025,0.0,0.0,2.0,4.53
STU-11195,0.6,0.5218074656188606,0.46496487921877555,-0.3804627249357327,0.5270618556701032,0.07272727272727278,-0.6977547495682211,0.0,2.0,4.84
STU-13972,-1.0,0.0,0.5485694706184681,0.32904884318766,0.5270618556701032,0.4,-0.7875647668393784,0.0,3.0,4.93
STU-11678,1.0,0.24833005893909632,0.2641768031523035,0.49357326478149044,0.07173539518900356,-1.0606060606060603,-0.8013816925734025,0.0,2.0,4.45
STU-14930,-0.8,0.3206286836935166,-1.3784478327908176,0.010282776349614175,-1.2048969072164957,-0.10909090909090943,0.016119746689694944,1.0,2.0,3.28
STU-14380,-0.6,-1.0876227897838902,-1.7402775398321062,-0.13367609254498794,-1.442869415807561,-1.242424242424242,0.0,1.0,2.0,2.67
STU-11713,-0.4,-0.3347740667976426,0.24498886414253818,0.16452442159382955,0.16194158075601367,1.2181818181818171,-0.30397236614853185,1.0,0.0,4.62
STU-10971,-0.4,0.833005893909627,0.22854205927702542,0.20565552699228715,0.24183848797250854,0.7757575757575758,0.591824985607369,0.0,3.0,3.67
STU-10179,-1.0,-0.6836935166994107,0.0,-0.4524421593830338,0.2925257731958765,-0.6424242424242426,-0.13356361542890044,0.0,2.0,3.94
STU-12807,0.8,-0.13045186640471515,-0.6314887784820982,-0.5655526992287925,-0.293384879725086,0.7878787878787876,-0.5480713874496258,0.0,3.0,3.76
STU-14210,2.1,-0.7795677799607074,-0.8987493575466855,0.730077120822622,-0.4497422680412373,-0.8606060606060604,0.753022452504318,1.0,2.0,3.88
STU-12311,-0.4,-0.7858546168958744,-0.9090286105876316,-0.15424164524421627,-1.344931271477664,0.42424242424242425,1.8629821531375939,1.0,3.0,3.49
STU-14684,-0.8,0.31277013752455807,-0.22443035806064796,0.7403598971722362,-0.041666666666666644,-0.36363636363636387,-0.45365572826712725,1.0,4.0,4.86
STU-13283,0.6,-1.7288801571709236,-0.46085317800239906,-0.21593830334190317,-1.2242268041237123,-0.1212121212121213,0.4168105929763963,0.0,4.0,3.34
STU-11215,0.0,-0.24047151277013745,-0.22648620866883717,0.39074550128534685,0.4274054982817873,-0.38181818181818167,-0.7046632124352332,1.0,1.0,4.82
STU-13231,0.0,-0.12573673870334,0.6623265376049334,0.21593830334190225,-0.15378006872852235,-1.2848484848484847,0.12895797351755914,0.0,4.0,4.69
STU-14113,1.0,0.4353634577603143,0.39095425732396666,0.8329048843187655,-0.24484536082474254,1.5333333333333332,0.683937823834197,0.0,4.0,4.67
STU-13298,1.2,-0.932023575638507,-0.4450916566729487,-0.4318766066838054,-0.930841924398626,-0.8181818181818183,1.1974668969487625,1.0,0.0,3.6
STU-14672,0.4,0.41021611001964636,0.9268459825252692,1.3059125964010276,-0.32216494845360844,1.5212121212121201,0.7484168105929767,1.0,2.0,5.08
STU-14089,-1.0,0.708840864440079,-0.33818742504711435,0.6066838046272491,0.3994845360824743,1.6060606060606053,-0.3293033966609096,0.0,1.0,4.88
STU-12006,-0.2,0.32848722986247547,0.7089258180572201,-0.4215938303341903,0.5270618556701032,-0.07272727272727278,-0.19573978123200916,0.0,1.0,4.46
STU-14262,-0.2,-0.06915520628683687,0.28816172691450975,0.18508997429305882,0.15120274914089338,-0.3272727272727272,-0.02763385146804839,1.0,2.0,4.51
STU-10719,0.0,-0.2813359528487229,0.0,0.791773778920308,0.5270618556701032,1.3999999999999995,-0.7253886010362696,0.0,1.0,5.56
STU-12384,0.0,-0.6789783889980355,0.1785163611444228,0.7403598971722362,0.3329037800687287,-0.7333333333333332,-0.14968336211859518,0.0,0.0,4.66
STU-11141,1.0,-0.9901768172888017,0.0,-0.6272493573264784,-1.11512027491409,0.39393939393939353,0.9418537708693152,0.0,3.0,2.56
STU-10172,0.8,-0.17917485265225946,-0.39438067500428364,0.7197943444730068,0.5270618556701032,-0.303030303030303,0.0,0.0,0.0,6.31
STU-13165,0.4,-0.7056974459724953,-0.7706013363028956,-0.9151670951156817,-0.7469931271477668,-0.21818181818181834,-0.21876799078871625,0.0,3.0,2.85
STU-13803,0.6,-0.1603143418467583,0.9988007538118888,1.3059125964010276,0.5270618556701032,-0.33333333333333315,0.584916522740357,0.0,3.0,4.92
STU-12138,-1.0,-0.3913555992141455,0.46085317800239806,-0.10282776349614449,-0.40292096219931334,0.1878787878787876,0.9487622337363272,0.0,2.0,4.06
STU-13337,1.2,-1.0357563850687623,-0.322425903717664,-0.6375321336760925,-1.4720790378006883,-0.2606060606060609,-0.4145077720207254,0.0,4.0,2.62
STU-13943,0.0,0.14931237721021604,0.004454342984408669,-1.1002570694087406,0.40764604810996563,1.3393939393939391,-0.6954519286125505,0.0,0.0,4.65
STU-13559,0.2,-1.4868369351669946,-1.1701216378276522,0.010282776349614175,-1.4510309278350524,-0.2909090909090911,-0.12204951065054699,1.0,4.0,2.73
STU-13709,-0.8,-1.3893909626719059,-0.34709611101593363,-0.8946015424164524,-0.48453608247422714,1.3393939393939391,-0.9211283822682788,1.0,2.0,2.85
STU-14280,0.2,-0.14145383104125744,-0.10519102278567831,0.05141388174807179,-0.10180412371134046,1.0363636363636362,2.0771445020149684,1.0,2.0,4.86
STU-11529,-0.6,0.21218074656188604,-1.3695391468219984,-0.7814910025706947,-0.368986254295533,0.3393939393939391,-0.8082901554404146,1.0,4.0,3.26
STU-11014,-0.2,-0.3787819253438115,-1.6854548569470627,-0.7712082262210795,-0.023195876288660076,-0.9333333333333331,0.0,0.0,4.0,3.26
STU-13699,0.4,-0.4526522593320238,0.0,0.4730077120822621,-1.0124570446735404,1.557575757575757,-0.5941278065630398,0.0,2.0,3.78
STU-11004,-1.0,0.6852652259332024,0.0887442179201636,1.3059125964010276,0.5270618556701032,-0.4181818181818183,-0.5434657455382844,1.0,0.0,5.61
STU-10218,-0.2,-0.9147347740667978,-0.7664896350865181,-1.3676092544987146,-1.5824742268041248,1.4969696969696964,-0.06217616580310872,0.0,2.0,2.3
STU-10089,1.8,0.05343811394891944,-0.13465821483638976,-0.3701799485861185,0.03092783505154636,0.02424242424242426,2.1565918249856075,0.0,4.0,3.65
STU-10642,0.2,0.08015717092337915,0.8261093027240015,0.49357326478149044,0.1829896907216492,1.2181818181818171,0.7230857800805988,0.0,3.0,3.31
STU-14551,-0.2,-0.6255402750491161,0.15864313859859402,0.22622107969151642,-1.6576460481099666,-0.1333333333333337,0.44444444444444464,1.0,1.0,3.59
STU-11298,-0.4,0.07701375245579573,0.8041802295699835,0.658097686375321,0.12371134020618545,-1.3878787878787877,-0.1934369602763385,0.0,3.0,4.49
STU-13132,0.8,0.6538310412573676,-0.5862600651019364,0.10282776349614357,-0.008161512027491316,1.1212121212121213,0.8566493955094993,0.0,4.0,4.54
STU-10002,1.0,-0.7119842829076622,0.1579578550625316,0.030848329048842524,-0.46305841924398655,1.0363636363636362,-0.7161773172135867,0.0,3.0,3.78
STU-11634,1.4,0.3017681728880158,0.0,-0.7609254498714654,0.39561855670103085,0.02424242424242426,0.5273459988485896,0.0,0.0,4.07
STU-12265,-0.6,0.7481335952848727,0.632859345554222,1.2544987146529558,0.28737113402061865,-1.16969696969697,0.7299942429476112,0.0,0.0,5.15
STU-11510,0.6,0.4793713163064835,0.09559705328079368,0.05141388174807179,0.5270618556701032,0.8606060606060598,0.6240644789867589,0.0,0.0,4.59
STU-10809,-0.4,-0.3787819253438115,0.0,0.030848329048842524,-0.05756013745704485,-1.0545454545454545,0.09671848013816925,0.0,4.0,3.86
STU-10803,-1.0,-0.8204322200392928,0.0,0.12339331619537193,-0.49269759450171846,0.8848484848484847,0.0,1.0,2.0,4.24
STU-14569,-1.0,1.400392927308448,0.5972246016789439,-0.09254498714653031,0.5270618556701032,-0.3939393939393941,0.8151986183074267,0.0,1.0,4.81
STU-10506,0.2,0.22632612966601176,-0.12163782765119106,0.0,0.13831615120274918,-0.31515151515151535,0.0,1.0,4.0,5.59
STU-13833,-0.4,0.8377210216110018,0.6198389583690243,0.9254498714652949,0.5270618556701032,-0.7636363636363639,-0.33390903857225107,0.0,4.0,5.48
STU-10185,0.6,0.9728880157170927,0.9988007538118888,0.8123393316195363,0.5270618556701032,-0.6242424242424243,-1.2204951065054694,1.0,2.0,5.71
STU-10975,-0.6,0.8612966601178784,0.8836731197532967,0.6272493573264775,0.5270618556701032,-0.6121212121212124,0.356937248128958,0.0,3.0,5.6
STU-10580,0.2,-1.0546168958742634,0.0,-0.16452442159383046,-0.14948453608247447,-0.5272727272727272,1.1767415083477262,0.0,4.0,3.6
STU-13266,-0.4,-1.4365422396856584,0.5382902175775219,-0.9871465295629828,-1.5296391752577332,-0.14545454545454556,0.14968336211859537,0.0,1.0,2.08
STU-12042,0.0,-1.2605108055009824,-0.9158814459482616,-1.0488431876606688,-0.18213058419244035,0.642424242424242,1.4093264248704664,0.0,2.0,2.72
STU-13403,-1.0,1.1033398821218077,0.6821997601507612,0.12339331619537193,0.5270618556701032,-0.20606060606060592,1.215889464594128,0.0,2.0,5.12
STU-13324,0.8,0.0,-0.5814630803494955,0.6375321336760916,0.012457044673539183,1.254545454545454,-0.5664939550949915,1.0,2.0,4.87
STU-10793,0.0,0.3064833005893909,0.512934726743189,1.2750642673521841,0.5270618556701032,0.0,-0.49280368451352907,0.0,0.0,5.42
STU-11994,-0.4,0.4809430255402752,-0.4307007024156252,0.18508997429305882,0.006443298969071802,-1.6787878787878787,0.7875647668393786,1.0,0.0,3.67
STU-13725,0.8,-0.21218074656188604,0.058591742333389735,0.3393316195372742,-0.27319587628865993,-0.8121212121212119,1.259643062751871,0.0,3.0,4.84
STU-11475,0.6,-0.5846758349705307,-1.3928387870481422,-0.6786632390745502,-0.36168384879725113,1.0363636363636362,0.14277489925158324,0.0,4.0,2.79
STU-13171,0.6,1.0687622789783893,0.6143566900805201,1.2339331619537266,0.5270618556701032,0.4666666666666663,-0.5480713874496258,1.0,4.0,6.15
STU-12768,-0.6,1.175638506876228,0.9988007538118888,0.5655526992287915,0.3264604810996563,-0.10909090909090943,0.6563039723661488,0.0,3.0,5.0
STU-11625,0.2,0.35049115913556006,-0.0592770258694541,0.21593830334190225,0.5270618556701032,-1.2727272727272727,-0.7184801381692574,1.0,2.0,4.2
STU-12385,-0.6,0.18860510805500974,-0.698646565016276,0.29820051413881654,-0.047680412371134025,-0.24848484848484853,-0.7369027058146229,0.0,0.0,4.05
STU-14972,-0.6,0.7874263261296663,0.8206270344354972,0.11311053984575775,0.5249140893470793,0.36969696969696925,-0.6470926885434658,0.0,0.0,4.91
STU-11357,1.0,0.11630648330058944,0.020901147849922398,-0.31876606683804676,0.5270618556701032,0.7999999999999995,-0.386873920552677,0.0,3.0,4.29
STU-13693,1.0,0.05500982318271115,0.0,0.5141388174807198,0.5270618556701032,-0.6424242424242426,-0.26021876799078875,0.0,1.0,3.85
STU-12748,1.4,0.7638506876227898,-0.6129861230083952,0.4215938303341894,0.2336769759450172,0.0,-0.4006908462867013,0.0,3.0,4.95
STU-11815,-1.0,-0.9791748526522596,0.9110844611958189,-0.18508997429305973,-0.13573883161512082,0.2,-0.14507772020725387,0.0,4.0,4.31
STU-10649,-0.2,-1.5214145383104127,-0.4176803152304275,0.19537275064267298,-1.2366838487972518,-0.5757575757575757,0.69314910765688,1.0,2.0,2.23
STU-10750,-0.4,-0.7654223968565816,0.012677745417165534,0.30848329048843165,-0.30713058419244027,0.5575757575757574,-0.842832469775475,0.0,2.0,3.34
STU-13103,1.2,1.4444007858546173,0.8528353606304603,0.6375321336760916,0.5270618556701032,-0.5818181818181817,-0.6470926885434658,0.0,1.0,5.2
STU-13705,0.8,1.7697445972495094,0.5526811718348454,0.9254498714652949,0.5270618556701032,1.2909090909090906,0.4099021301093841,0.0,4.0,5.93
STU-13113,0.4,-0.08015717092337915,-0.40671577865341896,-1.470437017994859,-0.3891752577319591,-0.2909090909090911,-0.3914795624640185,0.0,2.0,3.77
STU-14659,0.6,0.47308447937131637,0.9988007538118888,1.1105398457583537,0.2787800687285223,0.21818181818181778,-0.17271157167530227,0.0,1.0,5.16
STU-10859,0.6,-0.12259332023575631,-1.2646907658043522,-1.8817480719794346,0.29725085910652943,-0.09696969696969704,0.9418537708693152,0.0,0.0,2.83
STU-11776,0.0,-0.41021611001964636,0.6102449888641416,0.5655526992287915,-0.18513745704467374,-0.2787878787878787,-0.4743811168681635,1.0,1.0,4.79
STU-12699,-0.6,-0.02671905697445972,0.4615384615384605,-0.4318766066838054,-0.8715635738831623,0.21212121212121185,0.432930339666091,0.0,3.0,3.48
STU-11266,-0.6,0.6506876227897841,0.3834161384272732,0.20565552699228715,0.0,-0.5575757575757574,-0.7852619458837076,0.0,4.0,5.09
STU-12249,-0.6,-0.10844793713163059,0.271714922048997,0.12339331619537193,0.5270618556701032,1.4666666666666657,2.1565918249856075,0.0,4.0,5.56
STU-11794,-0.8,-0.76385068762279,-0.4300154188795618,-1.264781491002571,-0.5609965635738836,1.145454545454545,0.5526770293609672,1.0,1.0,2.68
STU-13542,1.2,-0.7952848722986249,-0.7836217234880942,-1.8097686375321336,-1.1778350515463925,0.9575757575757569,-0.386873920552677,0.0,2.0,2.99
STU-13517,0.0,1.0593320235756385,0.9988007538118888,0.9048843187660666,0.5270618556701032,-0.37575757575757573,0.2924582613701786,1.0,3.0,5.15
STU-12212,-1.0,0.2420432220039292,0.01610416309748057,0.20565552699228715,-0.3088487972508592,-0.46666666666666684,-0.24179620034542315,0.0,1.0,3.71
STU-14517,0.0,-1.0860510805500985,-0.9028610587630639,0.0,-1.1430412371134029,0.012121212121211861,-0.15659182498560734,0.0,4.0,2.1
STU-13785,-0.2,1.3689587426326133,0.9988007538118888,1.0694087403598962,0.5270618556701032,1.2969696969696964,-0.4997121473805412,0.0,1.0,5.56
STU-12122,1.6,-1.7288801571709236,-0.8631146136714074,-1.1311053984575838,-2.0671713917525785,1.6242424242424243,1.383995394358089,0.0,0.0,2.94
STU-10846,-0.4,1.2290766208251476,0.42590371766318236,0.8534704370179939,0.5270618556701032,1.0121212121212113,-0.6563039723661486,0.0,0.0,5.03
STU-10571,0.2,0.0,-0.31762891896522216,0.41131105398457524,0.413230240549828,-0.7333333333333332,0.45365572826712725,0.0,1.0,4.67
STU-14860,0.2,0.12416502946954802,-0.25663868425561104,-0.6478149100257077,0.220790378006873,0.19393939393939352,1.5037420840529652,0.0,2.0,4.21
STU-14278,0.8,-0.3190569744597249,0.3745074524584539,0.6272493573264775,0.4351374570446736,0.9999999999999994,-0.9786989061600462,1.0,2.0,5.18
STU-11324,0.8,-0.8000000000000002,0.37656330306664315,-0.26735218508997494,-0.7817869415807566,1.0909090909090906,-0.025331030512377537,1.0,4.0,4.77
STU-13836,-0.4,-0.5422396856581532,0.13945519958882865,0.29820051413881654,0.5270618556701032,-1.2,-0.33390903857225107,0.0,4.0,4.52
STU-12790,-0.2,0.0,-0.28062360801781827,0.5552699228791764,-0.4102233676975946,-1.515151515151515,0.24870466321243528,1.0,0.0,4.09
STU-12419,0.6,-0.4526522593320238,-0.19564844954600089,-0.26735218508997494,-0.46606529209622055,0.6242424242424243,-0.21416234887737476,0.0,0.0,4.15
STU-10042,0.4,2.124165029469548,-0.005139626520474014,0.4215938303341894,0.06185567010309272,-0.36363636363636387,2.1565918249856075,0.0,3.0,4.19
STU-11120,0.0,-0.5233791748526524,0.403289360973102,-0.07197943444730105,0.08333333333333329,0.6060606060606054,0.31318364997121484,1.0,4.0,4.6
STU-12578,-0.2,0.23104125736738718,0.14288161726914467,0.8843187660668373,-0.2474226804123715,0.8909090909090905,0.35002878526194603,0.0,4.0,4.27
STU-12336,1.0,-1.1630648330058941,-0.6691793729655655,-1.2339331619537275,-0.6138316151202755,-0.042424242424242586,1.9896373056994823,0.0,3.0,2.76
STU-12863,-0.8,0.9650294695481338,0.6451944492033573,1.120822622107969,0.09364261168384853,-1.921212121212121,-0.9671848013816926,0.0,3.0,4.79
STU-11119,-1.0,0.31434184675834975,0.32242590371766205,0.4318766066838045,0.42783505154639173,0.13333333333333316,-0.7921704087507198,1.0,3.0,4.59
STU-12842,-0.6,-0.05343811394891944,0.32859345554222974,0.20565552699228715,0.2633161512027491,0.0,0.4122049510650548,0.0,4.0,5.4
STU-13937,1.4,0.8188605108055013,0.9275312660613316,0.5038560411311046,0.5270618556701032,-0.01818181818181833,-0.4260218767990789,0.0,4.0,5.07
STU-11069,2.0,0.8597249508840864,0.27377077265718625,-0.8123393316195372,0.03393470790377975,0.40606060606060596,-0.4951065054691998,1.0,2.0,4.52
STU-14612,0.2,-0.2609037328094303,0.4204214493746781,0.3393316195372742,-0.028350515463918004,0.7212121212121213,0.4513529073114566,0.0,3.0,4.37
STU-12038,-0.6,0.8094302554027504,0.4752441322597216,-0.6272493573264784,0.3732817869415809,0.0,1.0616004605641913,1.0,3.0,5.21
STU-13055,0.6,-0.45893909626719065,0.06133287647764137,0.2879177377892024,-0.08548109965635782,-0.042424242424242586,-0.766839378238342,1.0,3.0,4.36
STU-13388,-1.0,0.9053045186640476,-1.5161898235394904,-0.8534704370179949,0.2444158075601375,-0.9878787878787876,-1.0040299366724237,1.0,2.0,3.43
STU-13916,0.0,1.1284872298624755,0.8295357204043166,0.39074550128534685,0.5270618556701032,-0.8121212121212119,-0.7046632124352332,0.0,1.0,4.43
STU-13990,-0.4,0.05500982318271115,0.0,-1.3161953727506428,0.5270618556701032,0.012121212121211861,0.0,0.0,4.0,4.66
STU-14005,-0.4,-0.14931237721021604,0.36422819941750784,-0.2879177377892033,0.17740549828178684,-0.33939393939393964,0.21416234887737495,1.0,0.0,5.01
STU-10264,-1.0,-0.3866404715127703,0.33544629090285977,-0.7917737789203089,0.5270618556701032,0.15757575757575742,-0.09671848013816925,0.0,4.0,4.03
STU-12858,-0.6,-0.7292730844793713,-0.7198903546342306,-0.4318766066838054,-0.6181271477663234,-0.08484848484848517,1.4738054116292458,0.0,3.0,2.19
STU-11613,-0.2,0.12730844793713172,0.007195477128661282,-0.020565552699229262,0.5270618556701032,-1.0121212121212118,0.667818077144502,0.0,2.0,4.37
STU-13459,0.2,0.4385068762278978,-0.4526297755696432,-0.44215938303341956,0.5270618556701032,-0.042424242424242586,0.03684513529073118,0.0,4.0,4.55
STU-11159,0.2,0.16660117878192546,-0.916566729484325,-0.2467866323907457,-1.4076460481099666,-0.6424242424242426,2.1565918249856075,0.0,1.0,2.78
STU-11967,-0.8,-0.3017681728880158,-1.362001027925305,-1.4910025706940873,-1.2027491408934718,0.7333333333333332,-1.1583189407023604,0.0,2.0,2.43
STU-12262,0.6,-0.11316306483300602,-0.6856261778310783,-0.15424164524421627,0.34836769759450187,-0.6787878787878787,0.667818077144502,0.0,4.0,2.94
STU-12111,0.4,0.06129666011787829,-1.2729141682371092,-0.0514138817480727,0.47250859106529236,0.7333333333333332,-1.0293609671848014,0.0,0.0,3.66
STU-14401,1.4,0.13045186640471515,0.3827308548912108,-0.010282776349615089,0.26761168384879697,0.3212121212121208,-0.9763960852043756,0.0,1.0,4.64
STU-13405,0.2,1.1552062868369355,0.78978927531266,1.1413881748071972,-0.08634020618556727,1.5999999999999994,-0.2302820955670697,1.0,3.0,5.63
STU-13340,-1.0,-0.4825147347740669,0.1983895836902506,-1.0591259640102828,0.14604810996563544,-1.1212121212121213,-0.4006908462867013,0.0,2.0,3.29
STU-14137,-0.2,-0.3347740667976426,-0.3964365256124729,0.0411311053984567,-0.5077319587628872,0.22424242424242427,0.845135290731146,0.0,4.0,4.21
STU-13512,-0.4,-0.5846758349705307,0.9988007538118888,-0.2570694087403599,-0.9072164948453615,-0.8545454545454545,-0.13356361542890044,0.0,4.0,3.91
STU-11712,-0.2,-1.3878192534381142,-1.3462395065958546,-0.9151670951156817,-0.6670962199312719,0.25454545454545446,0.1128382268278642,0.0,4.0,3.15
STU-14710,-1.0,-1.1992141453831042,-1.0035977385643315,0.0,-1.020189003436427,0.21818181818181778,0.19113413932066786,0.0,2.0,2.12
STU-13975,-0.4,-0.7418467583497054,-1.4414939181086182,-0.6375321336760925,-0.017611683848797726,-0.17575757575757575,1.0592976396085207,0.0,0.0,3.52
STU-12481,-0.8,-0.8157170923379177,-0.1140997087544976,0.863753213367609,0.3831615120274917,0.145454545454545,-0.21876799078871625,1.0,2.0,4.55
STU-11321,0.6,1.032612966601179,0.33681685797498656,1.3059125964010276,0.0,0.1212121212121213,0.9257340241796203,1.0,0.0,5.58
STU-12141,0.0,-1.7288801571709236,-0.847353092341957,-0.3290488431876609,-0.7740549828178703,-1.703030303030303,-0.025331030512377537,1.0,3.0,2.35
STU-13602,2.0,0.1587426326129666,-0.3142025012849072,-0.16452442159383046,-0.2590206185567012,-0.23636363636363666,-0.09671848013816925,0.0,2.0,4.0
STU-13767,-0.2,1.1222003929273088,-0.661641254068872,0.21593830334190225,-0.011168384879725312,-1.0909090909090906,-0.9349453080023029,0.0,0.0,4.57
STU-14500,0.0,0.9917485265225933,-0.6246359431214671,-0.010282776349615089,0.2573024054982817,-0.2606060606060609,-0.9833045480713875,0.0,0.0,4.38
STU-11571,-0.4,-0.9603143418467586,-1.2749700188452984,-1.994858611825193,-0.5231958762886604,-0.25454545454545446,-0.025331030512377537,0.0,0.0,3.4
STU-12865,1.8,-0.5673870333988212,-0.4169950316943641,0.6478149100257068,-0.017182130584192695,0.31515151515151485,-1.137593552101324,0.0,1.0,4.59
STU-10946,0.4,-1.6455795677799612,-0.47729998286791275,0.0,-1.2096219931271486,0.0,-0.766839378238342,0.0,0.0,2.93
STU-13096,1.2,-0.14931237721021604,-0.49717320541374055,-0.3393316195372751,0.0,0.22424242424242427,0.5273459988485896,0.0,3.0,4.11
STU-12587,0.8,-0.023575638506876287,-1.0337502141511055,0.6375321336760916,-0.0378006872852238,0.3212121212121208,0.0,0.0,3.0,3.34
STU-12963,0.0,-0.7544204322200394,-0.9672777111529901,0.0,-0.006013745704467382,-1.096969696969697,1.1675302245250432,0.0,3.0,4.01
STU-10411,-0.2,-1.0483300589390965,0.7034435497687158,0.34961439588688925,-0.34621993127147793,1.3939393939393936,1.2780656303972369,1.0,4.0,4.33
STU-12182,0.4,-0.16188605108055001,-0.1257495288675695,-0.0514138817480727,0.4274054982817873,0.9151515151515143,-0.08520437535981581,0.0,3.0,4.35
STU-10538,1.2,0.0,-0.5499400376905949,0.4832904884318763,-0.5442439862542959,0.6606060606060599,2.1565918249856075,0.0,3.0,3.83
STU-11297,2.1,-0.08958742632612973,0.9988007538118888,-0.5038560411311055,0.29768041237113385,0.02424242424242426,0.26482440990213024,0.0,1.0,5.09
STU-11366,0.4,-1.6864440078585465,-2.0000000000000004,-0.31876606683804676,-2.0671713917525785,0.21818181818181778,0.04605641911341398,1.0,2.0,1.65
STU-12192,0.8,1.2888015717092338,-0.3669693335617624,1.3059125964010276,-0.32216494845360844,-0.38787878787878816,-0.052964881980425926,0.0,3.0,4.35
STU-12325,-0.8,-0.6774066797642436,-1.019359259893782,-0.10282776349614449,-0.7452749140893479,1.5757575757575757,-0.12665515256188828,0.0,2.0,3.3
STU-10940,-0.8,0.7151277013752458,-0.6630118211409978,-0.7917737789203089,-0.49871134020618585,0.7575757575757569,1.6971790443293038,0.0,4.0,4.24
STU-10962,0.0,-0.6003929273084481,-1.7382216892239168,-1.6966580976863754,0.0,0.3272727272727272,-0.9902130109383996,0.0,4.0,2.8
STU-11017,-0.2,-0.8392927308447938,-0.6047627205756393,-0.1439588688946021,-1.0945017182130592,0.2606060606060604,0.5987334484743814,0.0,2.0,3.36
STU-11528,0.6,-0.6208251473477406,-1.248929244474902,0.7403598971722362,-0.3672680412371135,0.5999999999999994,0.5641911341393208,1.0,0.0,4.31
STU-10389,-0.4,-0.11944990176817287,0.4279595682713716,-0.9562982005141393,0.5270618556701032,-0.5515151515151515,2.1565918249856075,1.0,1.0,4.27
STU-10753,-0.2,-0.9053045186640473,0.9988007538118888,0.9151670951156807,-0.043814432989691184,-0.38181818181818167,-0.0046056419113412956,0.0,3.0,5.18
STU-13843,0.0,0.20746561886051088,-1.1653246530752104,1.059125964010282,-0.0012886597938144826,-0.7333333333333332,-0.2026482440990213,0.0,2.0,4.37
STU-14478,0.6,1.2259332023575642,0.007880760664724679,-0.4215938303341903,0.5270618556701032,-1.2787878787878788,-0.1842256764536557,0.0,3.0,4.48
STU-14989,-0.2,-0.6915520628683696,-0.8795614185369202,0.13367609254498702,-0.7804982817869421,0.6181818181818183,-0.75993091537133,0.0,3.0,2.5
STU-13057,0.4,0.0,0.35531951344868856,0.18508997429305882,0.5270618556701032,0.5212121212121208,0.0,1.0,4.0,4.23
STU-10256,-0.6,-0.581532416502947,-1.3092341956484508,-0.020565552699229262,-0.25773195876288674,-0.15757575757575795,-0.7230857800805988,0.0,4.0,3.19
STU-13547,-0.4,-1.0671905697445974,-0.8631146136714074,-2.0822622107969164,-1.7066151202749151,0.1212121212121213,-0.05757052389176742,0.0,4.0,2.06
STU-10108,0.8,-0.14931237721021604,0.9864656501627536,-0.3393316195372751,0.3127147766323026,0.1878787878787876,0.531951640759931,0.0,2.0,3.65
STU-14199,-0.4,-1.6267190569744598,-0.7575809491176979,-0.3701799485861185,-1.4282646048109977,0.13939393939393907,0.5526770293609672,0.0,1.0,1.39
STU-10796,0.6,-0.5799607072691553,-0.15521672091828093,0.4421593830334187,0.34106529209622005,0.41818181818181777,-0.47207829591249284,0.0,4.0,4.57
STU-11018,-0.2,-0.17603143418467573,0.8932670892581793,0.5964010282776341,0.5270618556701032,0.04242424242424205,0.4881980426021878,0.0,4.0,5.33
STU-10934,-0.6,-1.0750491159135562,0.0,1.3059125964010276,-0.9385738831615129,-1.1636363636363634,-0.7322970639032815,0.0,4.0,3.79
STU-10694,0.4,0.18074656188605118,-0.37382216892239245,0.4421593830334187,0.5270618556701032,-0.7939393939393941,0.19573978123200936,0.0,3.0,3.86
STU-11218,0.2,1.2510805500982323,0.6314887784820962,0.6169665809768633,0.5270618556701032,0.951515151515151,-0.36154289004029927,0.0,0.0,5.77
STU-11649,-0.8,0.45893909626719065,0.33613157443892316,0.3804627249357318,-0.38530927835051565,-1.3151515151515147,-0.7530224525043179,0.0,4.0,4.18
STU-10829,-0.4,0.0,-0.8672263148877858,-1.1311053984575838,-0.2379725085910657,0.28484848484848463,0.27633851468048365,0.0,3.0,3.82
STU-14764,0.6,0.9288801571709235,0.49237622066129777,-0.1953727506426739,0.07946735395188984,-0.44848484848484854,-0.2993667242371906,1.0,0.0,4.57
STU-13871,1.2,0.9728880157170927,-0.2525269830392336,-0.5552699228791773,0.4780927835051547,0.37575757575757573,-0.4375359815774324,0.0,4.0,4.03
STU-12364,0.8,0.5155206286836935,0.9988007538118888,-0.020565552699229262,0.5270618556701032,-0.04848484848484852,0.06447898675877957,0.0,4.0,4.44
STU-10608,-1.0,-0.028290766208251432,0.9494603392153496,-0.21593830334190317,0.17310996563573897,0.5939393939393935,0.09211283822682796,1.0,3.0,4.18
STU-12197,1.4,0.5721021611001966,0.3107760836045902,0.7814910025706937,0.39561855670103085,-0.7818181818181816,-0.4951065054691998,1.0,1.0,4.32
STU-10418,0.0,0.22946954813359546,0.0,-0.17480719794344554,0.029209621993126846,0.12727272727272723,0.0,0.0,2.0,4.56
STU-14158,0.4,0.0,0.5396607846496477,-1.19280205655527,0.07860824742268038,0.6606060606060599,-0.531951640759931,0.0,4.0,4.48
STU-10628,0.4,0.13045186640471515,0.0,-0.3804627249357327,0.2787800687285223,-0.8787878787878787,0.039147956246401834,0.0,0.0,4.02
STU-11714,-0.6,-1.031041257367387,0.07915024841528093,1.0282776349614395,-0.43256013745704525,0.15757575757575742,0.3914795624640185,0.0,4.0,4.15
STU-12776,-1.0,-0.07229862475442057,0.5999657358231965,-0.3496143958868902,0.3565292096219932,-0.3272727272727272,0.1312607944732298,1.0,4.0,4.62
STU-10290,0.0,-0.017288801571709148,0.47935583347610006,-0.11311053984575867,0.5270618556701032,1.4303030303030302,-0.011514104778353443,1.0,3.0,4.17
STU-14504,0.2,-0.27819253438113944,0.29569984581120323,-0.3290488431876609,0.04381443298969057,0.3272727272727272,0.08520437535981581,0.0,2.0,4.95
STU-13942,0.8,1.073477406679764,0.4855233853006677,-0.5244215938303348,0.2757731958762889,-0.22424242424242427,0.9994242947610826,0.0,2.0,3.92
STU-10804,-0.6,0.10530451866404716,0.745931129004625,0.17480719794344463,0.20876288659793824,-0.909090909090909,0.8911917098445598,0.0,4.0,4.62
STU-14657,0.0,-0.550098231827112,-1.1557306835703278,-1.2030848329048849,-1.0133161512027498,0.35757575757575744,0.2671272308578009,0.0,4.0,2.96
STU-14610,-0.8,-0.26247544204322204,0.3327051567586081,0.5038560411311046,0.5270618556701032,-0.21818181818181834,-0.7553252734599886,1.0,3.0,4.69
STU-13304,0.4,0.8801571709233795,0.6842556107589505,-0.44215938303341956,0.5270618556701032,0.6727272727272727,0.274035693724813,1.0,0.0,5.06
STU-10332,0.8,0.3080550098231829,0.15384615384615316,-0.5141388174807198,0.5270618556701032,-1.0121212121212118,-0.6240644789867589,1.0,2.0,4.55
STU-14419,1.8,-0.2970530451866406,0.7048141168408416,-0.4935732647814914,0.5270618556701032,-0.7454545454545456,0.09902130109384011,0.0,1.0,5.09
STU-11250,0.4,-0.32848722986247547,-0.15658728799040675,-0.8946015424164524,0.2542955326460483,-0.18787878787878814,-0.15889464594127797,0.0,4.0,3.78
STU-11705,0.6,0.15245579567779974,0.4855233853006677,0.0,0.5270618556701032,-0.7333333333333332,1.0915371329879102,0.0,2.0,5.01
STU-14437,-0.4,-0.16502946954813374,0.4409799554565693,0.18508997429305882,-0.07044673539518907,-0.12727272727272723,2.0402993667242373,0.0,1.0,4.51
STU-12996,-0.4,0.7701375245579567,0.15453143738221656,0.15424164524421538,0.14905498281786944,-0.20606060606060592,2.0978698906160047,0.0,2.0,4.69
STU-10771,0.8,-0.3316306483300589,-0.4985437724858664,0.4318766066838045,-0.7203608247422689,-0.8242424242424242,0.8474381116868166,0.0,2.0,2.82
STU-12270,0.6,0.6098231827111986,-0.14425218434127243,-1.2442159383033427,0.5270618556701032,0.2787878787878787,0.2579159470351181,0.0,0.0,4.12
STU-10392,0.8,-0.16817288801571717,0.4437210896008219,0.23650385604113058,-0.20618556701030927,0.7151515151515153,1.7938975244674729,0.0,0.0,3.76
STU-13238,0.8,-0.6161100196463655,-1.3311632688024677,0.3804627249357318,-1.0962199312714784,-1.1272727272727272,0.9441565918249859,0.0,3.0,3.51
STU-12359,1.2,0.08172888015717086,0.5033407572383063,1.1002570694087397,0.516752577319588,-0.11515151515151537,0.0,0.0,2.0,5.8
STU-12327,-0.2,0.982318271119843,-0.3909542573239686,0.061696658097685965,0.16323024054982815,-1.442424242424242,1.3126079447322974,0.0,4.0,4.67
STU-14718,-0.4,-0.20432220039292745,-0.19085146479355905,-0.12339331619537285,-0.516752577319588,0.9272727272727272,-1.1652274035693726,1.0,2.0,4.59
STU-14859,1.4,1.614145383104126,0.5876306321740612,-0.17480719794344554,0.5270618556701032,0.48484848484848464,-0.03223949337938968,0.0,3.0,4.84
STU-12238,-0.2,0.38821218074656205,-0.4115127634058598,0.6786632390745493,-0.17139175257732006,0.3212121212121208,-1.0823258491652274,1.0,1.0,4.4
STU-12334,0.2,-0.6978388998035365,-0.9042316258351898,0.658097686375321,0.15420962199312677,0.0,-0.6563039723661486,1.0,3.0,4.19
STU-13095,0.2,-0.21060903732809433,0.9988007538118888,-1.8508997429305913,0.5184707903780069,-0.23636363636363666,-0.04145077720207248,0.0,4.0,3.64
STU-12237,0.2,-0.0974459724950883,-0.6541031351721786,0.4215938303341894,-0.514175257731959,-0.02424242424242426,1.4139320667818078,0.0,2.0,3.64
STU-11728,0.0,0.6333988212180749,-0.9439780709268463,0.730077120822622,0.4733676975945018,-0.6909090909090911,-0.234887737478411,0.0,4.0,4.3
STU-14167,1.0,-0.16974459724950888,0.9378105191022776,0.24678663239074478,0.07173539518900356,-0.2848484848484852,2.1565918249856075,1.0,1.0,5.4
STU-10738,1.0,0.1728880157170923,0.23059790988521464,0.34961439588688925,-0.2770618556701034,-0.8424242424242426,0.23488773747841118,0.0,4.0,4.62
STU-14057,1.0,-0.5359528487229863,-0.6157272571526478,-0.9871465295629828,0.008161512027491316,0.26666666666666633,-0.13816925734024174,0.0,0.0,3.37
STU-10165,1.0,0.6333988212180749,0.9035463422991253,0.08226221079691431,0.16022336769759415,-0.07878787878787871,0.1174438687392055,0.0,3.0,4.74
STU-11868,-1.0,-0.0738703339882123,-0.12437896179544368,-0.7814910025706947,-0.5313573883161516,0.9999999999999994,1.4968336211859532,0.0,2.0,2.98
STU-14759,-0.6,0.881728880157171,0.9988007538118888,0.2570694087403599,0.48152920962199314,-0.4787878787878787,-0.43983880253310303,0.0,3.0,4.26
STU-12834,-1.0,-1.0860510805500985,-0.745931129004626,-0.8123393316195372,-1.1829896907216504,0.6242424242424243,-0.21876799078871625,1.0,4.0,3.81
STU-13370,1.0,-1.0876227897838902,0.060647592941578954,0.1439588688946012,0.12714776632302385,0.8363636363636361,-0.2993667242371906,0.0,4.0,4.64
STU-10213,0.2,0.49980353634577607,-0.9844097995545662,-0.07197943444730105,-0.32860824742268085,0.739393939393939,-0.6724237190558435,1.0,4.0,4.14
STU-10060,-0.2,0.01886051080550086,0.4300154188795608,0.24678663239074478,0.18041237113402084,1.9757575757575747,0.8221070811744386,0.0,0.0,4.84
STU-10074,0.2,0.8722986247544207,0.9988007538118888,0.6272493573264775,0.5270618556701032,-1.0363636363636362,0.7115716753022455,1.0,0.0,5.22
STU-11052,1.6,-1.1017681728880158,0.37587801953057975,-0.2365038560411315,-0.9768041237113412,0.39393939393939353,0.7944732297063904,0.0,4.0,3.44
STU-14681,0.0,-1.7288801571709236,-0.6657529552852505,0.1439588688946012,-1.2800687285223378,-0.10303030303030296,1.5037420840529652,0.0,0.0,3.11
STU-13200,0.8,0.0,-0.3094055165324663,0.0,-0.293814432989691,0.9090909090909084,-0.4444444444444444,0.0,2.0,2.94
STU-12943,0.0,-0.20432220039292745,0.28610587630632056,-1.0796915167095122,0.5270618556701032,0.13939393939393907,0.3385146804835924,0.0,2.0,3.56
STU-14557,-0.2,-0.8361493123772104,0.0,0.05141388174807179,-1.0481099656357398,0.07878787878787871,-0.9073114565342545,0.0,2.0,2.21
STU-10242,0.0,1.0970530451866407,0.4224772999828673,0.5655526992287915,0.3470790378006874,0.6363636363636361,0.17501439263097293,1.0,3.0,5.55
STU-10955,-0.8,-0.2341846758349706,-0.00034264176803218524,0.6169665809768633,0.4901202749140895,0.6909090909090906,0.29476108232584924,0.0,0.0,5.48
STU-14163,-1.0,0.4809430255402752,0.43344183655987584,0.2570694087403599,0.5270618556701032,-0.5333333333333331,-0.538860103626943,1.0,1.0,5.41
STU-13386,0.2,0.675834970530452,-0.42042144937467907,-0.7506426735218512,-0.19329896907216507,-0.13939393939393963,0.5641911341393208,1.0,2.0,3.48
STU-13078,1.0,-0.48408644400785866,0.2689737879047444,-0.3701799485861185,-0.7409793814432993,-0.9878787878787876,-0.6194588370754175,1.0,3.0,3.2
STU-10791,-0.2,0.6333988212180749,-0.22305979098852213,0.3804627249357318,-0.4424398625429555,0.09696969696969704,-0.34081750143926304,0.0,3.0,4.55
STU-10093,0.2,-0.14931237721021604,-0.18673976357718064,-0.09254498714653031,-0.10180412371134046,0.3212121212121208,-0.8497409326424872,0.0,3.0,3.39
STU-13501,-0.4,0.050294695481336006,0.9988007538118888,1.26478149100257,0.5270618556701032,0.1515151515151515,-0.4237190558434082,1.0,2.0,5.61
STU-13899,1.0,0.6208251473477406,0.0,0.29820051413881654,0.37457044673539536,0.10303030303030296,0.20034542314335066,0.0,2.0,4.51
STU-14804,1.0,-0.8251473477406681,0.27582662326537544,-0.668380462724936,-0.3165807560137461,0.15757575757575742,-0.4444444444444444,1.0,4.0,4.97
STU-12288,-0.4,-0.5170923379174852,-0.38136028781908593,-0.9768637532133676,-0.49097938144329956,-0.2,-0.782959124928037,1.0,3.0,2.59
STU-13020,0.4,-0.3677799607072692,-0.060647592941579925,0.5861182519280198,-0.05154639175257747,-0.18787878787878814,0.22337363270005756,1.0,3.0,3.94
STU-14450,0.6,-0.23889980353634574,0.18125749528867444,0.18508997429305882,0.0962199312714775,-0.27272727272727276,1.5106505469199771,0.0,1.0,3.85
STU-11439,1.6,0.33320235756385064,0.006510193592597886,-0.7917737789203089,0.5270618556701032,0.6727272727272727,-0.5227403569372482,0.0,4.0,4.65
STU-12352,0.6,0.2860510805500983,0.9988007538118888,0.5244215938303339,0.5270618556701032,-0.8848484848484847,0.0,0.0,0.0,4.39
STU-12818,-0.6,2.124165029469548,0.9988007538118888,0.6992287917737785,0.17611683848797235,-0.7454545454545456,0.04605641911341398,0.0,3.0,5.52
STU-12730,0.2,0.36306483300589404,0.4916909371252344,-0.6889460154241652,0.37757731958762875,-0.49090909090909113,-0.5526770293609673,1.0,4.0,4.27
STU-12897,-0.4,-0.2609037328094303,0.3128319342127794,-0.020565552699229262,0.5270618556701032,-1.193939393939394,-0.310880829015544,0.0,2.0,3.78
STU-14179,0.6,1.214931237721022,0.3046085317800235,0.37017994858611764,-0.1683848797250861,-0.25454545454545446,-0.8727691421991941,0.0,3.0,5.25
STU-12460,0.2,1.3029469548133596,0.9988007538118888,0.030848329048842524,0.5270618556701032,0.0,-0.280944156591825,0.0,4.0,5.82
STU-12252,-0.4,-0.532809430255403,-1.0776083604591404,-0.8226221079691522,-0.7422680412371139,-1.109090909090909,0.4145077720207254,0.0,2.0,2.67
STU-11345,-1.0,-1.3092337917485268,0.0,-1.3778920308483296,-1.246993127147767,1.0727272727272728,-0.6540011514104779,0.0,1.0,2.27
STU-12287,-1.0,-1.0499017681728882,-1.3051224944320723,-1.1105398457583546,-0.47207903780068794,-0.8484848484848485,0.16119746689694883,1.0,0.0,2.35
STU-11454,-1.0,0.8094302554027504,0.0,-0.30848329048843254,0.2757731958762889,-0.33333333333333315,-0.6770293609671849,0.0,3.0,4.67
STU-11843,-0.2,0.6601178781925344,0.9988007538118888,0.791773778920308,0.5270618556701032,0.21818181818181778,0.14277489925158324,1.0,3.0,5.45
STU-13106,-1.0,1.7587426326129671,0.5115641596710632,1.3059125964010276,0.4961340206185569,-0.44848484848484854,-0.04605641911341398,0.0,0.0,6.92
STU-11582,0.4,1.2542239685658156,0.6897378790474546,1.3059125964010276,0.0,0.6121212121212113,0.6102475532527346,0.0,4.0,5.84
STU-10034,0.4,-0.5548133595284872,0.9988007538118888,-0.44215938303341956,-0.05111683848797244,-0.0909090909090911,-0.6931491076568798,0.0,4.0,3.97
STU-11933,-1.0,-0.938310412573674,-1.0748672263148888,-0.7814910025706947,-0.6215635738831619,-1.0727272727272728,0.02533103051237774,0.0,2.0,2.87
STU-13948,0.6,0.0,0.42384786705499317,0.17480719794344463,-0.8612542955326464,-0.7696969696969698,0.0069084628670121485,0.0,4.0,4.23
STU-10065,0.2,1.4271119842829076,0.3395579921192382,0.9151670951156807,0.0,0.21818181818181778,0.15198618307426603,0.0,1.0,5.89
STU-14980,0.2,-0.46994106090373294,-0.31146136714065553,-1.264781491002571,-1.001288659793815,0.345454545454545,-0.4075993091537133,0.0,2.0,3.03
STU-13688,0.4,-1.6094302554027509,-0.4519444920335798,-0.16452442159383046,-1.5189003436426127,0.31515151515151485,1.7225100748416813,0.0,1.0,3.12
STU-12394,-0.8,0.6098231827111986,0.012677745417165534,0.17480719794344463,0.5270618556701032,0.3393939393939391,0.38917674150834786,0.0,4.0,5.56
STU-10908,0.4,-0.011001964636542285,0.22785677574096203,0.0,0.5270618556701032,1.151515151515151,0.11053540587219356,0.0,3.0,5.38
STU-11363,-0.4,0.10216110019646372,0.1209525441151267,-0.5552699228791773,0.0,-1.1272727272727272,2.04951065054692,0.0,1.0,3.65
STU-14156,2.1,-1.4664047151277015,-0.9432927873907839,-0.3393316195372751,0.0,0.16363636363636333,0.33390903857225107,0.0,4.0,2.25
STU-12884,0.8,-0.14459724950884087,-1.5607332533835883,0.08226221079691431,-1.3921821305841935,0.5272727272727272,2.1565918249856075,1.0,3.0,3.23
STU-10783,-1.0,-0.8298624754420434,-1.2633201987322265,-0.46272493573264795,-0.7401202749140899,-0.7939393939393941,1.2135866436384575,0.0,4.0,3.35
STU-12409,0.4,-0.07701375245579573,0.0,0.02056555269922835,-1.2396907216494855,-1.3696969696969699,0.26021876799078875,0.0,1.0,2.26
STU-12005,0.4,-0.7418467583497054,-0.9343841014219636,-2.0359897172236505,-0.7057560137457052,-0.4727272727272728,-0.5158318940702361,0.0,3.0,2.38
STU-11152,-0.2,0.2341846758349706,-0.6904231625835201,0.26735218508997405,-0.1417525773195876,-0.6727272727272727,-1.1514104778353484,0.0,2.0,3.57
STU-10635,-0.4,0.4385068762278978,0.9103991776597554,0.8226221079691514,0.0,0.7878787878787876,-0.0990213010938399,0.0,4.0,4.99
STU-14176,-0.8,-1.7288801571709236,-0.8514647935583355,-0.4113110539845761,-1.2482817869415817,-0.3212121212121213,0.987910189982729,0.0,4.0,2.47
STU-14003,0.4,-1.3469548133595288,0.3724516018502647,-0.20565552699228806,-0.9286941580756021,-0.6242424242424243,-0.2026482440990213,0.0,3.0,2.31
STU-13534,1.6,-0.2420432220039292,0.3751927359945173,-0.5758354755784066,0.44888316151202784,0.012121212121211861,-1.093839953943581,0.0,3.0,4.59
STU-12160,-0.2,0.545383104125737,0.9988007538118888,0.863753213367609,0.5270618556701032,0.9272727272727272,-0.17501439263097293,1.0,1.0,5.03
STU-13765,0.6,-0.33948919449901777,-0.2086688367311986,0.0,-1.033505154639176,1.636363636363636,-0.5641911341393206,0.0,4.0,3.25
STU-12131,-0.6,-0.532809430255403,0.9988007538118888,1.0796915167095111,0.4669243986254294,1.3272727272727272,-0.9326424870466322,1.0,0.0,5.26
STU-10217,1.4,-0.8817288801571711,0.13876991605276623,0.05141388174807179,-0.9291237113402071,-0.33939393939393964,1.0086355785837653,0.0,3.0,2.63
STU-10565,0.8,-0.5768172888015718,-0.07777968134315608,-0.740359897172237,-0.6361683848797255,1.042424242424242,0.911917098445596,0.0,1.0,3.21
STU-11385,1.4,0.755992141453831,0.0668151447661466,-0.5449871465295631,0.5270618556701032,-0.09696969696969704,0.07829591249280367,0.0,3.0,4.65
STU-12297,0.0,0.7261296660117881,0.34366969333561664,1.3059125964010276,-0.3926116838487975,-0.07878787878787871,0.0,0.0,3.0,4.73
STU-11158,0.2,0.0,0.5060818913825589,-0.9562982005141393,0.25300687285223383,0.22424242424242427,0.13356361542890044,0.0,2.0,3.22
STU-13934,0.0,-0.011001964636542285,-0.2854205927702591,0.26735218508997405,-1.3243127147766334,0.5696969696969693,-1.0040299366724237,0.0,1.0,3.7
STU-10624,-0.8,-0.0738703339882123,-0.4444063731368863,-0.596401028277635,-0.2981099656357389,0.5030303030303029,0.04375359815774333,0.0,4.0,3.75
STU-13311,-0.2,-0.7874263261296661,0.2922734281308882,0.8431876606683797,-0.3200171821305845,-0.7272727272727272,0.918825561312608,1.0,0.0,4.5
STU-13341,0.2,0.2451866404715129,-0.06818571183827339,-0.5141388174807198,0.5270618556701032,-0.5515151515151515,0.7299942429476112,0.0,1.0,4.61
STU-13729,0.6,-1.7288801571709236,-1.3071783450402614,-1.6246786632390744,-1.2362542955326468,0.8909090909090905,-1.0754173862982155,1.0,4.0,2.69
STU-13131,0.4,-0.35520628683693517,-0.7555250985095087,-0.20565552699228806,-0.5730240549828184,0.36969696969696925,0.30166954519286143,0.0,1.0,2.72
STU-11789,-0.6,0.8848722986247544,0.6020215864313847,0.6683804627249351,0.5270618556701032,1.0606060606060599,-0.45365572826712725,0.0,2.0,5.37
STU-12361,0.6,-1.032612966601179,-0.3080349494603395,0.6478149100257068,-0.5867697594501726,-1.6181818181818177,0.7392055267702937,0.0,2.0,4.08
STU-11897,0.0,-0.3913555992141455,-0.9391810861744054,-0.4935732647814914,-0.2573024054982823,-0.7696969696969698,1.4162348877374784,0.0,4.0,3.29
STU-11434,0.0,0.8392927308447938,0.3464108274798693,0.0,0.5270618556701032,0.3272727272727272,0.11974668969487635,0.0,3.0,4.65
STU-14823,-0.2,0.24361493123772118,-0.37245160185026666,-0.6992287917737794,0.2667525773195875,1.242424242424242,-0.508923431203224,0.0,3.0,4.58
STU-11611,1.2,0.16345776031434173,-0.5944834675346932,0.5758354755784056,-0.21391752577319617,-0.29696969696969705,-0.6125503742084053,0.0,4.0,4.14
STU-12424,1.0,0.4243614931237721,-0.3546342299126271,-0.3496143958868902,0.5270618556701032,1.0121212121212113,0.5020149683362121,0.0,4.0,4.94
STU-14674,-1.0,-0.13045186640471515,-0.6952201473359609,0.4010282776349611,0.08505154639175219,-0.07272727272727278,-0.06678180771445022,0.0,0.0,4.26
STU-14766,0.0,-0.13516699410609032,-0.9405516532465312,-0.8843187660668382,0.028350515463917394,-0.4424242424242426,0.35233160621761667,0.0,4.0,3.44
STU-12493,-0.6,-0.6742632612966603,-0.3888984067157794,-0.09254498714653031,0.12542955326460495,0.7090909090909083,0.048359240069084625,1.0,3.0,3.67
STU-13977,1.8,0.6978388998035366,0.717149220489977,0.12339331619537193,0.5270618556701032,-0.4363636363636367,-0.881980426021877,0.0,3.0,4.01
STU-11102,-0.6,0.10058939096267201,-0.07572383073496783,0.34961439588688925,-0.4364261168384887,-0.11515151515151537,0.2026482440990213,0.0,2.0,3.76
STU-13118,0.0,1.0436149312377212,0.3525783793044359,0.02056555269922835,0.5270618556701032,0.7818181818181816,0.20725388601036282,0.0,4.0,4.73
STU-13174,0.4,-0.32848722986247547,0.32037005310947286,0.5964010282776341,-0.6885738831615125,0.7272727272727272,1.390903857225101,0.0,3.0,4.19
STU-14880,1.0,0.3096267190569746,-0.29090286105876334,-0.60668380462725,0.5270618556701032,-0.34545454545454557,0.2579159470351181,0.0,4.0,4.14
STU-10856,0.4,1.6440078585461693,0.04694192222031784,1.3059125964010276,0.5270618556701032,-0.9212121212121213,0.3868739205526772,1.0,4.0,6.08
STU-11526,0.4,-0.7166994106090374,-1.1536748329621385,-0.8123393316195372,-0.33333333333333376,-0.38787878787878816,-0.7461139896373058,1.0,0.0,2.63
STU-11049,0.6,-1.1614931237721022,-1.0488264519444923,-1.0899742930591263,-1.2899484536082482,0.11515151515151482,-0.5135290731145654,0.0,4.0,2.38
STU-10568,-0.4,0.7104125736738703,0.22443035806064698,-0.44215938303341956,0.5270618556701032,-0.11515151515151537,-0.280944156591825,1.0,4.0,4.76
STU-14091,1.8,-0.2640471512770137,-0.27102963851293554,-0.15424164524421627,-0.5184707903780075,-0.6787878787878787,0.23488773747841118,0.0,2.0,3.61
STU-10308,0.2,-0.726129666011788,-1.4469761863971222,0.08226221079691431,-1.0094501718213065,0.0,0.7138744962579162,1.0,1.0,2.52
STU-13362,-0.8,1.5135559921414539,0.9988007538118888,1.3059125964010276,0.5270618556701032,0.4545454545454545,-0.5250431778929189,1.0,3.0,5.79
STU-14376,0.2,0.011001964636542285,0.4567414767860196,-1.5938303341902318,0.3457903780068729,-0.2848484848484852,-0.1980426021876798,0.0,4.0,3.77
STU-13455,-1.0,-0.26876227897838917,-0.7520986808291936,-0.740359897172237,0.2727663230240549,0.9212121212121213,1.248128957973518,0.0,1.0,3.66
STU-14165,0.4,-0.4180746561886052,0.7548398149734443,0.45244215938303284,0.37628865979381426,0.2787878787878787,0.9280368451352909,1.0,4.0,4.63
STU-10069,-0.2,0.908447937131631,0.25458283364742085,0.030848329048842524,0.12714776632302385,-0.13939393939393963,-0.729994242947611,1.0,2.0,4.6
STU-11450,-1.0,0.3489194499017683,0.5156758608874416,-0.802056555269923,-0.29896907216494895,-0.2909090909090911,2.1565918249856075,0.0,2.0,4.15
STU-14728,-0.2,-0.0738703339882123,-0.9241048483810185,-1.4601542416452449,-0.05455326460481147,0.27272727272727276,1.2020725388601037,0.0,3.0,2.95
STU-13008,0.4,-0.1335952848722986,0.0,-0.3804627249357327,-1.0090206185567019,-0.7393939393939396,-0.6954519286125505,0.0,1.0,3.73
STU-14026,0.6,-0.6962671905697446,0.7116669522014727,-0.7506426735218512,-0.5966494845360828,0.0,0.0,0.0,1.0,3.78
STU-14248,-0.4,-0.5438113948919452,-0.20524241905088259,-0.09254498714653031,-0.2113402061855672,0.0,-0.1980426021876798,0.0,4.0,3.77
STU-11655,-0.4,0.27662082514734776,-1.8382730854891216,0.12339331619537193,0.08419243986254274,-0.38787878787878816,-0.4835924006908463,0.0,4.0,3.59
STU-14706,0.0,0.5893909626719058,-0.00719547712866323,0.8431876606683797,0.5270618556701032,0.0,0.0,1.0,4.0,5.1
STU-14470,0.6,-0.3567779960707269,-0.7719719033750224,-0.4524421593830338,-0.38702749140893516,0.4787878787878787,-0.1174438687392055,0.0,0.0,3.14
STU-13102,-0.4,0.3897838899803538,0.5060818913825589,0.2776349614395882,0.2491408934707904,0.8363636363636361,-0.7461139896373058,0.0,1.0,4.23
STU-12229,1.0,0.4510805500982318,0.33476100736679737,0.24678663239074478,-0.5704467353951894,0.642424242424242,0.40299366724237196,0.0,4.0,4.79
STU-11023,0.8,-1.5088408644400788,-0.6280623608017821,1.192802056555269,-0.885309278350516,1.5030303030303025,-0.4766839378238342,1.0,4.0,4.16
STU-13374,-0.4,-0.8110019646365424,-0.9199931471646401,-0.6580976863753218,-0.5678694158075605,0.1212121212121213,0.12435233160621764,0.0,3.0,3.19
STU-10327,-0.8,0.1477406679764243,0.0,-0.6580976863753218,-0.37285223367697645,0.06060606060606038,0.6424870466321244,1.0,4.0,2.49
STU-11780,1.6,-0.8911591355599215,-0.4519444920335798,0.08226221079691431,-0.5296391752577322,0.03636363636363612,2.054116292458262,0.0,4.0,4.27
STU-14133,-0.4,0.5060903732809432,0.9988007538118888,-0.8946015424164524,0.44329896907216493,-0.40606060606060596,0.26482440990213024,0.0,1.0,4.64
STU-14131,-0.4,0.15717092337917488,0.0,-0.2776349614395891,-0.4531786941580757,-0.20606060606060592,-0.49280368451352907,0.0,4.0,3.99
STU-10064,-0.6,-0.8031434184675836,-0.49580263834161475,-1.0591259640102828,-0.2955326460481105,-1.212121212121212,0.20955670696603346,0.0,4.0,2.94
STU-12418,-0.2,-0.36149312377210235,-1.0474558848723665,-0.46272493573264795,0.01975945017182105,-0.46666666666666684,-0.9142199194012667,0.0,4.0,2.95
STU-12987,0.8,0.24361493123772118,0.0,-0.31876606683804676,0.5270618556701032,-0.9575757575757574,0.22797927461139905,0.0,4.0,4.53
STU-12177,0.8,-0.07229862475442057,-0.7945862600651028,0.8020565552699221,0.5270618556701032,-0.14545454545454556,0.8888888888888891,1.0,2.0,4.83
STU-13414,-0.8,-0.6035363457760315,0.5478841870824046,0.09254498714652941,-0.6116838487972516,1.2787878787878788,-0.29706390328151994,0.0,1.0,3.76
STU-12498,-1.0,0.11787819253438116,0.9988007538118888,0.4215938303341894,-0.0614261168384883,-0.11515151515151537,0.23258491652274035,0.0,2.0,4.86
STU-11905,0.6,1.1929273084479373,0.4711324310433432,1.3059125964010276,0.4501718213058417,0.8545454545454539,0.5734024179620034,0.0,0.0,6.9
STU-12605,-1.0,0.014145383104125716,0.4752441322597216,1.3059125964010276,-0.16280068728522373,-0.11515151515151537,-0.5066206102475532,0.0,4.0,5.3
STU-14837,-0.6,0.3677799607072692,-0.6595854034606827,0.0,-0.20446735395189036,-0.25454545454545446,1.3264248704663215,0.0,4.0,3.96
STU-11797,1.2,0.42593320235756404,0.16481069042316168,-0.16452442159383046,-0.41108247422680466,-0.7454545454545456,0.0,1.0,3.0,4.46
STU-13247,0.8,1.3375245579567785,0.9988007538118888,0.7095115681233927,0.25773195876288674,0.7999999999999995,0.0,0.0,3.0,4.96
STU-12548,0.2,-0.5563850687622789,0.7363371594997423,0.10282776349614357,-0.34836769759450187,0.18181818181818168,-0.24870466321243528,0.0,4.0,4.15
STU-13646,0.2,0.08330058939096259,0.560219290731539,1.3059125964010276,0.17096219931271445,0.1878787878787876,0.0,1.0,4.0,5.03
STU-12194,0.8,-0.22946954813359546,-1.0467706013363032,-0.7095115681233937,-0.8535223367697601,-0.23636363636363666,-1.0132412204951067,1.0,1.0,3.04
STU-10548,2.1,0.8408644400785859,0.9419222203186561,1.3059125964010276,0.46778350515463946,0.448484848484848,-0.6010362694300518,1.0,1.0,5.58
STU-12619,1.0,-0.27819253438113944,-0.47455884872366016,-0.9357326478149101,0.0,0.03636363636363612,-0.4697754749568222,0.0,0.0,4.2
STU-12621,1.2,0.594106090373281,0.7877334247044707,1.00771208226221,0.1817010309278347,0.3090909090909089,0.11514104778353484,0.0,2.0,4.49
STU-12431,-0.6,-0.15559921414538316,0.40054822682884933,0.12339331619537193,0.5270618556701032,0.31515151515151485,-0.10592976396085205,0.0,4.0,4.22
STU-14582,-1.0,0.5265225933202358,0.0,-0.8946015424164524,0.5270618556701032,0.5090909090909089,0.8819804260218771,0.0,2.0,4.08
STU-10913,-0.2,-0.7701375245579569,-0.5314373822168929,0.3393316195372742,-1.1310137457044682,1.6969696969696966,0.0069084628670121485,1.0,2.0,3.39
STU-12555,0.0,0.20746561886051088,-1.0323796470789797,-0.20565552699228806,-0.4514604810996568,-0.23636363636363666,-0.7875647668393784,1.0,2.0,3.9
STU-13014,0.2,-0.7544204322200394,0.0880589343841002,0.6992287917737785,0.22637457044673534,-1.2242424242424244,-0.11514104778353484,0.0,2.0,4.74
STU-14908,0.0,0.9933202357563853,0.6164125406887092,-0.2365038560411315,0.5270618556701032,-0.9454545454545455,-0.6954519286125505,0.0,2.0,5.16
STU-12527,0.0,0.1477406679764243,-0.9994860373479532,-0.4215938303341903,0.5270618556701032,-0.4424242424242426,-0.7760506620610248,0.0,2.0,3.95
STU-14886,1.6,-0.17917485265225946,0.6616412540688701,0.0,0.5270618556701032,0.7575757575757569,1.5336787564766845,0.0,3.0,5.34
STU-12223,-0.8,0.8000000000000002,0.9988007538118888,0.30848329048843165,0.5270618556701032,-0.22424242424242427,0.8635578583765116,0.0,4.0,4.78
STU-10319,0.6,0.2907662082514735,0.0,-0.5758354755784066,-0.01975945017182166,0.24848484848484853,-0.5664939550949915,1.0,3.0,3.92
STU-12496,-0.2,-0.2970530451866406,-0.30597909885215124,-0.5861182519280208,-0.4072164948453612,1.2727272727272727,-0.45826137017846863,0.0,0.0,3.94
STU-14806,-0.4,1.038899803536346,-0.438924104848382,0.5141388174807198,0.5270618556701032,0.5030303030303029,-0.3822682786413357,0.0,0.0,5.41
STU-12718,0.6,0.28447937131630663,0.8912112386499911,0.5038560411311046,0.2757731958762889,0.9939393939393936,-0.3891767415083477,0.0,4.0,5.54
STU-14983,0.2,0.7324165029469549,-0.5355490834332713,0.9768637532133667,0.18728522336769768,0.04242424242424205,-0.630972941853771,1.0,4.0,5.06
STU-14716,1.0,-0.8031434184675836,-0.49717320541374055,-0.473007712082263,-0.2723367697594505,0.17575757575757575,0.5342544617156015,0.0,3.0,2.89
STU-11588,0.0,0.6774066797642435,0.9816686654103126,0.7712082262210795,-0.3028350515463918,0.7030303030303025,-0.6194588370754175,0.0,1.0,4.75
STU-12612,0.0,0.13045186640471515,0.9988007538118888,-0.15424164524421627,0.5270618556701032,-0.2787878787878787,0.27633851468048365,0.0,3.0,5.2
STU-14727,0.4,1.387819253438114,0.18194277882473783,0.6683804627249351,0.0,0.7696969696969698,-0.8451352907311458,0.0,4.0,6.26
STU-14001,1.0,0.7308447937131629,-0.4916909371252363,-0.2365038560411315,0.5270618556701032,0.23030303030303018,0.4928036845135293,0.0,4.0,4.38
STU-13556,0.4,0.3080550098231829,-0.6684940894295021,-0.010282776349615089,-0.3294673539518903,0.29090909090909056,1.1744386873920556,0.0,4.0,3.62
STU-13309,2.0,0.8785854616895875,0.9110844611958189,1.3059125964010276,0.5270618556701032,0.6242424242424243,0.0,0.0,2.0,4.32
STU-14544,1.4,-0.02200392927308457,-1.4044886071612133,-1.0282776349614395,0.05197594501718189,0.29090909090909056,1.282671272308578,0.0,0.0,3.74
STU-13939,0.0,-1.5418467583497057,-1.3078636285763239,-1.264781491002571,-0.6447594501718219,-0.04848484848484852,1.6188831318365,0.0,2.0,2.45
STU-14683,-1.0,-0.07229862475442057,-0.9419222203186571,-0.4113110539845761,0.3625429553264606,-0.9333333333333331,-0.7046632124352332,0.0,2.0,3.88
STU-12108,-1.0,-0.2813359528487229,-0.6506767174918625,-0.35989717223650436,-1.0957903780068736,0.4363636363636361,-0.9625791594703512,0.0,0.0,4.52
STU-14635,-0.8,0.0,0.9988007538118888,-0.2776349614395891,0.5270618556701032,0.6121212121212113,0.9948186528497409,0.0,3.0,4.28
STU-12098,-1.0,0.44479371316306493,-0.49648792187767715,0.6992287917737785,-0.17912371134020635,-0.4303030303030302,-0.6056419113413932,1.0,4.0,3.22
STU-12295,-0.2,0.26876227897838917,0.9988007538118888,0.791773778920308,0.28608247422680416,0.5878787878787876,-0.1174438687392055,1.0,4.0,5.58
STU-13176,0.0,-0.32848722986247547,0.9926332019873212,-0.041131105398457615,-0.08204467353951941,0.951515151515151,0.3983880253310307,1.0,4.0,4.5
STU-10321,1.0,-0.4180746561886052,0.3532636628404993,-0.06169665809768688,0.5270618556701032,-0.5878787878787881,-0.8036845135290732,0.0,4.0,3.86
STU-13210,-0.2,-0.5343811394891946,-0.13191708069213715,-0.8431876606683806,0.38702749140893455,0.4363636363636361,-0.05526770293609678,0.0,2.0,4.17
STU-14637,-0.6,0.28447937131630663,0.19701901661812476,-0.1439588688946021,-0.10051546391752597,0.0,0.5549798503166382,0.0,3.0,3.84
STU-13250,0.8,-1.1489194499017683,-0.5821483638855579,0.29820051413881654,-1.1353092783505163,0.36363636363636337,-0.02763385146804839,0.0,3.0,3.0
STU-12081,-0.2,0.6412573673870332,0.3032379647078967,-0.12339331619537285,0.0,1.1090909090909085,0.07829591249280367,0.0,2.0,4.91
STU-12300,0.2,-0.8660117878192536,-0.7925304094569136,-0.1953727506426739,-0.5635738831615126,-0.10303030303030296,-0.02763385146804839,0.0,3.0,3.35
STU-13441,1.2,-0.07544204322200401,-0.21483638855576528,0.6889460154241643,-0.16280068728522373,-0.48484848484848464,1.1859527921704087,1.0,0.0,5.31
STU-14529,0.0,-0.51237721021611,-0.5088230255268125,-0.31876606683804676,-0.7293814432989697,-1.103030303030303,0.0,1.0,3.0,3.13
STU-11808,0.2,-0.7669941060903734,0.5794072297413043,0.4730077120822621,-0.7787800687285232,-0.42424242424242425,0.478986758779505,1.0,3.0,4.08
STU-14714,1.0,0.037721021611002006,0.9988007538118888,1.1002570694087397,-0.09364261168384914,0.0,0.28324697754749584,1.0,3.0,4.9
STU-11268,2.0,-0.7669941060903734,-0.047627205756382206,-1.1413881748071981,0.2693298969072165,0.8363636363636361,0.11514104778353484,1.0,4.0,3.71
STU-13953,-0.8,0.0,-0.9069727599794424,-1.676092544987147,-1.7195017182130594,0.0,0.12435233160621764,0.0,0.0,2.25
STU-10950,1.6,-0.8502946954813361,-1.825252698303924,-0.0514138817480727,-1.0317869415807568,0.5757575757575757,1.2112838226827867,1.0,4.0,3.99
STU-12366,0.2,-0.6098231827111986,-1.029638512934727,-0.8946015424164524,-0.009450171821305798,-0.5272727272727272,-0.9763960852043756,0.0,3.0,2.91
STU-13689,-0.6,-0.45893909626719065,-0.5944834675346932,-1.6143958868894601,-0.11640893470790419,0.6666666666666669,0.8382268278641336,0.0,3.0,2.61
STU-11537,0.2,-0.40235756385068777,-0.457426760322084,-0.5861182519280208,-0.018470790378007175,-0.4,0.0,1.0,2.0,3.37
STU-12702,-0.4,0.3300589390962672,0.9988007538118888,0.2570694087403599,0.5270618556701032,0.5151515151515148,-0.10592976396085205,0.0,3.0,5.56
STU-12736,-0.4,0.059724950884086574,-0.21620695562789208,0.030848329048842524,0.38359106529209613,0.20606060606060592,1.7432354634427174,1.0,3.0,4.44
STU-12749,-0.4,0.4919449901768175,0.09354120267260543,0.30848329048843165,0.27663230240549835,-0.34545454545454557,-0.5204375359815775,1.0,3.0,4.47
STU-14036,1.4,0.10530451866404716,-0.9871509336988189,-0.13367609254498794,-0.7478522336769768,0.7090909090909083,-0.3822682786413357,0.0,1.0,2.83
STU-10001,0.8,-0.02671905697445972,0.07846496487921753,0.4832904884318763,-0.4682130584192445,1.0666666666666658,-0.24179620034542315,0.0,3.0,5.13
STU-11347,-0.4,-1.3312377210216113,-0.5095083090628758,-1.1825192802056557,-0.12886597938144337,-0.27272727272727276,-0.5872193436960277,0.0,4.0,2.88
STU-14742,-0.4,0.0,-1.5833476100736685,-0.8740359897172241,-1.286082474226805,-1.2060606060606058,1.0109383995394359,0.0,1.0,2.83
STU-14455,-0.8,-0.4306483300589392,-0.7082405345211586,0.24678663239074478,0.003436426116838417,1.254545454545454,-0.04605641911341398,1.0,4.0,4.21
STU-14487,-1.0,0.43379174852652264,-0.5588487236594151,0.2776349614395882,-0.38487972508591123,-0.6303030303030301,0.9533678756476685,0.0,4.0,3.24
STU-10145,-0.4,0.0,-0.712352235737537,-0.6889460154241652,-1.3603951890034374,-0.4787878787878787,-0.1128382268278642,0.0,0.0,3.4
STU-14309,-1.0,0.29233791748526516,0.916566729484323,-0.2467866323907457,0.5171821305841924,0.5636363636363634,0.6747265400115143,0.0,3.0,4.84
STU-12580,0.2,0.2467583497053046,-1.5353777625492553,-0.9357326478149101,-1.2100515463917534,0.0,0.041450777202072686,0.0,2.0,2.45
STU-11085,0.0,0.5233791748526524,0.4862086688367301,0.7609254498714645,0.3947594501718214,-1.0303030303030303,0.08981001727115731,0.0,4.0,5.57
STU-11922,-0.4,0.4903732809430255,0.7054994003769051,-0.3290488431876609,-0.13659793814433027,0.0,-0.9050086355785838,0.0,4.0,4.45
STU-12689,0.6,-0.9776031434184677,0.0,0.49357326478149044,-0.5541237113402068,0.448484848484848,-0.9165227403569373,0.0,4.0,3.19
STU-10209,0.4,-1.2290766208251476,-0.9076580435155048,-1.4807197943444732,-1.1576460481099664,-1.0363636363636362,-0.4122049510650548,0.0,2.0,2.17
STU-13789,0.8,0.6554027504911595,-0.2586945348638003,-0.40102827763496196,0.4067869415807562,-0.8545454545454545,-0.8082901554404146,0.0,1.0,4.31
STU-13983,1.0,-0.5909626719056975,0.9988007538118888,0.49357326478149044,0.22981099656357376,0.3090909090909089,-0.9717904432930341,0.0,4.0,4.73
STU-12729,-0.2,-1.131630648330059,-1.0591057049854384,-2.0822622107969164,0.3801546391752577,1.4969696969696964,0.0,0.0,1.0,2.89
STU-10283,-0.2,-0.6051080550098232,0.9049169093712512,-0.2365038560411315,-0.3402061855670106,0.25454545454545446,0.8612550374208405,0.0,2.0,3.9
STU-10287,1.8,-0.3819253438113949,0.0,-0.2467866323907457,0.3423539518900345,-0.3696969696969698,0.013816925734024297,0.0,4.0,2.7
STU-12705,0.2,0.42278978388998034,-0.6849408942950148,0.05141388174807179,-0.2615979381443302,1.842424242424242,1.3471502590673579,0.0,2.0,3.22
STU-14223,0.2,-0.12573673870334,-0.6821997601507632,1.3059125964010276,0.0,-0.7939393939393941,0.9579735175590102,1.0,2.0,3.75
STU-12483,0.4,-1.2117878192534384,-0.42933013534349934,0.3393316195372742,-0.1198453608247426,0.5818181818181817,0.7668393782383423,1.0,4.0,3.89
STU-10530,0.6,1.4129666011787818,0.9988007538118888,1.2339331619537266,0.4836769759450171,-1.0060606060606059,-0.14507772020725387,1.0,2.0,6.52
STU-13254,1.4,-1.0671905697445974,-0.33750214151105096,-0.31876606683804676,-0.9458762886597948,0.3393939393939391,-0.6793321819228555,0.0,1.0,2.16
STU-14250,-0.6,-0.05815324165029458,0.39643652561247095,0.4318766066838045,0.3140034364261171,0.21818181818181778,-0.6816350028785263,1.0,2.0,4.83
STU-14739,-0.8,2.124165029469548,-0.8082919307863639,0.0,0.09965635738831591,-0.04848484848484852,-0.4997121473805412,1.0,1.0,4.52
STU-10348,2.0,-0.3834970530451866,-1.1947918451259218,-0.7506426735218512,-0.06743986254295568,-0.49090909090909113,-0.9740932642487047,0.0,2.0,3.03
STU-12519,0.6,0.1210216110019646,0.01610416309748057,1.3059125964010276,0.07774914089347093,0.0,0.5503742084052965,0.0,2.0,5.44
STU-14202,0.2,-0.050294695481336006,0.22785677574096203,0.30848329048843165,-0.41709621993127205,-1.096969696969697,-0.5618883131836501,1.0,4.0,4.7
STU-11928,1.2,-0.06601178781925343,-0.49785848894980395,-0.07197943444730105,-0.07946735395189045,0.23030303030303018,-0.356937248128958,0.0,3.0,3.54
STU-10309,0.6,-0.8000000000000002,-0.5026554737022448,-0.6272493573264784,-0.3247422680412374,-0.33333333333333315,-0.5480713874496258,0.0,2.0,3.47
STU-12328,1.0,-0.9398821218074659,-0.9659071440808643,-0.8431876606683806,-1.1095360824742277,-0.6484848484848486,1.899827288428325,1.0,4.0,3.15
STU-12719,0.8,0.06286836935167,0.2991262634915192,-0.3804627249357327,0.5270618556701032,-0.3515151515151515,0.0,0.0,0.0,4.68
STU-10136,-0.2,0.3803536345776032,0.01473359602535475,1.00771208226221,0.5270618556701032,-1.133333333333333,-0.048359240069084625,0.0,1.0,5.6
STU-14303,-1.0,0.44950884086444004,0.9480897721432238,-0.9871465295629828,0.5270618556701032,1.0363636363636362,-0.5158318940702361,0.0,3.0,3.94
STU-12511,-0.8,-0.4809430255402752,-0.13808463251670478,-0.9562982005141393,0.09965635738831591,0.9999999999999994,0.6240644789867589,0.0,4.0,3.51
STU-11915,1.0,-0.023575638506876287,0.9988007538118888,-0.3907455012853478,0.0,0.951515151515151,-0.2832469775474956,0.0,0.0,4.93
STU-12958,-0.6,1.1740667976424362,0.052424190508822084,0.0,0.053694158075601406,-1.4545454545454544,-0.8750719631548648,1.0,4.0,4.44
STU-11764,2.0,0.5233791748526524,-0.21552167209182868,1.2133676092544983,0.29166666666666646,-0.2787878787878787,-0.45365572826712725,1.0,3.0,5.11
STU-12279,0.2,-0.6271119842829078,-1.5045400034264185,0.5244215938303339,0.06185567010309272,0.2606060606060604,-0.2164651698330454,1.0,0.0,3.74
STU-11827,0.8,-0.5218074656188606,-1.1331163268802473,-1.1516709511568122,-0.567439862542956,0.07272727272727278,0.07138744962579172,0.0,0.0,2.92
STU-13460,0.2,-0.1100196463654223,0.774713037519273,0.9048843187660666,-0.248711340206186,-0.8242424242424242,0.38917674150834786,0.0,4.0,4.62
STU-11145,-0.2,0.2593320235756386,0.7287990406030488,1.192802056555269,0.513745704467354,-0.1333333333333337,0.7461139896373057,1.0,1.0,5.48
STU-12585,-0.4,-0.020432220039292858,0.16206955627891004,0.12339331619537193,-0.42955326460481125,0.0,0.9810017271157171,0.0,3.0,4.06
STU-12670,0.4,0.3944990176817289,0.78978927531266,0.6478149100257068,0.3754295532646048,1.5818181818181816,1.6833621185952794,1.0,1.0,5.39
STU-12085,-0.6,-0.29233791748526516,-0.9960596196676381,-0.30848329048843254,-0.033075601374570905,0.648484848484848,-0.16580310880829013,0.0,1.0,3.53
STU-12640,1.0,0.46051080550098233,0.636285763234537,0.24678663239074478,0.1975945017182129,0.5636363636363634,1.2204951065054694,0.0,2.0,5.34
STU-10505,-0.4,-0.06286836935167,-0.5711838273085494,0.21593830334190225,-0.3230240549828185,-0.44848484848484854,-0.17962003454231443,1.0,4.0,4.93
STU-12970,-0.2,-0.23732809430255403,0.2724002055850604,0.4010282776349611,0.11941580756013757,0.27272727272727276,0.7737478411053542,0.0,2.0,4.19
STU-12826,-1.0,-0.9964636542239688,0.5389755011135854,-0.9151670951156817,0.515893470790378,0.41818181818181777,0.06447898675877957,0.0,1.0,3.62
STU-12627,0.8,0.15559921414538316,0.869282165495973,-0.8843187660668382,0.5270618556701032,-0.042424242424242586,0.9326424870466322,1.0,2.0,3.75
STU-10237,-1.0,0.275049115913556,-0.5170464279595693,0.9048843187660666,0.5098797250859105,0.0,-0.5020149683362118,1.0,0.0,4.59
STU-10467,0.2,-0.4542239685658155,0.3608017817371928,1.3059125964010276,-0.11426116838488025,0.10909090909090889,-0.47207829591249284,1.0,0.0,5.47
STU-14155,0.2,-0.15559921414538316,-0.4238478670549951,-0.8637532133676099,0.0,0.41818181818181777,2.1565918249856075,0.0,1.0,3.18
STU-13372,0.8,1.482121807465619,-0.2538975501113594,-0.13367609254498794,0.2598797250859107,-0.4787878787878787,-0.4052964881980426,0.0,4.0,4.86
STU-14440,0.4,-0.7056974459724953,-0.7534692479013194,-0.2570694087403599,0.5270618556701032,-2.0727272727272723,-0.7253886010362696,0.0,3.0,3.72
STU-10484,0.2,0.8015717092337921,0.8315915710125057,0.7197943444730068,0.17611683848797235,-0.8060606060606059,1.4553828439838803,0.0,1.0,5.01
STU-13766,0.8,1.8483300589390967,0.0880589343841002,0.32904884318766,0.5270618556701032,0.1515151515151515,0.7207829591249281,0.0,4.0,4.68
STU-12688,-0.2,0.583104125736739,-0.6712352235737546,-0.7095115681233937,0.5270618556701032,-0.8909090909090911,0.12895797351755914,0.0,1.0,3.94
STU-12513,0.2,0.18860510805500974,-0.6561589857803678,-0.4113110539845761,0.21176975945017162,1.242424242424242,0.1128382268278642,0.0,3.0,3.89
STU-13277,2.1,0.023575638506876287,0.5293815316087027,-0.10282776349614449,0.5270618556701032,0.07272727272727278,-0.8198042602187681,1.0,4.0,4.12
STU-14832,0.2,1.8734774066797648,0.12643481240363094,-0.2776349614395891,0.5270618556701032,-0.29696969696969705,0.9902130109383996,1.0,4.0,5.13
STU-13477,0.6,0.43379174852652264,0.5355490834332693,1.00771208226221,0.3505154639175258,0.10303030303030296,0.5365572826712726,0.0,1.0,5.02
STU-10248,-0.4,0.8078585461689589,0.2826794586260055,0.5861182519280198,-0.5751718213058423,-0.2424242424242426,-0.356937248128958,1.0,3.0,4.73
STU-12290,-1.0,0.0,0.9439780709268453,0.658097686375321,-0.3934707903780076,0.17575757575757575,-0.22337363270005756,1.0,2.0,4.41
STU-12565,0.8,-0.8345776031434186,-0.08052081548740869,-0.1953727506426739,-1.010738831615121,-0.11515151515151537,1.0984455958549226,0.0,3.0,3.14
STU-10868,-0.8,2.065225933202358,0.12780537947575774,-0.46272493573264795,0.5270618556701032,0.4969696969696965,-0.4075993091537133,1.0,1.0,5.01
STU-11547,0.6,0.4573673870333989,-0.1737193763919829,0.462724935732647,0.5270618556701032,0.7333333333333332,0.508923431203224,0.0,3.0,4.78
STU-10472,-0.4,-1.1567779960707272,-0.8713380161041643,0.21593830334190225,-0.7865120274914095,-0.2848484848484852,-0.9073114565342545,0.0,3.0,3.79
STU-13955,-1.0,-0.9713163064833007,-0.8480383758780204,-1.0385604113110545,-1.072594501718214,-0.696969696969697,-0.37305699481865295,1.0,0.0,2.52
STU-12516,0.0,0.8110019646365424,0.9988007538118888,0.7095115681233927,0.5270618556701032,-0.6606060606060604,-0.20495106505469196,0.0,2.0,4.59
STU-12599,-0.4,0.16188605108055001,0.0,-0.740359897172237,0.36082474226804107,1.0363636363636362,0.8221070811744386,0.0,2.0,4.05
STU-14055,-0.6,-0.7182711198428292,-2.0061675518245683,0.0,-0.8462199312714782,0.5090909090909089,0.2510074841681059,0.0,3.0,2.12
STU-11296,0.2,-0.2719056974459726,-0.05173890697276064,0.19537275064267298,0.2036082474226803,1.7030303030303025,1.2274035693724816,1.0,2.0,3.94
STU-13792,0.6,-0.2577603143418469,-0.9796128148021254,-0.9048843187660676,-0.16151202749140925,0.38181818181818167,1.4899251583189408,0.0,4.0,3.98
STU-14117,0.4,0.40392927308447946,0.318999486037347,-0.1953727506426739,0.5270618556701032,0.48484848484848464,-0.18192285549798506,0.0,3.0,7.695334957521515
STU-10186,-1.0,0.4620825147347741,0.41288333047798464,1.3059125964010276,0.12972508591065282,-0.19393939393939408,2.1565918249856075,1.0,0.0,5.32
STU-10823,0.2,-0.8895874263261299,-0.880931985609047,-0.6478149100257077,-0.7143470790378015,-0.7696969696969698,-0.7530224525043179,0.0,4.0,3.58
STU-13039,1.6,0.0738703339882123,0.9405516532465303,0.49357326478149044,0.5270618556701032,-0.006060606060606468,-0.7000575705238918,1.0,4.0,4.63
STU-12398,-1.0,-0.3929273084479372,-0.5177317114956318,-0.26735218508997494,-0.8651202749140898,2.048484848484848,1.0823258491652277,0.0,1.0,3.35
STU-12354,-0.6,0.17603143418467573,-0.5396607846496497,0.30848329048843165,0.044673539518900025,0.21818181818181778,0.6862406447898676,0.0,3.0,4.08
STU-11103,0.0,0.15088408644400803,-0.9083433270515682,-0.08226221079691523,0.0,0.0,0.07369027058146237,0.0,2.0,4.12
STU-12465,-0.2,-0.5768172888015718,-0.034606818571184486,-1.7172236503856046,-0.5489690721649488,1.163636363636363,2.1565918249856075,1.0,2.0,3.56
STU-12186,1.2,-0.6098231827111986,-0.9713894123693685,-0.3804627249357327,0.0,1.1757575757575758,0.478986758779505,0.0,4.0,2.83
STU-14600,-0.2,-0.6648330058939098,-0.6746616412540697,-0.8226221079691522,-0.08634020618556727,0.29090909090909056,-0.09671848013816925,0.0,3.0,3.62
STU-11601,-0.8,0.3096267190569746,0.13876991605276623,0.9357326478149092,0.17869415807560132,-0.8242424242424242,-0.32700057570523894,0.0,2.0,4.03
STU-13816,-1.0,0.028290766208251432,-0.47524413225972356,-0.4215938303341903,-0.6344501718213066,0.37575757575757573,-0.683937823834197,1.0,4.0,4.48
STU-11745,-1.0,-0.5548133595284872,0.6568442693164291,0.3393316195372742,0.4579037800687286,0.23030303030303018,0.8750719631548648,0.0,3.0,4.92
STU-14045,-0.2,-0.6019646365422398,0.6493061504197357,0.0411311053984567,-0.05970790378006879,0.19393939393939352,0.47207829591249284,0.0,3.0,4.48
STU-13950,0.0,0.044007858546168864,-0.6047627205756393,0.2776349614395882,0.5270618556701032,-1.3333333333333333,0.2671272308578009,0.0,1.0,3.74
STU-10704,1.6,0.7528487229862475,0.48072640054822585,0.09254498714652941,0.5270618556701032,0.0,0.14968336211859537,0.0,3.0,4.99
STU-11932,0.8,-1.5497053045186642,-0.24019187939009828,0.3393316195372742,-1.5549828178694167,0.0,-0.16119746689694883,1.0,0.0,2.45
STU-13863,-0.6,-0.45893909626719065,-0.7342813088915551,-0.2467866323907457,-0.8844501718213065,-0.03030303030303019,0.14738054116292473,0.0,0.0,3.63
STU-14209,-0.2,-0.5956777996070727,0.2148363885557643,-0.2776349614395891,-0.293384879725086,-0.24848484848484853,0.9027058146229134,0.0,3.0,3.31
STU-11229,-0.6,-1.1222003929273086,-0.9035463422991273,-1.3778920308483296,-0.4115120274914091,-0.6303030303030301,-0.3914795624640185,1.0,3.0,3.3
STU-12174,0.8,0.9131630648330058,0.12712009593969434,0.0411311053984567,0.5270618556701032,-0.07272727272727278,0.531951640759931,0.0,2.0,4.27
STU-13749,-1.0,0.3190569744597249,0.0777796813431551,0.5552699228791764,-0.14776632302405496,0.8121212121212114,-0.025331030512377537,1.0,4.0,4.43
STU-12563,0.4,0.1335952848722986,0.1908514647935571,-0.5038560411311055,0.43084192439862573,-0.37575757575757573,-0.3246977547495683,0.0,4.0,3.82
STU-12222,0.0,-0.4919449901768175,-0.18468391296899142,-0.12339331619537285,-0.6984536082474233,0.3090909090909089,0.09211283822682796,0.0,2.0,4.25
STU-14564,-0.2,-0.6836935166994107,0.08463251670378517,-1.1208226221079698,-0.06529209621993175,0.31515151515151485,-0.04605641911341398,0.0,4.0,4.03
STU-10017,-0.6,0.0,0.246359431214664,1.1002570694087397,-1.234106529209623,0.642424242424242,-0.5757052389176742,1.0,3.0,3.38
STU-10443,0.0,0.16502946954813374,0.6102449888641416,-0.2776349614395891,-0.15506872852233683,0.8424242424242421,1.6741508347725969,1.0,3.0,4.96
STU-14641,0.6,-0.22789783889980347,-0.880931985609047,-0.1439588688946021,-1.1829896907216504,0.739393939393939,-0.45826137017846863,0.0,4.0,3.05
STU-10356,-0.6,-1.139489194499018,0.0,0.0411311053984567,-0.08634020618556727,-0.49090909090909113,0.8888888888888891,1.0,2.0,3.53
STU-13212,2.1,-0.6176817288801573,-1.9253040945691287,-1.3881748071979438,-0.9798109965635745,0.4,0.7115716753022455,0.0,4.0,1.62
STU-11380,-0.6,0.1603143418467583,-0.7808805893438416,-0.17480719794344554,0.44544673539518886,1.2787878787878788,2.1565918249856075,0.0,4.0,3.92
STU-12556,-0.2,-0.2530451866404715,-0.10724687339386753,0.6169665809768633,-0.5283505154639176,-1.5090909090909088,0.013816925734024297,0.0,4.0,4.39
STU-11973,0.6,-0.8958742632612968,-0.2634915196162421,-0.8534704370179949,-0.6365979381443305,-0.24848484848484853,-0.5964306275187105,0.0,4.0,2.62
STU-10828,1.8,0.44793713163064836,0.9508309062874754,0.05141388174807179,0.5270618556701032,0.16969696969696926,0.5895221646516984,0.0,1.0,4.87
STU-13496,0.6,0.4903732809430255,0.541716635257837,0.8020565552699221,0.35567010309278374,-0.21818181818181834,0.17962003454231443,1.0,4.0,5.14
STU-12981,0.8,0.6286836935166995,0.6287476443378436,1.3059125964010276,0.5270618556701032,0.08484848484848463,-0.0069084628670121485,0.0,4.0,5.86
STU-13228,-0.6,-0.5611001964636544,-0.29158814459482674,-0.8637532133676099,-0.8303264604811,0.5757575757575757,0.4605641911341394,0.0,1.0,3.21
STU-11563,1.2,-0.5155206286836935,-0.0942264862086698,0.15424164524421538,-0.1812714776632303,0.3515151515151515,0.050662061024755276,0.0,3.0,4.63
STU-10736,0.8,0.9383104125736739,0.6123008394723308,0.0,-0.044243986254295604,1.2121212121212113,0.24640184225676465,0.0,3.0,5.6
STU-11741,-1.0,-0.14145383104125744,-0.8411855405173894,-0.6272493573264784,0.5270618556701032,0.41818181818181777,0.4421416234887738,0.0,3.0,3.13
STU-11515,0.0,-1.601571709233792,-0.4300154188795618,0.10282776349614357,-0.9475945017182137,0.09696969696969704,-0.9648819804260219,0.0,4.0,3.48
STU-10989,-1.0,0.5485265225933204,-0.3635429158814464,0.5141388174807198,0.36812714776632294,0.5575757575757574,-0.06217616580310872,1.0,4.0,4.78
STU-12806,-1.0,0.22789783889980347,-0.12437896179544368,0.07197943444730014,0.5270618556701032,-0.6545454545454544,-0.6954519286125505,0.0,1.0,3.63
STU-11037,-1.0,-0.8518664047151279,0.0,-0.20565552699228806,-1.7392611683848809,-1.3757575757575757,-0.1980426021876798,0.0,2.0,2.26
STU-12925,-1.0,1.4711198428290768,0.24910056535891661,0.6683804627249351,0.2083333333333332,0.745454545454545,-1.0385722510074842,0.0,4.0,5.68
STU-10027,-1.0,-0.8345776031434186,-0.7370224430358067,-0.7506426735218512,-0.42783505154639234,-0.38181818181818167,-0.42832469775474963,1.0,0.0,2.92
STU-14805,0.0,0.25461689587426317,0.26006510193592514,-0.4935732647814914,-0.0567010309278354,0.06060606060606038,1.1145653425446176,1.0,4.0,4.4
STU-11139,0.8,0.0,0.9988007538118888,1.00771208226221,0.5270618556701032,-0.6727272727272727,0.16810592976396097,1.0,4.0,5.53
STU-14733,1.2,0.48408644400785866,-1.1146136714065453,0.16452442159382955,0.2491408934707904,0.6787878787878787,0.6401842256764538,0.0,0.0,3.87
STU-12538,-0.4,-0.5862475442043223,-0.6356004796984756,0.6375321336760916,-0.044673539518900636,-0.18787878787878814,-0.07138744962579152,1.0,0.0,3.52
STU-11234,0.6,1.4239685658153243,-0.3573753640568797,-0.06169665809768688,0.5270618556701032,-0.38181818181818167,0.6632124352331606,0.0,3.0,4.47
STU-13325,-0.8,0.6098231827111986,0.0,0.9871465295629819,0.3384879725085911,0.8606060606060598,0.5826137017846864,1.0,0.0,6.22
STU-13430,1.4,0.0,-0.20661298612300938,0.5449871465295623,0.2938144329896904,-0.9515151515151515,0.6378814047207831,0.0,3.0,4.48
STU-13736,0.2,0.0015717092337917153,-1.1673805036833997,0.15424164524421538,-0.09106529209622018,0.9272727272727272,-0.24179620034542315,1.0,2.0,4.28
STU-11241,0.2,-0.07858546168958744,-0.3217406201816006,0.0,0.2555841924398628,0.5636363636363634,0.12435233160621764,0.0,4.0,4.47
STU-12610,-0.8,-0.3206286836935166,-0.4656501627548409,1.3059125964010276,-0.5884879725085915,0.09090909090909056,0.4812895797351756,0.0,4.0,5.11
STU-12312,0.8,-0.3457760314341846,-0.19085146479355905,-1.1208226221079698,-0.37585910652920984,0.945454545454545,-1.0086355785837653,0.0,3.0,2.88
STU-13127,-0.4,-0.0990176817288803,-0.31214665067671793,-0.44215938303341956,-0.10524054982817888,0.01818181818181779,-0.05526770293609678,1.0,2.0,4.86
STU-10211,0.8,0.51237721021611,0.3320198732225447,-1.1105398457583546,-0.757731958762887,0.1515151515151515,0.2625215889464596,0.0,4.0,2.8
STU-13319,0.6,-0.4919449901768175,0.9988007538118888,-0.30848329048843254,0.413659793814433,0.24848484848484853,1.641911341393207,0.0,3.0,4.71
STU-11950,-0.2,0.037721021611002006,0.9988007538118888,-0.6786632390745502,0.5270618556701032,-0.8,0.9395509499136446,0.0,4.0,4.52
STU-11763,0.8,-0.4667976424361495,-2.1162412198046945,-0.5038560411311055,-0.8552405498281797,-0.3212121212121213,-0.0990213010938399,0.0,3.0,2.31
STU-10263,0.2,0.2593320235756386,0.4910056535891719,-0.2467866323907457,0.4871134020618555,0.5999999999999994,-0.6424870466321244,0.0,3.0,4.91
STU-14538,-1.0,1.390962671905698,0.5848894980298086,0.8020565552699221,0.5270618556701032,-1.236363636363636,0.69314910765688,0.0,2.0,5.68
STU-11138,0.2,0.0,0.4834675346924785,0.9871465295629819,0.5270618556701032,0.0666666666666663,0.432930339666091,1.0,4.0,5.82
STU-14365,0.4,-0.8377210216110021,0.5424019187939004,0.997429305912596,-0.3737113402061859,0.4303030303030302,0.03223949337938989,0.0,4.0,4.26
STU-13391,-0.2,1.2039292730844795,0.9988007538118888,0.45244215938303284,0.5270618556701032,-0.4424242424242426,-0.0023028209556706478,0.0,4.0,5.15
STU-13101,0.8,0.4510805500982318,-0.5191022785677586,0.791773778920308,0.5270618556701032,0.7333333333333332,0.753022452504318,0.0,0.0,5.28
STU-13731,-1.0,-0.9807465618860512,-0.6246359431214671,-0.4113110539845761,-0.6550687285223371,0.12727272727272723,-0.8290155440414508,0.0,2.0,3.38
STU-14465,2.0,-0.0031434184675834306,-0.1024498886414257,-1.3161953727506428,-1.154209621993128,0.6969696969696965,-0.9694876223373634,0.0,0.0,3.52
STU-13473,0.2,0.19174852652259344,0.9988007538118888,-0.6992287917737794,-0.17568728522336793,-0.7818181818181816,-0.895797351755901,0.0,0.0,3.82
STU-13203,1.8,0.13988212180746573,0.17646051053623357,-0.6272493573264784,-0.4321305841924402,-0.9454545454545455,-0.5342544617156016,1.0,4.0,3.49
STU-11814,1.2,0.2860510805500983,0.24567414767860157,0.7506426735218503,0.5270618556701032,0.848484848484848,0.20495106505469216,0.0,1.0,5.25
STU-11374,1.6,0.12573673870334,-0.16823710810347867,1.3059125964010276,0.4183848797250859,-0.6909090909090911,1.3978123200921129,0.0,1.0,4.42
STU-14525,-0.6,1.0860510805500985,0.9988007538118888,0.791773778920308,0.5270618556701032,-2.0727272727272723,0.7714450201496836,0.0,2.0,4.82
STU-13031,0.8,0.42593320235756404,0.0,0.3598971722365034,0.5270618556701032,1.0666666666666658,0.050662061024755276,1.0,0.0,4.24
STU-11061,0.4,-0.14616895874263258,0.2799383244817539,-0.15424164524421627,-0.6280068728522342,0.8606060606060598,-0.0805987334484743,0.0,3.0,3.29
STU-14224,-0.6,-0.9273084479371319,-0.9905773513791339,-0.6786632390745502,0.0,0.9333333333333331,0.15659182498560753,1.0,2.0,3.72
STU-10498,0.4,0.27347740667976433,-0.2662326537604937,-0.5758354755784066,-0.024054982817869528,1.4727272727272729,0.3914795624640185,0.0,2.0,4.65
STU-13356,0.8,-0.957170923379175,-0.5088230255268125,-1.3676092544987146,0.5270618556701032,0.8424242424242421,-0.7000575705238918,0.0,1.0,2.29
STU-13306,-0.6,0.13202357563850686,-0.5766660955970536,-0.3290488431876609,0.5270618556701032,-0.25454545454545446,0.5964306275187107,0.0,0.0,4.69
STU-10658,0.8,1.475834970530452,-0.2778824738735656,0.7506426735218503,0.5270618556701032,0.8303030303030302,-0.9556706966033394,0.0,4.0,4.79
STU-14526,-0.2,0.36306483300589404,-0.37108103477813986,1.0385604113110536,0.5270618556701032,-1.3757575757575757,-0.5734024179620035,0.0,0.0,4.45
STU-13320,0.2,0.8455795677799607,0.8254240191879381,0.6889460154241643,0.5270618556701032,-1.1757575757575758,-1.1583189407023604,0.0,1.0,4.83
STU-14226,-0.4,0.9430255402750493,0.15864313859859402,0.462724935732647,0.5270618556701032,-0.08484848484848517,0.6194588370754176,0.0,2.0,4.87
STU-10705,0.4,-0.6129666011787821,-0.7726571869110848,-1.8508997429305913,-0.3797250859106533,0.40606060606060596,-0.43983880253310303,0.0,2.0,2.65
STU-11312,1.2,-0.15559921414538316,-0.4567414767860206,-0.60668380462725,0.14132302405498257,0.0,0.18192285549798506,0.0,4.0,3.0
STU-14758,-0.4,-1.0168958742632614,-0.22443035806064796,-1.1208226221079698,-1.2757731958762895,-0.0909090909090911,-0.5342544617156016,0.0,0.0,3.49
STU-13384,0.0,0.20117878192534375,-0.6794586260065105,0.0411311053984567,-0.32259450171821347,0.4787878787878787,-0.3937823834196892,1.0,4.0,3.79
STU-11334,0.8,0.9524557956777996,0.10382045571355054,0.07197943444730014,-0.3028350515463918,-0.2787878787878787,0.14277489925158324,1.0,0.0,4.81
STU-12021,-0.4,-1.1159135559921416,-0.5992804522871341,-0.13367609254498794,-0.788230240549829,0.0,1.1928612550374211,1.0,2.0,2.79
STU-13258,1.2,0.43693516699410606,0.0777796813431551,0.39074550128534685,0.4304123711340207,-1.9030303030303026,0.18652849740932656,0.0,1.0,5.01
STU-11997,0.8,-1.3752455795677803,-1.0419736165838624,-0.5449871465295631,-0.9501718213058427,-0.3696969696969698,1.4231433506044908,0.0,3.0,2.28
STU-13190,-0.4,-1.6220039292730848,0.0,-1.4807197943444732,-0.6219931271477669,-0.6727272727272727,-0.29476108232584924,1.0,2.0,3.02
STU-10438,2.1,-1.0420432220039295,-1.394209354120268,0.0,-0.12585910652920998,-0.4363636363636367,-0.568796776050662,0.0,3.0,2.99
STU-13021,-0.8,0.6915520628683692,-0.04625663868425638,1.3059125964010276,0.5270618556701032,0.9090909090909084,0.9694876223373634,0.0,1.0,6.13
STU-11893,-0.2,0.0,0.6842556107589505,-0.2365038560411315,0.5270618556701032,0.8303030303030302,1.3010938399539436,1.0,2.0,4.61
STU-14315,0.0,0.7858546168958744,-0.7993832448175436,0.7403598971722362,-0.0773195876288659,0.145454545454545,-0.19113413932066786,1.0,0.0,4.3
STU-10437,-0.2,0.5233791748526524,0.08463251670378517,0.4421593830334187,0.5270618556701032,-0.18787878787878814,0.8934945308002303,0.0,4.0,4.97
STU-13783,-1.0,-0.4777996070726915,-0.6890525955113933,0.0411311053984567,-0.7306701030927841,0.5878787878787876,0.6954519286125506,0.0,1.0,4.13
STU-14636,0.6,-1.1536345776031436,-0.7473016960767528,0.8431876606683797,-0.4621993127147771,-0.6848484848484846,0.4145077720207254,1.0,0.0,4.59
STU-14927,-0.2,0.4935166994106092,-0.7034435497687178,0.32904884318766,0.0,1.6848484848484846,-0.66090961427749,1.0,2.0,5.85
STU-14748,0.2,1.0876227897838904,0.5519958882987831,0.863753213367609,0.5270618556701032,-0.46666666666666684,0.13586643638457108,1.0,4.0,5.6
STU-10096,1.2,-0.34106090373280945,0.9988007538118888,0.7197943444730068,0.122852233676976,0.6060606060606054,1.0777202072538863,1.0,2.0,4.19
STU-13590,0.2,-0.3803536345776032,0.032550967962994296,-0.8946015424164524,-0.11039518900343681,-1.3333333333333333,-0.455958549222798,0.0,3.0,3.31
STU-14243,0.8,2.124165029469548,0.9988007538118888,1.2339331619537266,0.5270618556701032,0.0,0.6401842256764538,0.0,4.0,6.18
STU-12510,0.6,-0.03614931237721029,0.06750042830220902,0.791773778920308,0.007302405498281864,-0.7151515151515153,0.009211283822682796,0.0,3.0,3.68
STU-10948,2.1,-0.0974459724950883,-0.004454342984410617,-1.007712082262211,-0.9987113402061861,-0.22424242424242427,0.0069084628670121485,0.0,4.0,3.53
STU-10984,-0.2,-1.1583497053045189,-0.12232311118725446,-0.9460154241645251,-0.48281786941580823,-0.6727272727272727,-0.27173287276914215,1.0,1.0,3.45
STU-12808,1.0,-0.4243614931237721,0.34366969333561664,-0.16452442159383046,-0.6993127147766327,-0.46666666666666684,-0.6632124352331606,0.0,3.0,3.9
STU-11088,-0.4,-0.0031434184675834306,-0.41288333047798564,-0.20565552699228806,0.0,0.8181818181818183,1.1421991940126657,0.0,3.0,5.14
STU-11267,0.4,-0.2640471512770137,-1.9814973445262984,-0.596401028277635,-0.2538659793814439,0.21818181818181778,-0.42832469775474963,0.0,4.0,3.1
STU-14950,-0.4,0.9744597249508842,-0.36011649820113134,0.5861182519280198,0.5270618556701032,0.6727272727272727,0.27864133563615434,1.0,3.0,4.84
STU-12052,-0.8,0.581532416502947,0.9988007538118888,1.3059125964010276,0.5270618556701032,-0.46666666666666684,0.35924006908462885,0.0,3.0,6.29
STU-13835,-1.0,0.2860510805500983,0.9138255953400715,1.2236503856041123,0.0,-0.26666666666666683,0.0,0.0,0.0,4.51
STU-10471,2.1,-1.2385068762278981,-0.5835189309576847,-1.336760925449872,-0.4213917525773199,-1.6424242424242421,-0.06678180771445022,0.0,4.0,2.28
STU-10788,-0.8,0.36306483300589404,-0.7096111015932854,0.462724935732647,-0.38187285223367723,0.0060606060606059305,0.601036269430052,1.0,4.0,3.86
STU-11414,0.2,0.33948919449901777,-0.0592770258694541,0.658097686375321,0.22938144329896873,-0.3696969696969698,-0.9763960852043756,0.0,1.0,4.15
STU-13761,-0.2,0.1964636542239686,-0.8117183484666789,0.6375321336760916,-0.48024054982817926,-0.42424242424242425,0.08750719631548647,1.0,0.0,4.66
STU-12303,1.0,-0.8220039292730846,0.05036833990063287,-0.46272493573264795,-1.8273195876288673,0.13939393939393907,0.2993667242371906,0.0,2.0,2.77
STU-14335,0.0,-0.5186640471512772,-0.1942778824738741,-2.0822622107969164,-0.9299828178694166,-0.21818181818181834,0.2924582613701786,0.0,3.0,2.72
STU-11810,1.8,0.7512770137524561,-0.06201816001370672,-0.8226221079691522,0.26245704467353964,0.26666666666666633,0.0,1.0,3.0,4.68
STU-12057,-1.0,-0.6286836935166995,-0.7671749186225806,-0.44215938303341956,-0.32560137457044686,0.0666666666666663,0.75993091537133,0.0,1.0,3.17
STU-11196,-0.2,0.3017681728880158,0.9988007538118888,-0.11311053984575867,-0.2220790378006875,0.02424242424242426,0.6632124352331606,0.0,4.0,3.61
STU-11386,0.6,1.1520628683693517,-0.03118040089086945,-0.09254498714653031,0.5270618556701032,-0.29696969696969705,0.10132412204951076,1.0,4.0,5.58
STU-11339,0.0,-1.7288801571709236,-1.5353777625492553,-0.534704370179949,0.0,-0.17575757575757575,0.04375359815774333,1.0,1.0,2.42
STU-12175,1.2,2.124165029469548,-0.5314373822168929,-1.3059125964010285,0.5270618556701032,-0.4727272727272728,-0.27173287276914215,0.0,4.0,3.8
STU-11083,-0.6,-0.07858546168958744,-1.753297927017304,0.061696658097685965,-1.0640034364261175,-0.9272727272727272,-0.6447898675877951,0.0,0.0,3.55
STU-11733,1.8,-0.6868369351669943,-0.5519958882987841,-1.0591259640102828,-0.5257731958762893,-0.8121212121212119,-0.766839378238342,1.0,4.0,3.39
STU-10839,0.6,1.133202357563851,-0.31899948603734896,0.8843187660668373,0.29166666666666646,-0.7212121212121213,0.5780080598733451,1.0,2.0,5.26
STU-13480,1.2,-1.3909626719056976,0.0,-2.0822622107969164,-0.4115120274914091,0.21212121212121185,0.12665515256188828,0.0,4.0,2.15
STU-10833,0.8,0.0,0.9988007538118888,-1.5835475578406168,0.5270618556701032,-0.3515151515151515,0.0,0.0,4.0,3.49
STU-14499,1.2,-0.2231827111984283,-0.621209525441152,-0.8946015424164524,-0.03694158075601374,-0.4424242424242426,0.27864133563615434,0.0,1.0,2.97
STU-12344,0.8,-0.583104125736739,0.0,-0.4113110539845761,-0.882731958762887,-0.2424242424242426,0.43523316062176187,0.0,0.0,3.53
STU-14164,-0.4,-1.1504911591355602,-0.5389755011135863,0.09254498714652941,-0.5107388316151206,0.29090909090909056,-0.14047207829591238,0.0,2.0,3.29
STU-12472,0.6,0.4573673870333989,0.3751927359945173,0.5141388174807198,-0.07689003436426148,0.5999999999999994,-0.455958549222798,1.0,3.0,4.9
STU-10552,0.2,-0.2970530451866406,0.41219804694192125,0.32904884318766,-0.47981099656357423,-0.8,0.13586643638457108,0.0,2.0,4.67
STU-10672,-0.6,-0.047151277013752574,-0.10107932156929987,1.3059125964010276,-0.11125429553264626,0.37575757575757573,0.08750719631548647,1.0,1.0,4.75
STU-10863,-1.0,0.8015717092337921,-0.21209525441151364,0.462724935732647,0.24226804123711357,-0.6484848484848486,0.7714450201496836,1.0,1.0,3.87
STU-13586,1.6,0.17917485265225946,-0.7185197875621047,0.0,-0.7637457044673545,0.42424242424242425,-1.061600460564191,0.0,3.0,3.6
STU-13229,0.2,0.5469548133595287,0.592427616926502,-0.15424164524421627,0.5270618556701032,1.042424242424242,0.08059873344847451,0.0,0.0,5.48
STU-13139,0.8,-0.29233791748526516,-0.3361315744389251,-1.1208226221079698,0.0,0.0,0.1174438687392055,0.0,2.0,3.19
STU-14336,0.4,0.4542239685658155,0.3272228884701039,0.39074550128534685,0.20790378006872817,0.7030303030303025,0.895797351755901,0.0,1.0,4.78
STU-14640,0.0,0.6255402750491161,0.2628062360801777,0.5655526992287915,0.5270618556701032,-0.5878787878787881,-0.3822682786413357,1.0,2.0,5.01
STU-12647,0.0,0.48565815324165035,0.20798355319513326,-0.09254498714653031,0.5270618556701032,0.8242424242424242,0.8013816925734024,1.0,4.0,4.39
STU-13777,-0.4,0.26247544204322204,-0.21346582148363946,1.1105398457583537,0.09407216494845357,-0.2606060606060609,-0.6908462867012091,1.0,4.0,4.48
STU-13116,-0.6,0.0,-0.5519958882987841,-1.7686375321336765,-1.1185567010309287,0.6121212121212113,-0.6516983304548072,0.0,0.0,2.3
STU-11365,1.6,0.4777996070726915,0.9864656501627536,1.0899742930591254,0.5270618556701032,-0.6303030303030301,0.7276914219919405,1.0,0.0,5.41
STU-11288,1.6,0.15559921414538316,0.9988007538118888,0.16452442159382955,-0.3182989690721656,0.6181818181818183,-0.08750719631548647,1.0,1.0,5.54
STU-11128,1.0,-0.906876227897839,-0.04008908685968874,0.13367609254498702,-0.9896907216494853,-0.44848484848484854,-0.8221070811744388,1.0,2.0,3.02
STU-13478,0.2,-1.0546168958742634,-0.6054480041117017,0.3187660668380458,-0.5936426116838495,0.3393939393939391,-0.44905008635578586,0.0,4.0,3.0
STU-14812,0.6,-1.1803536345776033,-0.7390782936439959,-0.3290488431876609,-1.2530068728522346,-0.8121212121212119,0.3293033966609098,0.0,2.0,2.04
STU-14402,0.0,-0.9115913555992142,-0.9597395922562967,-0.534704370179949,-1.076460481099657,-1.3818181818181816,0.6908462867012093,0.0,0.0,2.48
STU-14990,-0.4,-0.98860510805501,-0.2518416995031702,-0.5141388174807198,-1.9527491408934718,0.07878787878787871,-0.6516983304548072,0.0,4.0,2.64
STU-14513,-0.2,0.5233791748526524,-0.20592770258694598,-0.4215938303341903,0.19458762886597955,0.03030303030303019,0.4605641911341394,0.0,3.0,4.48
STU-14682,-0.8,-0.20117878192534375,0.11067329107418158,-0.44215938303341956,-0.1765463917525774,-0.703030303030303,-0.4444444444444444,0.0,3.0,4.4
STU-14711,0.4,-0.6271119842829078,0.20455713551481822,-0.5758354755784066,0.1168384879725086,0.0,0.14968336211859537,1.0,2.0,4.76
STU-11281,1.4,0.3834970530451866,0.9988007538118888,0.010282776349614175,0.3599656357388316,0.09696969696969704,-0.2440990213010938,1.0,0.0,5.0
STU-12091,-1.0,0.4652259332023578,0.04694192222031784,-0.5758354755784066,0.5270618556701032,0.19393939393939352,0.5710995970063327,1.0,3.0,4.89
STU-13417,0.4,-0.5846758349705307,0.07161212951858745,-0.11311053984575867,-0.4102233676975946,0.0,-0.24870466321243528,0.0,2.0,3.93
STU-14203,-0.4,-1.33909626719057,-0.013363028953229904,-1.0591259640102828,-0.8114261168384884,-0.6484848484848486,-0.3960852043753598,0.0,4.0,2.78
STU-10556,-0.4,-0.6208251473477406,0.007195477128661282,-0.5038560411311055,-0.9274054982817876,-0.6727272727272727,-0.07138744962579152,1.0,3.0,3.38
STU-10131,0.0,0.07072691552062858,-0.49785848894980395,0.24678663239074478,0.5270618556701032,-1.2,0.4559585492227981,1.0,4.0,3.66
STU-10778,-1.0,-1.1237721021611005,-0.7418194277882485,-1.7892030848329048,-0.9424398625429558,0.10303030303030296,-0.40299366724237196,1.0,1.0,2.21
STU-11724,1.0,1.3045186640471516,0.5341785163611436,0.21593830334190225,0.5270618556701032,-0.18787878787878814,-0.20955670696603346,0.0,2.0,4.28
STU-14771,0.0,-0.2829076620825149,0.6287476443378436,-0.0514138817480727,-0.3170103092783511,0.37575757575757573,-0.713874496257916,0.0,4.0,4.85
STU-14033,-0.2,-0.19174852652259344,0.9542573239677904,-0.4113110539845761,-0.4012027491408938,-0.19393939393939408,-0.0023028209556706478,0.0,1.0,4.79
STU-12263,0.6,-0.8314341846758351,0.4176803152304255,0.061696658097685965,-0.20704467353951933,-0.5393939393939396,-0.5780080598733449,0.0,2.0,3.89
STU-14065,0.4,0.25147347740667975,0.07435326366284006,0.9357326478149092,0.5270618556701032,0.1212121212121213,2.0702360391479564,1.0,2.0,5.76
STU-10045,0.0,-1.7288801571709236,0.0,0.4421593830334187,-1.6288659793814444,-0.03636363636363666,-0.009211283822682796,0.0,4.0,2.46
STU-11068,-0.2,-1.0058939096267192,-1.0248415281822862,0.4832904884318763,-0.19802405498281794,0.0,-0.07829591249280367,0.0,2.0,3.22
STU-10241,-1.0,0.5516699410609038,0.859002912455027,0.5758354755784056,0.24012027491408902,-0.17575757575757575,-1.040875071963155,0.0,1.0,4.55
STU-10740,-1.0,0.13988212180746573,0.724002055850607,0.5038560411311046,-0.021907216494845592,0.15757575757575742,0.8036845135290731,0.0,3.0,4.76
STU-13629,0.2,-1.7288801571709236,-0.8267945862600659,-1.727506426735219,-0.860824742268042,-0.6606060606060604,0.0,0.0,4.0,2.33
STU-12759,0.6,0.7732809430255406,0.9988007538118888,1.2956298200514136,0.0,-0.06666666666666685,0.0046056419113415,0.0,2.0,5.15
STU-10126,-0.4,0.6412573673870332,-0.6911084461195824,1.1413881748071972,0.10695876288659778,0.3878787878787876,-0.46747265400115146,0.0,1.0,4.68
STU-12254,1.0,0.0,-1.3777625492547554,-0.7814910025706947,-0.9574742268041245,-0.03636363636363666,1.22279792746114,0.0,4.0,2.46
STU-14342,-0.2,1.6424361493123774,0.1579578550625316,0.9665809768637526,0.5270618556701032,0.9030303030303024,0.2579159470351181,0.0,4.0,5.02
STU-10558,-1.0,-0.8078585461689588,0.0,0.34961439588688925,-0.5700171821305849,0.12727272727272723,0.6609096142774901,0.0,3.0,3.58
STU-10720,0.2,1.3783889980353636,0.7815658728799031,0.0,0.5270618556701032,0.09696969696969704,0.6056419113413932,0.0,2.0,4.63
STU-14239,0.8,-0.7214145383104127,0.27445605619324964,0.5655526992287915,-0.3359106529209627,-0.23636363636363666,-0.386873920552677,0.0,4.0,3.69
STU-10675,-0.8,0.4793713163064835,-0.14356690080520904,0.7506426735218503,0.03393470790377975,0.03030303030303019,-0.7230857800805988,0.0,2.0,4.74
STU-11670,0.0,0.09273084479371316,0.0,0.5141388174807198,0.0206185567010305,0.6121212121212113,0.274035693724813,0.0,4.0,4.59
STU-12321,-1.0,-0.4935166994106092,-0.9289018331334593,-0.5038560411311055,-1.1146907216494852,-0.04848484848484852,0.591824985607369,0.0,3.0,2.63
STU-12761,1.2,-1.4601178781925346,-0.2168922391639545,-1.5526992287917742,-0.807560137457045,-0.7090909090909089,-0.5826137017846863,0.0,0.0,2.82
STU-14311,0.4,1.1127701375245578,-0.30255268117183526,0.10282776349614357,0.24871134020618538,0.9333333333333331,1.0017271157167533,0.0,2.0,4.51
STU-11562,-0.8,1.5921414538310414,0.880931985609045,0.34961439588688925,0.5270618556701032,1.145454545454545,0.9740932642487047,1.0,1.0,5.06
STU-13743,0.0,0.029862475442043148,-1.0351207812232324,0.07197943444730014,0.44029209621993154,0.31515151515151485,0.518134715025907,1.0,0.0,4.71
STU-12517,1.4,0.6601178781925344,0.6068185711838265,-1.1619537275064273,0.5270618556701032,0.26666666666666633,-0.31778929188255617,0.0,3.0,3.9
STU-12340,0.6,-0.028290766208251432,-0.29227342813089013,-0.06169665809768688,0.006872852233676834,0.9272727272727272,-0.3914795624640185,0.0,1.0,3.57
STU-12402,-1.0,0.44793713163064836,0.4142538975501105,0.9768637532133667,-0.614690721649485,-0.34545454545454557,-0.10362694300518141,1.0,3.0,4.81
STU-14020,1.4,-0.5752455795677801,-0.35806064759294215,0.4730077120822621,-0.3028350515463918,-0.06060606060606091,0.5112262521588946,1.0,0.0,5.01
STU-14222,-0.6,-0.3819253438113949,-1.044714750728114,-0.40102827763496196,-1.326890034364262,-1.8909090909090907,1.22279792746114,0.0,4.0,2.94
STU-14591,-1.0,0.21532416502946947,0.658214836388555,0.3598971722365034,-0.07216494845360859,-0.5454545454545455,1.609671848013817,0.0,4.0,5.85
STU-14723,-0.2,1.3469548133595288,0.9241048483810166,0.15424164524421538,0.5270618556701032,0.0,-0.5641911341393206,0.0,2.0,5.09
STU-10496,-0.4,-0.5563850687622789,-0.297070412883331,-0.3393316195372751,0.13960481099656366,0.48484848484848464,-0.5204375359815775,0.0,3.0,3.53
STU-11101,0.0,-0.7654223968565816,-0.17851636114442473,1.2956298200514136,-0.6486254295532653,-1.4242424242424243,-0.46516983304548076,1.0,2.0,4.42
STU-14135,0.0,1.0420432220039293,0.7671749186225796,-0.4215938303341903,0.5270618556701032,-1.103030303030303,-0.2256764536557282,0.0,2.0,4.53
STU-13060,0.2,-0.12259332023575631,-0.032550967962995274,-0.534704370179949,-0.0378006872852238,-0.07878787878787871,-0.8911917098445598,1.0,2.0,4.23
STU-13686,2.1,-0.07072691552062858,0.056535891725200516,-1.470437017994859,-0.5798969072164951,0.03636363636363612,0.17962003454231443,0.0,2.0,3.19
STU-10615,0.8,-0.19017681728880173,-0.712352235737537,0.22622107969151642,0.5270618556701032,-0.33333333333333315,-0.5595854922279793,0.0,4.0,4.55
STU-10252,-0.6,0.9115913555992144,0.9988007538118888,0.7506426735218503,-0.6391752577319595,-0.36363636363636387,-0.310880829015544,0.0,2.0,4.59
STU-13592,-0.6,-0.6569744597249509,-1.1228370738393012,0.3187660668380458,-0.16194158075601428,0.1212121212121213,-0.02072538860103624,1.0,4.0,4.21
STU-13273,1.2,0.6239685658153243,0.25184169950316826,-0.26735218508997494,0.5270618556701032,1.2969696969696964,-0.6079447322970639,1.0,0.0,5.16
STU-14153,-0.4,0.023575638506876287,0.9988007538118888,-1.8817480719794346,0.12714776632302385,0.745454545454545,-1.0546919976971791,0.0,4.0,3.6
STU-11256,-0.6,-0.919449901768173,0.17508994346410775,-0.8226221079691522,-0.24312714776632363,-1.212121212121212,-0.7322970639032815,0.0,1.0,2.89
STU-13110,-1.0,0.3190569744597249,-0.3635429158814464,0.02056555269922835,-0.5841924398625437,1.042424242424242,-0.13356361542890044,0.0,4.0,4.57
STU-13369,0.4,1.6220039292730848,0.5985951687510697,0.5244215938303339,0.5270618556701032,0.0,-0.4951065054691998,1.0,4.0,5.77
STU-13318,0.2,-0.6459724950884088,-0.4526297755696432,-0.40102827763496196,-0.20103092783505194,-0.4727272727272728,0.6148531951640763,0.0,2.0,2.63
STU-10641,0.2,1.1017681728880162,0.5328079492890178,0.22622107969151642,0.5270618556701032,-1.193939393939394,-0.10592976396085205,0.0,0.0,4.58
STU-13608,-1.0,-0.9398821218074659,-1.0865170464279608,-0.5861182519280208,-1.3131443298969083,0.17575757575757575,-0.8750719631548648,0.0,1.0,2.48
STU-12104,-0.8,0.03300589390962686,-0.6260065101935929,-0.40102827763496196,0.5270618556701032,-1.0787878787878786,0.0,1.0,4.0,4.04
STU-13392,0.8,0.5862475442043223,-0.9213637142367659,0.16452442159382955,0.1056701030927833,0.648484848484848,0.8313183649971216,0.0,4.0,4.13
STU-14573,1.6,0.3316306483300589,0.24156244646222313,-0.2982005141388175,0.28737113402061865,0.9878787878787876,0.6079447322970639,0.0,0.0,4.3
STU-14808,0.2,-0.034577603143418574,-1.3359602535549087,0.4215938303341894,-0.882731958762887,0.4,0.6540011514104781,1.0,2.0,3.24
STU-11494,0.6,1.1520628683693517,0.9988007538118888,0.6169665809768633,0.5270618556701032,-0.34545454545454557,0.6102475532527346,1.0,2.0,5.04
STU-10882,-0.2,-0.8817288801571711,0.9988007538118888,0.9151670951156807,-0.521907216494846,-1.2787878787878788,0.38917674150834786,0.0,2.0,2.97
STU-13868,0.2,0.0,-1.3126606133287657,-0.740359897172237,-1.3238831615120286,-1.6787878787878787,-1.077720207253886,1.0,0.0,2.6
STU-13236,-0.6,0.40235756385068777,0.17714579407229697,0.8740359897172232,0.5270618556701032,-1.1515151515151514,-1.0869314910765688,0.0,2.0,4.91
STU-10710,-1.0,0.007858546168958855,-0.5033407572383082,0.30848329048843165,-0.321735395189004,0.35757575757575744,0.08059873344847451,1.0,0.0,4.19
STU-12241,0.4,-0.5406679764243615,-1.132431043344184,-1.665809768637532,-0.6507731958762892,0.8121212121212114,-0.6586067933218193,0.0,4.0,1.81
STU-10405,0.6,1.0137524557956779,0.4615384615384605,-0.7609254498714654,0.23926116838487957,0.1515151515151515,-0.6263672999424295,0.0,0.0,5.2
STU-14969,-0.2,0.2326129666011789,0.6897378790474546,0.7712082262210795,-0.07646048109965645,-0.5636363636363639,-1.1514104778353484,0.0,2.0,4.72
STU-11693,1.0,1.3359528487229864,0.9988007538118888,1.203084832904884,0.5270618556701032,-0.6363636363636361,0.08750719631548647,1.0,4.0,5.56
STU-11156,-0.6,-0.726129666011788,-2.1162412198046945,-1.4293059125964014,-0.32517182130584243,1.3333333333333333,-0.4766839378238342,0.0,0.0,2.89
STU-11753,1.4,0.38821218074656205,0.009251327736850497,-0.17480719794344554,-0.12972508591065343,1.1393939393939392,0.37075417386298226,0.0,0.0,5.15
STU-12837,0.6,0.2561886051080552,0.0,0.4421593830334187,0.2302405498281788,0.303030303030303,0.9096142774899253,1.0,0.0,4.3
STU-13276,-0.8,-0.7371316306483302,0.0435155045400028,-1.8303341902313623,-0.46778350515463946,-0.042424242424242586,0.0,0.0,2.0,3.07
STU-10320,0.0,1.1504911591355602,0.5718691108446109,0.061696658097685965,0.5270618556701032,0.7212121212121213,-0.2440990213010938,0.0,0.0,4.9
STU-11817,1.4,-0.5438113948919452,0.5540517389069722,-0.11311053984575867,0.5270618556701032,-0.27272727272727276,-0.4605641911341394,0.0,2.0,4.81
STU-11971,0.0,0.8738703339882121,0.9988007538118888,1.1722365038560407,0.5270618556701032,-0.33939393939393964,-0.26021876799078875,1.0,3.0,5.63
STU-11750,-1.0,-1.2557956777996073,-0.6856261778310783,-1.264781491002571,-1.9776632302405512,0.6181818181818183,-0.7069660333909039,0.0,0.0,2.99
STU-10140,0.0,0.012573673870334002,0.0,-0.06169665809768688,0.5270618556701032,0.303030303030303,1.4738054116292458,0.0,0.0,4.97
STU-13537,-1.0,1.691159135559922,0.19290731540174633,1.1825192802056548,0.5270618556701032,-0.1212121212121213,2.1565918249856075,0.0,3.0,5.8
STU-11754,0.6,-0.8487229862475444,-0.369710467706014,0.462724935732647,-0.2066151202749143,0.44242424242424205,-0.6655152561888313,0.0,1.0,4.29
STU-10436,0.4,-1.1677799607072694,-0.1490491690937133,-0.31876606683804676,-0.885738831615121,-1.5333333333333332,-0.9948186528497411,0.0,4.0,2.79
STU-13080,-0.2,-0.6365422396856583,-0.2737707726571872,0.2570694087403599,0.33333333333333315,1.5757575757575757,0.9994242947610826,1.0,4.0,5.0
STU-11492,-0.2,0.0,0.9988007538118888,-1.0385604113110545,0.20446735395188975,0.16363636363636333,0.33160621761658043,0.0,0.0,4.92
STU-11509,-0.8,1.081335952848723,0.9988007538118888,1.3059125964010276,0.41237113402061853,1.0909090909090906,-0.7000575705238918,0.0,1.0,5.3
STU-14260,-1.0,-0.14931237721021604,0.6061332876477632,-0.1439588688946021,0.06529209621993114,-1.6424242424242421,1.646516983304548,0.0,3.0,4.24
STU-12618,-0.2,0.958742632612967,0.8603734795271538,1.2442159383033418,0.5270618556701032,-1.0060606060606059,-1.2020725388601037,1.0,4.0,5.46
STU-14725,-1.0,-0.29862475442043235,0.40397464450916437,1.3059125964010276,0.36640893470790403,0.4303030303030302,1.6396085204375364,1.0,4.0,5.09
STU-10220,-0.2,0.1823182711198429,0.28816172691450975,-0.44215938303341956,-0.14862542955326502,-0.5636363636363639,-0.08520437535981581,0.0,4.0,4.53
STU-13855,0.2,-0.34420432220039293,-0.1970190166181267,-1.1208226221079698,0.3505154639175258,-0.9454545454545455,0.5273459988485896,0.0,0.0,3.44
STU-10696,0.6,0.5846758349705307,-0.2415624464622241,1.1413881748071972,0.3032646048109968,0.26666666666666633,0.6171560161197469,1.0,4.0,5.38
STU-10779,0.2,0.14931237721021604,-0.5341785163611454,-0.30848329048843254,-0.14561855670103102,1.2666666666666657,-0.7691421991940127,0.0,4.0,4.63
STU-13631,1.0,0.7701375245579567,-0.6335446290902864,-0.2570694087403599,0.5270618556701032,0.3515151515151515,-0.4444444444444444,0.0,1.0,4.35
STU-12416,-0.2,-1.7288801571709236,-1.1098166866541035,-1.0282776349614395,-0.8445017182130593,0.345454545454545,-0.45826137017846863,0.0,2.0,2.29
STU-11071,1.2,0.48408644400785866,0.8178859002912446,-0.31876606683804676,0.36683848797250845,1.163636363636363,-0.49280368451352907,0.0,0.0,4.86
STU-13842,1.0,-0.6239685658153243,-0.5444577694020906,0.08226221079691431,-0.5841924398625437,0.07878787878787871,0.2533103051237768,1.0,0.0,3.31
STU-12461,0.2,0.0,-0.5280109645365778,-1.1105398457583546,-1.4755154639175267,0.16363636363636333,-0.26021876799078875,0.0,0.0,2.63
STU-14726,1.0,-0.6129666011787821,-0.0818913825595345,0.462724935732647,-0.18513745704467374,-0.4424242424242426,0.6286701208981001,0.0,4.0,4.32
STU-12201,0.4,0.6208251473477406,-0.1942778824738741,0.34961439588688925,0.5270618556701032,0.4666666666666663,1.8445595854922285,0.0,2.0,4.87
STU-14078,-0.8,0.7497053045186641,0.08394723316772275,1.203084832904884,0.023195876288659465,0.5393939393939391,0.26482440990213024,0.0,1.0,5.25
STU-10782,0.2,0.009430255402750571,-0.6657529552852505,-0.8740359897172241,-0.29768041237113446,0.10909090909090889,-0.35233160621761667,0.0,4.0,2.93
STU-13610,2.0,-0.14931237721021604,-0.3765633030666441,-0.2365038560411315,-0.24312714776632363,0.951515151515151,0.6102475532527346,0.0,2.0,5.01
STU-10198,0.2,-0.3159135559921415,-0.4313859859516886,0.17480719794344463,-0.6430412371134023,-0.9939393939393941,0.0,0.0,0.0,4.29
STU-13453,-0.8,-0.9414538310412576,0.28816172691450975,-0.18508997429305973,-0.5296391752577322,0.8727272727272728,0.5342544617156015,0.0,2.0,3.51
STU-13956,-0.8,2.124165029469548,-0.014733596025356697,-1.1413881748071981,-1.0910652920962207,0.04242424242424205,-0.8198042602187681,0.0,3.0,3.55
STU-12392,0.6,0.18860510805500974,0.5629604248757916,-0.7609254498714654,0.5270618556701032,0.7333333333333332,2.150834772596431,0.0,1.0,4.2
STU-14643,-0.4,-0.0031434184675834306,0.9988007538118888,-0.44215938303341956,0.5270618556701032,0.0060606060606059305,-0.6355785837651123,0.0,4.0,4.37
STU-13923,-0.2,-0.14145383104125744,-0.46222374507452485,0.39074550128534685,-0.7744845360824747,1.1757575757575758,-0.12895797351755894,0.0,3.0,3.71
STU-10282,1.0,-0.5485265225933204,-0.5321226657529563,-0.7095115681233937,0.02620274914089346,0.9272727272727272,1.7639608520437542,0.0,4.0,3.19
STU-13841,1.6,-1.1850687622789786,-0.6774027753983214,-0.4318766066838054,0.0,0.5636363636363634,-0.6125503742084053,0.0,0.0,3.58
STU-13495,1.4,0.06758349705304516,0.5218434127120092,1.00771208226221,0.11941580756013757,2.048484848484848,0.35233160621761667,0.0,3.0,5.84
STU-10583,0.6,-0.8628683693516701,-0.7445605619325001,0.5552699228791764,-0.43384879725085973,-0.2848484848484852,-0.6217616580310881,1.0,3.0,3.6
STU-10125,0.8,1.2416502946954813,0.5355490834332693,1.3059125964010276,0.5270618556701032,1.2909090909090906,0.6056419113413932,0.0,0.0,5.99
STU-11850,-1.0,0.11944990176817287,0.01336302895322893,0.3598971722365034,0.5270618556701032,0.3393939393939391,1.3425446171560165,1.0,1.0,4.45
STU-12744,0.4,1.224361493123772,-0.14151105019701982,1.0488431876606679,0.4192439862542954,0.0,2.1565918249856075,1.0,3.0,5.05
STU-14558,-1.0,-0.3237721021611003,0.6301182114099704,-0.17480719794344554,0.19115120274914113,-0.7939393939393941,-0.16119746689694883,0.0,3.0,4.5
STU-14086,1.4,-0.5563850687622789,0.8357032722288842,-0.010282776349615089,0.5270618556701032,-1.193939393939394,-0.7852619458837076,0.0,3.0,3.73
STU-10853,-1.0,0.05186640471512772,0.9988007538118888,0.7712082262210795,0.4351374570446736,-0.1333333333333337,0.13356361542890044,0.0,3.0,4.52
STU-10993,-0.4,-0.6051080550098232,0.4615384615384605,-0.8843187660668382,-0.34922680412371193,0.2787878787878787,0.21876799078871625,1.0,4.0,4.45
STU-11354,0.0,-0.4510805500982318,0.4300154188795608,-0.7506426735218512,-0.6323024054982821,0.0,1.7317213586643643,0.0,0.0,4.25
STU-14539,-0.2,-0.1603143418467583,-0.26965907144080975,0.6375321336760916,-0.5798969072164951,-0.6848484848484846,0.4513529073114566,1.0,4.0,3.74
STU-12589,-0.6,0.5406679764243615,0.340928559191365,0.9562982005141384,0.217783505154639,-0.2,-0.9349453080023029,0.0,4.0,5.01
STU-13658,0.0,0.583104125736739,0.0,0.5244215938303339,0.29896907216494834,0.448484848484848,2.1565918249856075,0.0,4.0,4.53
STU-10303,-0.2,0.46365422396856576,0.15864313859859402,-0.20565552699228806,0.3629725085910656,-1.303030303030303,-0.16119746689694883,0.0,2.0,4.0
STU-12210,-0.4,-1.7288801571709236,-0.5910570498543781,-0.2570694087403599,-2.0671713917525785,0.20606060606060592,0.0,0.0,4.0,2.44
STU-13518,-0.4,-0.1477406679764243,0.9988007538118888,0.5038560411311046,0.5270618556701032,0.6909090909090906,-0.6056419113413932,1.0,3.0,4.7
STU-10614,-0.4,-0.6554027504911593,-0.8870995374336136,-0.0514138817480727,0.19587628865979403,-0.8666666666666668,-0.04375359815774313,0.0,4.0,3.35
STU-13538,-0.8,-0.20117878192534375,0.07024156244646164,0.0,-0.02577319587628904,0.7757575757575758,-0.9280368451352907,1.0,3.0,4.27
STU-13652,0.6,0.012573673870334002,0.9988007538118888,0.4010282776349611,0.008591065292096347,-1.2848484848484847,0.13816925734024194,1.0,1.0,4.55
STU-12810,0.8,-0.02200392927308457,-0.08531780023984954,1.2750642673521841,-0.491838487972509,0.5818181818181817,1.139896373056995,1.0,0.0,4.84
STU-11372,0.2,-0.9414538310412576,-1.0796642110673298,-0.668380462724936,-0.2585910652920968,-0.08484848484848517,-0.2625215889464594,0.0,4.0,3.17
STU-11757,0.6,1.1159135559921418,0.9988007538118888,0.15424164524421538,0.5270618556701032,0.8363636363636361,-0.3891767415083477,0.0,4.0,5.93
STU-10630,1.2,0.5532416502946955,-0.006510193592599833,-0.2879177377892033,0.23582474226804115,-0.48484848484848464,0.15428900402993667,0.0,4.0,5.01
STU-11761,0.0,-0.07229862475442057,0.4211067329107405,-0.4113110539845761,-0.06572164948453617,0.1515151515151515,2.123200921128382,0.0,1.0,4.67
STU-11360,0.2,1.2793713163064837,0.33544629090285977,1.3059125964010276,0.5270618556701032,-0.8484848484848485,-0.04145077720207248,0.0,0.0,5.43
STU-10384,0.4,0.5862475442043223,0.20935412026726005,-0.08226221079691523,0.5270618556701032,-0.42424242424242425,0.20034542314335066,0.0,3.0,4.91
STU-10861,1.2,-0.719842829076621,-0.545143052938154,-1.7994858611825195,-0.541666666666667,0.4727272727272722,-0.039147956246401834,0.0,0.0,2.87
STU-10550,2.0,-1.1866404715127703,-1.2311118725372634,0.061696658097685965,-1.0283505154639183,-0.903030303030303,-0.4260218767990789,0.0,4.0,3.21
STU-11546,-0.2,-0.4243614931237721,-0.8795614185369202,-0.2982005141388175,-0.9875429553264614,-0.03030303030303019,1.324122049510651,0.0,3.0,3.69
STU-11949,0.6,-0.16974459724950888,0.9988007538118888,-1.6349614395886896,-0.6705326460481104,-1.745454545454545,0.6378814047207831,0.0,4.0,3.24
STU-11675,0.4,-1.007465618860511,-1.1050197019016628,-1.1105398457583546,-1.41151202749141,-0.8181818181818183,1.0339666090961428,0.0,2.0,2.33
STU-14144,-0.6,-0.15402750491159145,0.9597395922562957,-0.041131105398457615,0.26417525773195855,0.8787878787878787,-0.5987334484743811,0.0,1.0,3.23
STU-10059,1.6,0.5611001964636544,0.09628233681685708,0.9151670951156807,0.46477663230240546,-1.7151515151515149,-0.4997121473805412,1.0,0.0,4.94
STU-12440,0.6,1.1426326129666013,0.2785677574096271,0.8431876606683797,0.47895189003436417,0.6242424242424243,-0.6102475532527347,0.0,2.0,5.66
STU-14013,0.6,0.3866404715127703,-0.26965907144080975,0.7506426735218503,0.290378006872852,0.1878787878787876,0.5964306275187107,0.0,4.0,5.01
STU-13329,0.2,-0.025147347740668003,-0.22511564159671135,-0.06169665809768688,-0.9020618556701036,-0.6909090909090911,0.02533103051237774,0.0,3.0,2.56
STU-11860,0.2,0.12259332023575631,-0.654788418708241,0.6992287917737785,-0.32731958762886637,-0.7212121212121213,0.08750719631548647,0.0,1.0,3.68
STU-13826,0.6,0.4872298624754421,-0.34641082747987023,0.0,0.43256013745704464,0.2787878787878787,0.432930339666091,0.0,4.0,4.38
STU-10302,0.4,0.014145383104125716,0.4080863457255428,0.23650385604113058,-0.1529209621993129,-1.5333333333333332,1.4024179620034547,1.0,3.0,5.07
STU-14492,1.8,0.24833005893909632,-1.2941579578550628,0.7095115681233927,-0.7611683848797255,0.3393939393939391,-0.9372481289579737,0.0,3.0,3.81
STU-12567,2.0,-0.20746561886051088,0.9988007538118888,0.9460154241645242,0.5270618556701032,-1.236363636363636,-0.7023603914795625,1.0,2.0,5.14
STU-13997,-0.8,0.3787819253438115,0.08463251670378517,-0.2365038560411315,0.17182130584192448,-0.23636363636363666,1.9435808865860684,0.0,2.0,4.76
STU-13603,0.6,-0.21060903732809433,-0.3128319342127813,-0.9871465295629828,0.10395189003436439,0.02424242424242426,-0.5641911341393206,0.0,4.0,3.37
STU-10153,0.8,0.11473477406679773,-0.23402432756553065,-0.6786632390745502,0.5270618556701032,-0.6848484848484846,0.8865860679332185,0.0,4.0,4.07
STU-12839,0.0,0.20746561886051088,-0.18742504711324404,-0.03084832904884344,-0.3389175257731961,-1.16969696969697,1.8353483016695453,1.0,4.0,3.45
STU-14484,2.1,0.0,-0.6164125406887102,-0.31876606683804676,-0.986254295532647,0.0666666666666663,0.6516983304548074,1.0,1.0,3.48
STU-10770,-1.0,1.4664047151277013,0.9988007538118888,1.3059125964010276,0.5270618556701032,-0.2787878787878787,-0.8981001727115718,0.0,4.0,6.41
STU-13571,1.4,-0.0738703339882123,0.9988007538118888,0.37017994858611764,0.29639175257731937,-0.3696969696969698,-0.2026482440990213,0.0,3.0,3.93
STU-13908,1.2,0.3426326129666012,-0.8836731197532985,-0.8431876606683806,0.1817010309278347,-0.2787878787878787,-0.95797351755901,0.0,4.0,4.16
STU-13317,1.2,-0.031434184675834864,0.6102449888641416,0.16452442159382955,-0.06099656357388327,-0.8242424242424242,0.02533103051237774,0.0,4.0,4.45
STU-13382,0.0,-0.0015717092337917153,-0.7651190680143913,0.3187660668380458,0.1877147766323021,0.18181818181818168,-0.8911917098445598,0.0,1.0,3.82
STU-14292,0.0,-0.5186640471512772,0.2991262634915192,-0.15424164524421627,0.1262886597938144,1.1999999999999995,-0.2302820955670697,1.0,0.0,4.91
STU-13653,0.0,-0.0738703339882123,0.2984409799554558,-0.7814910025706947,0.00042955326460442057,-0.9696969696969698,-0.1174438687392055,0.0,4.0,4.23
STU-10402,0.6,-0.15402750491159145,-0.15864313859859597,-0.03084832904884344,0.3251718213058418,-0.5878787878787881,-0.16119746689694883,0.0,2.0,4.11
STU-10572,0.6,-0.8487229862475444,-0.7685454856947074,-0.9562982005141393,-0.23152920962199328,1.0121212121212113,-0.48589522164651705,0.0,2.0,3.54
STU-11333,-1.0,0.3206286836935166,0.0,0.4318766066838045,0.2542955326460483,-1.1212121212121213,1.1053540587219346,1.0,4.0,4.84
STU-13891,-1.0,0.30333988212180746,0.12849066301182016,-0.0514138817480727,0.2272336769759448,-1.1212121212121213,-0.4052964881980426,1.0,4.0,4.63
STU-13315,1.2,0.34106090373280945,0.24087716292615974,0.05141388174807179,0.5270618556701032,-0.44848484848484854,0.02533103051237774,1.0,2.0,5.42
STU-13327,0.8,0.0,0.9391810861744035,-0.020565552699229262,0.04553264604811009,-0.9454545454545455,0.0,1.0,3.0,4.9
STU-13030,0.8,1.2353634577603145,0.29432927873907744,-0.2365038560411315,0.5270618556701032,-0.4363636363636367,-0.6286701208981003,0.0,2.0,4.45
STU-12032,-0.4,-0.16345776031434173,-1.4935754668494094,0.45244215938303284,0.0,0.0,1.8169257340241798,1.0,2.0,4.41
STU-11607,-1.0,1.6675834970530454,0.2771971903375013,1.3059125964010276,0.466494845360825,-0.03636363636363666,-1.1237766263673001,0.0,2.0,5.62
STU-10798,-1.0,2.124165029469548,0.0,-0.668380462724936,-0.3797250859106533,-1.242424242424242,0.1842256764536557,0.0,4.0,3.14
STU-10532,-0.2,-0.12888015717092344,-1.2907315401747477,0.030848329048842524,-1.2237972508591073,0.0,0.3684513529073116,0.0,1.0,3.85
STU-13805,0.0,-1.7288801571709236,-0.1963337330820633,-1.2544987146529567,-1.2757731958762895,-1.4181818181818178,-0.44905008635578586,0.0,4.0,1.12
STU-11918,0.0,-0.15402750491159145,0.17577522700017018,-0.7814910025706947,0.4510309278350518,0.0,0.3983880253310307,0.0,4.0,4.07
STU-12240,-0.4,0.7952848722986247,0.9988007538118888,-0.40102827763496196,-0.13487972508591076,0.03030303030303019,0.987910189982729,0.0,4.0,4.61
STU-12492,-1.0,0.49980353634577607,0.24087716292615974,0.8329048843187655,0.0708762886597935,-0.9939393939393941,0.0,0.0,1.0,4.44
STU-13811,0.2,0.045579567779960584,0.47387356518759577,0.863753213367609,-0.4858247422680416,0.39393939393939353,0.4559585492227981,1.0,2.0,5.25
STU-11583,0.4,-0.2907662082514735,0.35737536405687775,-0.7300771208226229,-0.9428694158075608,0.4545454545454545,0.5803108808290157,0.0,3.0,7.394150224970773
STU-12145,0.2,0.18703339882121803,-0.27651190680143983,0.45244215938303284,0.5270618556701032,-0.07272727272727278,1.4507772020725391,0.0,2.0,5.38
STU-11524,0.6,-1.2840864440078588,-0.9508309062874774,-0.6272493573264784,-1.1447594501718221,0.39393939393939353,-0.5158318940702361,0.0,4.0,2.72
STU-11398,0.4,-1.3469548133595288,-1.5703272228884708,-1.2956298200514145,-1.7452749140893482,0.848484848484848,0.31778929188255617,0.0,0.0,1.97
STU-13887,-0.8,-0.2451866404715129,-0.0256981326023652,0.9871465295629819,-0.8646907216494855,1.0606060606060599,-0.2832469775474956,1.0,3.0,4.48
STU-10527,0.4,-1.232220039292731,0.0,0.45244215938303284,-0.637027491408935,-0.5272727272727272,-0.04375359815774313,0.0,2.0,4.1
STU-13715,-0.4,-0.35992141453831034,-0.16344012335103683,-0.4524421593830338,-1.213058419243987,-0.21818181818181834,-0.16119746689694883,0.0,2.0,4.16
STU-13927,0.0,0.45893909626719065,-0.37450745245845585,0.37017994858611764,0.0,0.7757575757575758,1.261945883707542,1.0,3.0,4.73
STU-11539,-0.4,0.6915520628683692,0.0,0.41131105398457524,-0.40936426116838515,-0.34545454545454557,1.0869314910765688,0.0,4.0,4.33
STU-13756,1.4,-0.14302554027504916,0.9988007538118888,-0.4113110539845761,-0.5322164948453612,-0.6242424242424243,-0.6678180771445021,0.0,4.0,3.84
STU-14035,1.0,0.8707269155206286,0.16892239163954012,0.45244215938303284,-0.044243986254295604,0.4363636363636361,0.0,0.0,2.0,4.76
STU-11484,-0.8,-1.3218074656188608,0.39643652561247095,-0.4215938303341903,-1.0485395189003444,0.3272727272727272,0.2118595279217041,0.0,4.0,3.32
STU-10773,-0.6,-0.19803536345776032,0.21826280623607935,0.8843187660668373,0.5270618556701032,0.04848484848484852,-0.7691421991940127,0.0,0.0,4.46
STU-10088,-1.0,0.12416502946954802,0.9988007538118888,-1.0591259640102828,0.5270618556701032,-0.8727272727272728,0.8796776050662061,0.0,4.0,5.11
STU-12536,-1.0,0.3929273084479372,-1.6772314545143057,0.20565552699228715,-0.8393470790378015,0.13333333333333316,-0.5158318940702361,1.0,2.0,2.77
STU-12882,2.0,-0.9524557956777997,-0.9309576837416486,-1.1208226221079698,-0.76331615120275,-0.5090909090909089,0.5020149683362121,0.0,4.0,2.38
STU-10661,0.2,0.22003929273084488,-0.03529210210724788,0.07197943444730014,0.38187285223367723,-1.0727272727272728,-0.630972941853771,1.0,2.0,5.04
STU-11519,-0.2,0.5626719056974461,0.39026897378790426,0.3187660668380458,0.5270618556701032,-0.7515151515151515,0.7645365572826712,0.0,0.0,5.61
STU-13896,0.6,0.15559921414538316,-0.37450745245845585,1.3059125964010276,0.14390034364261153,-0.01818181818181833,1.4254461715601614,0.0,4.0,3.75
STU-14271,-1.0,-0.6239685658153243,-0.3327051567586101,-0.2879177377892033,-0.9463058419243993,0.848484848484848,-0.7369027058146229,0.0,3.0,3.71
STU-14775,0.4,-0.0031434184675834306,0.5101935925989373,0.863753213367609,0.34965635738831635,-0.22424242424242427,-0.44905008635578586,0.0,4.0,5.07
STU-13412,-0.2,-0.2420432220039292,0.6383416138427263,0.5038560411311046,0.16022336769759415,-0.11515151515151537,-0.17731721358664357,0.0,3.0,4.42
STU-13807,-1.0,-0.3929273084479372,-0.9124550282679466,-0.4318766066838054,-0.4686426116838495,-1.2545454545454544,-0.32700057570523894,0.0,2.0,2.83
STU-13112,-1.0,-0.9367387033398823,-0.545143052938154,-1.1311053984575838,0.0,0.44242424242424205,-0.0898100172711571,0.0,2.0,3.0
STU-10545,0.2,0.9273084479371315,0.1463080349494597,-0.09254498714653031,0.5270618556701032,0.16363636363636333,-0.8313183649971215,1.0,4.0,4.84
STU-11835,1.2,1.1552062868369355,0.9988007538118888,-0.09254498714653031,0.5270618556701032,-0.7878787878787876,0.7484168105929767,1.0,3.0,5.24
STU-13685,-1.0,-1.1724950884086447,-0.011307178345040688,-0.1953727506426739,0.0,-0.12727272727272723,1.1306850892343125,0.0,4.0,2.7
STU-13241,0.8,-0.4432220039292732,-0.7335960253554916,-0.3393316195372751,-0.17955326460481139,-1.0060606060606059,-0.5457685664939551,0.0,0.0,3.82
STU-13919,-0.6,1.4302554027504917,0.6232653760493393,1.00771208226221,0.5270618556701032,-0.7151515151515153,-0.31548647092688553,1.0,4.0,5.51
STU-14421,-0.4,-1.5182711198428294,-1.3825595340071961,-0.6580976863753218,-1.174398625429554,1.1939393939393936,0.08290155440414516,0.0,1.0,2.19
STU-13099,0.0,0.11159135559921429,0.9809833818742493,0.17480719794344463,0.4072164948453606,1.636363636363636,2.1565918249856075,0.0,0.0,5.47
STU-10184,-0.4,0.7937131630648333,0.9988007538118888,0.0,0.3599656357388316,0.01818181818181779,0.7000575705238918,1.0,4.0,5.45
STU-10680,0.4,1.0766208251473481,-0.9590543087202332,0.0,0.35738831615120265,0.16363636363636333,-0.9096142774899252,0.0,4.0,4.12
STU-11076,0.0,0.5375245579567781,0.18879561418536886,0.2570694087403599,0.5270618556701032,0.29090909090909056,-0.009211283822682796,0.0,3.0,4.51
STU-12932,0.2,-0.4353634577603143,-1.1742333390440298,-0.2467866323907457,-0.3341924398625432,1.1212121212121213,-0.2579159470351181,1.0,1.0,3.52
STU-10147,0.4,-0.3206286836935166,-0.4512592084975164,0.8534704370179939,-0.853092783505155,-0.42424242424242425,0.4858952216465171,0.0,4.0,3.57
STU-11066,-1.0,0.7041257367387035,0.9988007538118888,0.7609254498714645,0.23410652920962224,-0.10303030303030296,-0.881980426021877,1.0,3.0,5.65
STU-11172,-0.6,-0.5626719056974461,-0.22100394038033294,0.37017994858611764,-0.3548109965635743,0.6545454545454539,1.0777202072538863,0.0,3.0,3.77
STU-11540,0.0,0.38506876227897835,0.060647592941578954,0.29820051413881654,0.5240549828178699,-0.5696969696969698,-1.1053540587219346,0.0,1.0,4.77
STU-13591,0.8,1.2777996070726916,0.7130375192735985,0.6992287917737785,0.5270618556701032,1.4060606060606053,0.6470926885434658,0.0,2.0,4.98
STU-12422,0.8,-0.031434184675834864,-0.2518416995031702,0.0,0.242697594501718,0.4303030303030302,0.7944732297063904,1.0,3.0,4.17
STU-11276,0.6,0.1964636542239686,0.6602706869967442,-0.041131105398457615,0.5270618556701032,0.29090909090909056,0.24870466321243528,1.0,3.0,4.51
STU-11193,1.2,-0.2609037328094303,0.02638341613842665,-0.8226221079691522,0.4604810996563576,0.7696969696969698,-0.27633851468048365,0.0,3.0,3.97
STU-14503,-0.2,0.7874263261296663,0.9988007538118888,-0.30848329048843254,0.5270618556701032,1.5818181818181816,-0.02072538860103624,0.0,4.0,4.79
STU-12127,-1.0,-0.3347740667976426,-0.6821997601507632,-1.2853470437017993,-0.8522336769759457,0.945454545454545,2.01496833621186,0.0,3.0,2.99
STU-11368,-0.6,0.11944990176817287,-0.09628233681685902,0.30848329048843165,-0.7104810996563581,1.242424242424242,1.1214738054116293,1.0,1.0,4.7
STU-11903,0.2,-0.532809430255403,0.24910056535891661,-0.5861182519280208,-0.21778350515463962,0.0060606060606059305,-0.21416234887737476,1.0,4.0,3.88
STU-13032,0.4,-0.4950884086444009,-0.3327051567586101,0.0,-0.08848797250859121,-0.02424242424242426,0.5872193436960277,1.0,0.0,4.22
STU-13797,-0.8,0.10216110019646372,0.6938495802638331,0.17480719794344463,0.0,-0.5939393939393941,1.9804260218767997,0.0,0.0,4.07
STU-12445,0.2,-0.1477406679764243,-0.27582662326537644,-0.12339331619537285,0.0,-0.07878787878787871,0.47207829591249284,1.0,0.0,3.88
STU-14984,1.0,-0.3803536345776032,-1.4757580949117703,-0.5655526992287925,-0.735395189003437,0.7999999999999995,-1.0086355785837653,1.0,4.0,3.12
STU-14549,0.2,0.2231827111984283,-0.698646565016276,0.4010282776349611,-0.021907216494845592,0.6363636363636361,2.1565918249856075,1.0,3.0,4.9
STU-14546,-0.8,-0.41178781925343805,-0.9857803666266921,0.7197943444730068,-1.1718213058419251,0.7030303030303025,0.5503742084052965,1.0,3.0,2.88
STU-10764,-0.6,-0.37092337917485263,0.22443035806064698,-0.6889460154241652,-0.42826460481099676,-1.0121212121212118,0.6263672999424295,0.0,3.0,3.57
STU-10501,-0.6,1.390962671905698,0.862429330135343,1.00771208226221,0.5270618556701032,0.0,-0.8267127230857801,1.0,3.0,7.0
STU-12367,0.8,-1.0278978388998037,-1.6881959910913147,0.34961439588688925,-1.63831615120275,0.6242424242424243,0.4375359815774325,0.0,4.0,2.57
STU-12735,0.2,-0.12573673870334,0.0,0.0,0.04853951890034348,0.4303030303030302,-0.7253886010362696,1.0,2.0,4.76
STU-11026,1.2,0.0,-0.880931985609047,-1.069408740359897,0.0,0.8424242424242421,-0.30397236614853185,0.0,3.0,3.84
STU-13313,0.0,-1.2165029469548136,-1.3914682199760153,-0.10282776349614449,-1.7740549828178707,-0.4363636363636367,1.7156016119746693,1.0,2.0,2.66
STU-12266,-1.0,0.3929273084479372,-0.2545828336474228,1.120822622107969,0.5270618556701032,0.46060606060606035,0.0,0.0,4.0,4.67
STU-12815,0.4,0.2451866404715129,0.1373993489806404,-0.46272493573264795,-0.885738831615121,0.07272727272727278,-0.6424870466321244,0.0,1.0,3.4
STU-10219,-1.0,0.8502946954813361,0.5005996230940546,-0.18508997429305973,0.5270618556701032,-1.0484848484848486,-0.24870466321243528,0.0,1.0,4.73
STU-11406,-0.4,0.06601178781925343,0.9988007538118888,0.29820051413881654,0.5270618556701032,0.3393939393939391,-0.310880829015544,0.0,4.0,4.84
STU-12953,-0.6,0.7528487229862475,0.3745074524584539,1.1413881748071972,0.5270618556701032,-0.4121212121212124,0.22337363270005756,1.0,1.0,5.73
STU-11927,0.2,0.631827111984283,0.6027068699674482,-0.020565552699229262,0.5270618556701032,0.0,-0.5918249856073691,0.0,2.0,5.0
STU-14301,-0.4,-1.4255402750491162,-0.9227342813088927,-0.4215938303341903,-1.1808419243986261,0.11515151515151482,0.49510650546919993,0.0,0.0,3.45
STU-13334,0.0,2.124165029469548,-1.285934555422307,-0.7917737789203089,-0.37113402061855694,0.06060606060606038,1.1168681635002882,0.0,1.0,3.31
STU-14074,1.4,-0.9634577603143419,0.03597738564330933,0.2776349614395882,0.19845360824742236,-0.2424242424242426,-0.7783534830166955,0.0,1.0,3.74
STU-14595,0.6,-0.9854616895874264,-0.5218434127120102,-0.534704370179949,-0.8934707903780073,0.0,0.05757052389176742,1.0,3.0,3.48
STU-13654,0.6,0.6412573673870332,-0.24567414767860254,-0.2467866323907457,0.5270618556701032,-0.27272727272727276,-0.9326424870466322,0.0,4.0,4.07
STU-11263,1.2,-1.0876227897838902,-0.48346753469247944,-1.4807197943444732,-1.3530927835051556,0.0,0.5734024179620034,0.0,4.0,2.48
STU-11844,1.6,-1.0483300589390965,-0.4916909371252363,-0.30848329048843254,-0.8543814432989696,0.17575757575757575,-0.7184801381692574,0.0,4.0,2.86
STU-11423,-0.4,-1.3736738703339886,0.3847867054994,-0.44215938303341956,-0.47723367697594526,0.6060606060606054,-0.22337363270005756,0.0,0.0,3.88
STU-10598,0.8,0.0,0.1463080349494597,1.1002570694087397,0.5270618556701032,-0.6787878787878787,1.9527921704087512,0.0,1.0,4.91
STU-12598,0.4,-0.06601178781925343,0.7116669522014727,0.6272493573264775,-0.7847938144329906,0.0,-0.06217616580310872,0.0,3.0,3.85
STU-10685,0.6,0.0,-0.712352235737537,-0.4215938303341903,0.25214776632302377,1.133333333333333,0.0,0.0,4.0,3.54
STU-12838,0.8,0.4557956777996072,0.8055507966421103,1.1722365038560407,0.5270618556701032,0.5999999999999994,0.0,0.0,0.0,4.81
STU-10513,-0.6,-0.10373280943025544,0.0,-0.1439588688946021,-0.539089347079038,-0.26666666666666683,1.1767415083477262,1.0,4.0,4.83
STU-10132,-1.0,0.0,0.1236936782593793,0.9871465295629819,0.5270618556701032,-0.3515151515151515,0.03223949337938989,0.0,1.0,4.44
STU-11988,0.0,0.26247544204322204,-0.391639540860032,-0.6478149100257077,0.1735395189003434,0.8848484848484847,-0.35002878526194586,0.0,1.0,3.89
STU-13122,-0.2,0.16502946954813374,0.0,0.3598971722365034,-0.2156357388316157,0.6969696969696965,0.0,0.0,2.0,3.98
STU-11270,0.6,-0.26561886051080547,-1.407915024841529,0.658097686375321,-0.6443298969072169,0.21212121212121185,-0.10362694300518141,1.0,0.0,4.28
STU-11261,0.8,0.545383104125737,0.5567928730512239,0.8740359897172232,0.37929553264604826,-0.042424242424242586,-0.30397236614853185,1.0,0.0,5.88
STU-11701,1.2,1.0499017681728882,-0.3142025012849072,1.1722365038560407,0.5270618556701032,-0.35757575757575744,-1.146804835924007,1.0,3.0,4.95
STU-11364,-0.2,-0.8801571709233793,-0.6561589857803678,-1.1413881748071981,-0.6920103092783508,-0.04848484848484852,0.667818077144502,1.0,4.0,3.04
STU-10664,0.0,0.19960707269155203,-1.3229398663697107,-0.35989717223650436,-1.3032646048109975,0.09696969696969704,2.1565918249856075,0.0,3.0,2.72
STU-14329,0.4,0.7245579567779961,-0.17508994346410872,0.4730077120822621,0.18041237113402084,0.4666666666666663,-0.4697754749568222,1.0,3.0,4.59
STU-13904,0.0,-0.20117878192534375,0.0,0.010282776349614175,-0.2757731958762889,-0.4363636363636367,-0.02763385146804839,0.0,3.0,3.77
STU-12795,-0.8,-1.0844793713163068,-0.7610073667980138,-0.12339331619537285,-1.67310996563574,0.31515151515151485,-0.13816925734024174,0.0,0.0,2.95
STU-13640,0.0,0.23732809430255403,0.7377077265718681,0.462724935732647,0.5270618556701032,0.8303030303030302,1.0454807138744964,1.0,4.0,5.46
STU-11907,1.0,0.9147347740667978,-0.06818571183827339,0.17480719794344463,0.5270618556701032,0.545454545454545,0.26482440990213024,1.0,4.0,5.32
STU-11642,0.8,0.1603143418467583,0.21140997087544927,0.658097686375321,-0.11426116838488025,-0.7515151515151515,0.35924006908462885,1.0,0.0,4.28
STU-12698,-1.0,0.6962671905697446,-0.5382902175775239,0.0,-0.1623711340206187,0.7757575757575758,1.2803684513529074,0.0,4.0,4.9
STU-14914,-0.4,1.4318271119842831,0.74935754668494,-0.596401028277635,0.5270618556701032,0.2969696969696965,-0.07138744962579152,0.0,4.0,5.83
STU-10051,1.0,1.1520628683693517,0.2258009251327728,0.462724935732647,0.5270618556701032,0.7090909090909083,0.2394933793897525,0.0,4.0,5.31
STU-10099,-1.0,-0.2813359528487229,0.19564844954599894,-0.44215938303341956,0.44329896907216493,-2.0727272727272723,0.8175014392630974,1.0,4.0,4.7
STU-11990,0.6,-0.906876227897839,0.023642281994174036,0.4215938303341894,-0.5335051546391756,0.13939393939393907,0.1174438687392055,1.0,0.0,4.2
STU-10014,0.2,1.4475442043222009,0.4204214493746781,-0.06169665809768688,0.4334192439862541,-0.4,1.1053540587219346,0.0,2.0,4.87
STU-13508,0.6,0.03614931237721029,-0.18125749528867638,0.5964010282776341,-0.43384879725085973,1.1878787878787875,-0.3684513529073114,1.0,3.0,4.6
STU-10724,0.2,-1.3406679764243616,-1.5189309576837424,-1.8200514138817483,-1.6975945017182141,-0.8181818181818183,0.4122049510650548,0.0,4.0,2.32
STU-11771,-0.4,0.0,-0.6959054308720243,0.0,0.34664948453608235,0.07878787878787871,-0.3776626367299942,0.0,2.0,4.88
STU-11212,-1.0,0.7009823182711201,0.6061332876477632,0.2776349614395882,0.5270618556701032,-0.07272727272727278,0.9303396660909615,0.0,2.0,4.95
STU-11379,0.6,0.07072691552062858,-0.800068528353607,0.5964010282776341,0.047680412371134025,0.6666666666666669,0.2394933793897525,0.0,4.0,4.13
STU-11587,0.0,0.17445972495088402,0.9988007538118888,0.9254498714652949,-0.4256872852233684,1.3393939393939391,0.2556131260794474,0.0,2.0,3.67
STU-14016,0.6,0.6774066797642435,0.8350179886928207,1.3059125964010276,0.5270618556701032,0.08484848484848463,-0.17271157167530227,0.0,3.0,5.54
STU-13808,0.4,-0.744990176817289,-0.12917594654788453,-0.473007712082263,0.0,-0.49090909090909113,2.1565918249856075,0.0,4.0,2.99
STU-13147,-0.2,-0.8612966601178784,0.36971046770601207,0.2879177377892024,-0.3780068728522338,-0.29696969696969705,0.05987334484743807,0.0,4.0,3.87
STU-12740,0.2,-1.0153241650294698,-0.6657529552852505,-0.010282776349615089,-0.23410652920962224,0.6060606060606054,2.1565918249856075,1.0,3.0,3.55
STU-13407,0.0,0.28762278978389005,-0.2045571355148202,-0.40102827763496196,0.44201030927835044,0.40606060606060596,0.23258491652274035,0.0,4.0,3.6
STU-10195,0.2,0.755992141453831,0.35531951344868856,0.4730077120822621,-0.011597938144330343,0.39393939393939353,1.5083477259643066,0.0,3.0,4.8
STU-12821,0.0,0.7198428290766207,0.12437896179544172,1.3059125964010276,0.0,-0.44848484848484854,0.8934945308002303,1.0,4.0,5.21
STU-11688,1.2,-1.0907662082514737,0.09902347096110968,-0.5552699228791773,-0.685137457044674,-1.0484848484848486,-0.42832469775474963,1.0,0.0,3.65
STU-14051,2.1,-0.09115913555992144,-0.06612986123008514,0.0,0.03951890034364271,0.17575757575757575,0.24640184225676465,1.0,1.0,4.0
STU-14032,-0.4,-1.5795677799607077,0.3395579921192382,-0.8946015424164524,-1.0279209621993135,0.6848484848484846,-0.0898100172711571,0.0,4.0,2.79
STU-11356,0.4,1.0200392927308448,-0.3320198732225467,0.730077120822622,0.09364261168384853,-0.4424242424242426,-0.33160621761658027,0.0,1.0,5.0
STU-14587,0.8,-0.738703339882122,-1.7827651190680152,-0.2570694087403599,0.0,-0.35757575757575744,-0.46747265400115146,0.0,1.0,2.53
STU-10254,0.0,-0.6035363457760315,0.3957512420764085,-0.5449871465295631,-0.09235395189003466,-0.4787878787878787,0.26482440990213024,0.0,3.0,4.3
STU-11916,0.4,0.20275049115913546,0.4916909371252344,-0.03084832904884344,0.3427835051546389,-0.1515151515151515,-0.280944156591825,0.0,0.0,4.55
STU-11900,0.4,-1.0168958742632614,0.22922734281308785,-0.3804627249357327,-0.5966494845360828,-0.6848484848484846,0.9165227403569373,0.0,4.0,3.73
STU-11486,-0.4,0.5233791748526524,0.17646051053623357,-0.4524421593830338,0.11554982817869412,0.19393939393939352,0.8520437535981579,0.0,4.0,3.56
STU-10995,0.8,-0.07544204322200401,-0.005824910056536437,0.8843187660668373,0.19802405498281794,0.10909090909090889,0.4467472654001153,1.0,3.0,4.52
STU-14171,0.6,1.2935166994106093,0.9988007538118888,0.8329048843187655,0.5270618556701032,0.7878787878787876,-0.7737478411053541,0.0,3.0,6.53
STU-11205,0.4,0.30019646365422403,0.9988007538118888,-0.26735218508997494,0.01030927835051525,-1.806060606060606,-0.310880829015544,0.0,2.0,3.74
STU-13347,0.6,1.214931237721022,0.5533664553709089,-0.15424164524421627,0.0,0.03636363636363612,1.0017271157167533,1.0,4.0,5.6
STU-11968,-1.0,-1.1410609037328097,-1.8910399177659765,-0.6786632390745502,-1.552835051546393,-1.2787878787878788,-0.13816925734024174,1.0,1.0,2.05
STU-11163,0.2,0.29233791748526516,0.08052081548740674,0.5861182519280198,0.2525773195876288,-0.3272727272727272,-0.5434657455382844,1.0,2.0,5.33
STU-11222,-0.8,0.1587426326129666,-2.1162412198046945,-0.534704370179949,-0.4591924398625431,-0.5575757575757574,0.0,0.0,2.0,3.14
STU-13219,0.8,-0.4888015717092338,0.33613157443892316,0.37017994858611764,-0.19329896907216507,-1.9030303030303026,-0.7967760506620611,0.0,3.0,3.91
STU-10884,-0.6,0.7214145383104127,0.4492033578893262,-0.13367609254498794,-0.003006872852233996,0.42424242424242425,-1.0362694300518136,0.0,0.0,4.04
STU-12296,0.2,1.463261296660118,0.8713380161041623,0.8329048843187655,0.5270618556701032,0.9999999999999994,-0.7760506620610248,1.0,0.0,5.44
STU-13716,0.4,-0.587819253438114,-0.8261093027240025,-0.7506426735218512,-1.6898625429553276,0.6787878787878787,0.32700057570523894,1.0,1.0,3.59
STU-14675,0.8,0.5893909626719058,0.43070070241562325,-1.1208226221079698,0.3960481099656359,0.7878787878787876,-0.17040875071963163,1.0,2.0,5.23
STU-10048,2.0,0.03929273084479372,-0.6993318485523393,0.4832904884318763,-0.023195876288660076,1.0121212121212113,-1.0523891767415086,1.0,3.0,4.19
STU-10439,1.6,1.0939096267190573,-0.632859345554224,0.37017994858611764,0.5270618556701032,-0.8363636363636361,-0.766839378238342,1.0,1.0,4.94
STU-14021,0.4,-0.4432220039292732,-0.2086688367311986,1.3059125964010276,0.15206185567010283,-0.5090909090909089,0.9096142774899253,1.0,3.0,4.84
STU-13090,-0.6,0.29233791748526516,0.02638341613842665,-0.31876606683804676,0.5270618556701032,0.345454545454545,-1.1076568796776052,0.0,4.0,4.97
STU-10135,-0.6,0.6113948919449904,-0.5328079492890186,0.5038560411311046,-0.5790378006872857,-0.36363636363636387,0.5710995970063327,0.0,4.0,4.57
STU-13507,2.1,-0.11944990176817287,0.45400034264176703,-0.8534704370179949,0.40936426116838515,-0.49090909090909113,0.5964306275187107,0.0,4.0,4.89
STU-13661,0.0,0.6821218074656189,0.13465821483638782,-0.08226221079691523,0.5270618556701032,-0.6424242424242426,-0.9188255613126081,1.0,2.0,4.72
STU-12119,0.8,-0.3096267190569746,0.058591742333389735,0.08226221079691431,-0.32259450171821347,0.26666666666666633,0.8405296488198043,0.0,3.0,4.22
STU-13485,-1.0,1.2793713163064837,0.7198903546342296,0.7506426735218503,0.21692439862542956,0.3393939393939391,-0.37996545768566486,1.0,4.0,6.04
STU-14851,1.4,-0.5233791748526524,-0.19085146479355905,0.10282776349614357,-0.8707044673539528,2.018181818181817,0.0,1.0,3.0,4.04
STU-12413,1.2,0.7135559921414538,0.9988007538118888,0.997429305912596,0.5270618556701032,-0.3939393939393941,-0.3914795624640185,0.0,3.0,5.6
STU-10191,2.0,-0.5076620825147349,0.9988007538118888,0.13367609254498702,0.393900343642612,0.2787878787878787,-0.6125503742084053,0.0,1.0,4.58
STU-10854,1.8,0.2420432220039292,0.9988007538118888,-0.18508997429305973,0.13058419243986227,0.44242424242424205,0.5572826712723088,0.0,3.0,4.7
STU-14620,-0.6,-0.9053045186640473,-0.23745074524584667,-0.35989717223650436,-0.3904639175257736,0.5151515151515148,0.07829591249280367,0.0,1.0,3.5
STU-10116,-0.8,0.3017681728880158,-0.17988692821655056,0.30848329048843165,0.5270618556701032,-1.0787878787878786,1.8215313759355216,0.0,1.0,4.18
STU-11629,0.8,-0.6601178781925345,-1.4332705156758612,-0.4215938303341903,-0.9020618556701036,0.4363636363636361,0.6263672999424295,0.0,2.0,2.83
STU-14273,1.2,0.18860510805500974,0.21963337330820515,-0.3907455012853478,0.5004295532646047,0.303030303030303,-0.33621185952792176,0.0,3.0,4.75
STU-10774,0.6,-0.45893909626719065,0.859002912455027,-0.6169665809768642,-0.4823883161512032,0.29090909090909056,0.17962003454231443,0.0,2.0,3.76
STU-10018,-0.4,1.3108055009823185,-0.0037690594483472204,-0.17480719794344554,0.5270618556701032,0.9757575757575757,-0.9234312032239494,0.0,2.0,5.02
STU-14707,1.0,-0.7811394891944992,0.3532636628404993,0.1439588688946012,-0.6305841924398632,0.2787878787878787,0.6816350028785263,0.0,3.0,3.66
STU-12372,-0.6,0.0,-0.11341442521843517,0.11311053984575775,0.5270618556701032,0.9575757575757569,-0.812895797351756,0.0,4.0,5.08
STU-10662,0.2,-1.2023575638506878,0.4430358060647585,-1.1516709511568122,-0.564862542955327,-0.3939393939393941,-0.45826137017846863,0.0,4.0,3.3
STU-14379,0.4,1.031041257367387,0.2833647421620689,0.9768637532133667,-0.19201030927835058,-0.6121212121212124,-1.0316637881404722,1.0,2.0,5.74
STU-11880,1.6,-0.3064833005893909,-0.032550967962995274,-0.31876606683804676,0.5270618556701032,-2.0727272727272723,-0.6977547495682211,0.0,4.0,4.26
STU-11015,-0.6,-0.4573673870333989,-0.9090286105876316,0.2879177377892024,-0.22981099656357437,1.151515151515151,0.5618883131836502,1.0,0.0,4.61
STU-12421,-0.6,0.5972495088408647,0.0880589343841002,-0.2776349614395891,0.09278350515463908,0.07878787878787871,0.4674726540011515,0.0,4.0,4.97
STU-10050,-0.6,-0.6082514734774067,-0.6952201473359609,0.7814910025706937,0.5270618556701032,0.9030303030303024,-0.8105929763960853,1.0,2.0,4.37
STU-10010,0.6,-1.3233791748526524,-0.300496830563646,-0.2570694087403599,-0.65979381443299,-0.27272727272727276,0.9925158318940703,1.0,0.0,3.37
STU-11890,-0.8,0.0,-0.3484666780880595,-0.21593830334190317,0.0,-0.3272727272727272,0.2717328727691424,0.0,4.0,3.86
STU-13410,0.6,-0.03929273084479372,0.862429330135343,0.8020565552699221,-0.32689003436426134,0.8121212121212114,0.2579159470351181,1.0,4.0,4.84
STU-12425,-0.8,-1.7288801571709236,-0.435497687168067,-0.7300771208226229,-1.0914948453608255,-0.37575757575757573,-0.5526770293609673,0.0,3.0,2.61
STU-11895,-0.6,0.6616895874263263,0.18536919650505287,-0.8226221079691522,0.10180412371133984,-0.4606060606060609,0.050662061024755276,1.0,4.0,4.78
STU-13088,-1.0,0.0,-0.7973273942093544,0.4215938303341894,-0.04939862542955353,0.02424242424242426,-0.6516983304548072,0.0,3.0,3.75
STU-13879,0.0,0.07072691552062858,0.17029295871166591,-0.30848329048843254,-0.18642611683848823,-0.3090909090909094,-0.4052964881980426,0.0,1.0,4.05
STU-14552,0.2,1.3092337917485264,0.9988007538118888,1.3059125964010276,0.5270618556701032,-1.0242424242424242,0.1312607944732298,1.0,4.0,6.45
STU-14624,1.4,0.2970530451866406,0.5245845468562609,0.462724935732647,-0.10695876288659839,-0.3272727272727272,0.0,0.0,0.0,5.38
STU-10019,0.8,0.21375245579567775,-1.1118725372622928,0.05141388174807179,-0.2757731958762889,-1.4606060606060605,0.6862406447898676,1.0,2.0,3.53
STU-13260,1.4,-0.12259332023575631,-0.8336474216206959,0.09254498714652941,-0.10008591065292094,-0.18787878787878814,0.2118595279217041,1.0,4.0,4.1
STU-13561,-0.6,1.3013752455795682,0.0,0.39074550128534685,0.0,0.7272727272727272,0.35924006908462885,0.0,3.0,5.75
STU-13035,0.0,-0.037721021611002006,0.4060304951173536,0.4318766066838045,-0.1683848797250861,-0.18181818181818168,-0.44905008635578586,1.0,3.0,4.89
STU-13204,-0.4,0.1587426326129666,-0.5725543943806762,0.12339331619537193,0.14604810996563544,-0.5454545454545455,-0.06908462867012087,1.0,2.0,4.06
STU-10448,-0.2,1.0420432220039293,0.48894980298098273,0.030848329048842524,0.5270618556701032,0.1212121212121213,-0.38457109959700636,0.0,0.0,5.08
STU-10836,0.4,1.2605108055009824,0.7445605619324992,-0.31876606683804676,0.5270618556701032,0.21818181818181778,-0.36154289004029927,0.0,1.0,5.36
STU-13290,0.6,-0.5202357563850689,-0.38615727257152677,-0.9768637532133676,-0.5704467353951894,0.2606060606060604,0.0,0.0,1.0,2.94
STU-14389,-1.0,1.5465618860510808,0.2765119068014379,0.4215938303341894,0.0,0.5333333333333331,0.24409902130109398,1.0,1.0,5.94
STU-13985,1.0,-0.3929273084479372,0.14151105019701787,-0.6992287917737794,-0.07603092783505203,-1.0181818181818183,1.3425446171560165,1.0,1.0,3.35
STU-10381,0.6,0.3064833005893909,-0.9021757752270005,0.37017994858611764,-0.10652920962199336,0.28484848484848463,1.9597006332757634,0.0,3.0,3.92
STU-13234,-0.2,0.5752455795677801,0.22443035806064698,-0.6272493573264784,-0.5154639175257735,-0.3515151515151515,0.43523316062176187,0.0,2.0,3.86
STU-12124,-0.2,-0.17917485265225946,0.029809833818741683,-0.2570694087403599,-1.1550687285223376,-0.49696969696969706,-0.2302820955670697,0.0,3.0,3.88
STU-12801,0.2,0.0,-1.1152989549426078,-1.3676092544987146,-0.5485395189003444,0.4787878787878787,0.0,0.0,4.0,2.33
STU-12376,0.8,-0.6019646365422398,-1.2297413054651367,-0.09254498714653031,-0.2981099656357389,1.0181818181818183,0.47207829591249284,0.0,4.0,4.27
STU-11495,0.8,-0.33948919449901777,-0.6136714065444586,-0.020565552699229262,-0.3371993127147772,0.2606060606060604,-0.8520437535981578,1.0,0.0,3.88
STU-12378,1.4,0.9131630648330058,-0.0942264862086698,1.1825192802056548,0.5270618556701032,-0.4606060606060609,0.26021876799078875,1.0,1.0,5.79
STU-12620,0.8,-0.1603143418467583,-1.081720061675519,-0.7814910025706947,-0.3230240549828185,-1.0060606060606059,-0.31778929188255617,0.0,2.0,2.69
STU-14988,0.0,0.4919449901768175,-0.032550967962995274,0.41131105398457524,0.0790378006872848,0.5393939393939391,0.0,0.0,4.0,4.47
STU-14452,1.6,0.29862475442043235,-0.07229741305465183,0.5861182519280198,0.23324742268041218,-0.38181818181818167,1.3494530800230284,0.0,4.0,4.94
STU-11273,-0.2,-1.7288801571709236,-0.975501113585747,-1.0488431876606688,-1.3672680412371143,0.13939393939393907,0.27633851468048365,0.0,0.0,1.31
STU-13135,0.0,0.5218074656188606,0.03597738564330933,0.08226221079691431,-0.013316151202749246,0.7151515151515153,-0.2394933793897525,0.0,3.0,4.71
STU-12641,-0.4,0.18546168958742631,-1.00085660442008,0.21593830334190225,0.0055841924398623505,0.0,-0.1934369602763385,1.0,4.0,3.97
STU-12551,0.4,1.3485265225933203,0.9988007538118888,-0.06169665809768688,0.5270618556701032,-0.22424242424242427,-0.8773747841105355,0.0,1.0,5.85
STU-10645,1.0,0.1948919449901769,-0.05105362343669724,0.16452442159382955,0.34965635738831635,0.1515151515151515,0.5826137017846864,1.0,4.0,4.92
STU-10382,-1.0,0.6475442043222006,0.2004454342984398,0.8226221079691514,0.40936426116838515,0.0,0.0,1.0,4.0,5.8
STU-14286,0.8,0.5736738703339883,0.49237622066129777,0.09254498714652941,0.5270618556701032,0.7636363636363628,-0.32239493379389744,0.0,3.0,5.32
STU-12342,0.6,-1.0671905697445974,-0.5650162754839818,0.1439588688946012,-0.05455326460481147,-0.24848484848484853,0.2625215889464596,0.0,4.0,2.89
STU-13924,-0.6,0.18546168958742631,0.9988007538118888,0.0,0.5270618556701032,0.7575757575757569,-0.01842256764536559,0.0,0.0,5.8
STU-12218,0.8,0.2420432220039292,-0.5965393181428824,-0.668380462724936,0.1752577319587629,0.03030303030303019,-0.5710995970063328,0.0,3.0,4.2
STU-14810,0.8,0.2561886051080552,-1.6189823539489472,-0.534704370179949,-0.7418384879725094,0.04242424242424205,-0.3960852043753598,1.0,2.0,3.85
STU-13711,0.6,1.0200392927308448,-0.5382902175775239,1.3059125964010276,-0.21778350515463962,-0.06666666666666685,-0.8175014392630974,1.0,4.0,4.67
STU-12121,1.6,0.33320235756385064,0.10793215692992897,-0.3290488431876609,0.5270618556701032,1.4242424242424243,-0.2694300518134715,0.0,1.0,4.05
STU-14531,0.2,-1.21335952848723,-1.5079664211067334,-0.15424164524421627,0.04682130584192396,-0.33939393939393964,0.28324697754749584,0.0,2.0,2.4
STU-13683,-1.0,-0.3866404715127703,-0.5191022785677586,-0.4935732647814914,-0.1499140893470795,0.3878787878787876,0.17731721358664376,1.0,4.0,4.09
STU-13270,-0.4,0.2451866404715129,-0.2600651019359271,0.09254498714652941,0.3109965635738831,0.9575757575757569,0.320092112838227,0.0,2.0,3.82
STU-12999,1.0,-0.36620825147347746,0.8076066472502985,-0.10282776349614449,0.09278350515463908,-0.9212121212121213,0.8336211859527923,0.0,0.0,4.42
STU-11481,-0.6,0.2561886051080552,0.8576323453829012,-0.596401028277635,0.5270618556701032,-0.49090909090909113,2.1565918249856075,0.0,4.0,4.05
STU-12484,0.2,1.351669941060904,0.7322254582833638,0.22622107969151642,0.5270618556701032,-0.19393939393939408,-0.5618883131836501,1.0,4.0,5.38
STU-11799,0.0,-0.38506876227897835,-1.161212951858832,-0.2467866323907457,-0.27620274914089393,0.7636363636363628,-0.8520437535981578,0.0,1.0,3.68
STU-12247,0.6,1.790176817288802,0.39232482439609345,1.3059125964010276,0.5270618556701032,0.13939393939393907,1.1306850892343125,1.0,4.0,6.4
STU-14009,0.0,0.22632612966601176,-0.37930443721089674,0.5552699228791764,-0.2830756013745708,-0.042424242424242586,1.4093264248704664,0.0,3.0,4.54
STU-12233,-0.2,-0.5312377210216113,-0.20592770258694598,-0.9357326478149101,0.5197594501718213,0.8121212121212114,0.5388601036269433,0.0,2.0,3.61
STU-12518,0.6,0.12573673870334,0.9988007538118888,0.5552699228791764,0.14475945017182099,-0.33333333333333315,-1.0362694300518136,0.0,4.0,4.39
STU-14769,-0.2,-1.4554027504911593,-0.04008908685968874,-0.11311053984575867,-2.0671713917525785,0.6969696969696965,-0.9648819804260219,1.0,4.0,3.78
STU-11979,0.8,-0.8974459724950885,0.6561589857803658,-1.0179948586118253,-0.9454467353951898,-0.33333333333333315,0.6954519286125506,0.0,3.0,3.86
STU-11274,-0.2,0.5799607072691553,0.0,0.6478149100257068,0.5270618556701032,-0.5333333333333331,0.6125503742084056,0.0,4.0,5.69
STU-13643,1.0,0.0738703339882123,0.5883159157101245,1.0385604113110536,-1.0090206185567019,0.7030303030303025,0.06908462867012087,0.0,2.0,4.89
STU-10618,-0.6,0.37721021611001976,-0.46085317800239906,0.18508997429305882,-0.03092783505154636,0.42424242424242425,0.59412780656304,0.0,4.0,4.08
STU-12709,0.0,1.2463654223968568,0.246359431214664,1.3059125964010276,0.5068728522336772,0.16363636363636333,-1.1191709844559585,0.0,4.0,5.68
STU-11516,-0.4,-0.1477406679764243,-0.114784992290561,-0.596401028277635,0.0025773195876289652,-0.5575757575757574,-0.06217616580310872,1.0,3.0,4.16
STU-10850,0.2,-0.42121807465618866,0.18605448004111627,0.863753213367609,-0.587628865979382,-1.1151515151515148,0.2878526194588371,1.0,1.0,4.25
STU-13623,-0.4,0.3426326129666012,-0.09559705328079562,-0.17480719794344554,0.2538659793814433,-1.6303030303030301,0.4467472654001153,1.0,3.0,4.03
STU-14034,1.2,0.11630648330058944,-0.4026040774370405,-1.0796915167095122,-0.08934707903780066,0.5030303030303029,0.9303396660909615,0.0,0.0,3.37
STU-11549,0.8,0.9398821218074659,0.07435326366284006,1.2442159383033418,0.5270618556701032,0.41818181818181777,0.33160621761658043,1.0,2.0,5.24
STU-10744,-0.2,0.6239685658153243,-0.16481069042316362,0.49357326478149044,-0.0038659793814434474,-1.2909090909090906,0.9671848013816927,0.0,1.0,4.01
STU-11325,0.0,1.4789783889980357,0.02158643138598482,0.8843187660668373,0.5270618556701032,0.41212121212121183,-0.052964881980425926,0.0,4.0,6.01
STU-14186,0.2,-0.22003929273084488,0.0,0.9768637532133667,0.24484536082474254,0.25454545454545446,-0.06908462867012087,0.0,1.0,4.92
STU-12272,0.2,-0.8738703339882122,-0.6760322083261955,-1.0591259640102828,-0.17740549828178745,-0.703030303030303,0.4997121473805412,0.0,4.0,3.4
STU-10698,0.0,-0.015717092337917432,0.21072468733938587,-1.2030848329048849,0.5270618556701032,0.23030303030303018,0.508923431203224,0.0,1.0,4.21
STU-10810,0.6,-0.2703339882121809,0.0,-0.18508997429305973,0.25171821305841935,-0.703030303030303,-0.6724237190558435,0.0,4.0,3.13
STU-11214,-0.6,-0.6161100196463655,0.6013363028953224,0.7095115681233927,0.0,0.24848484848484853,-0.6540011514104779,0.0,3.0,4.04
STU-14367,-0.6,0.0,0.6876820284392655,0.19537275064267298,0.4995704467353953,0.2363636363636361,0.1934369602763385,1.0,4.0,5.32
STU-10728,-0.8,1.2212180746561887,-0.1278053794757587,0.7814910025706937,0.5270618556701032,-0.5696969696969698,-0.1934369602763385,0.0,2.0,4.68
STU-13578,-1.0,-0.9996070726915522,-1.9294157957855067,0.1439588688946012,0.006872852233676834,-0.13939393939393963,0.4283246977547497,1.0,0.0,3.78
STU-14845,0.8,0.014145383104125716,-0.5088230255268125,-1.4087403598971722,-0.6864261168384885,0.0,-0.6056419113413932,1.0,3.0,3.04
STU-14405,0.6,0.0,0.3587459311290036,0.7814910025706937,-0.9686426116838492,-0.6424242424242426,-0.1128382268278642,0.0,3.0,3.96
STU-10802,0.4,1.9269155206286843,0.03049511735480508,0.0,0.5270618556701032,0.18181818181818168,-0.6563039723661486,0.0,1.0,5.56
STU-14473,-0.4,-0.8738703339882122,-0.23745074524584667,-0.8534704370179949,0.5270618556701032,-0.3212121212121213,0.18883131836499722,0.0,4.0,3.52
STU-12741,0.0,-0.7056974459724953,0.30255268117183426,-0.1439588688946021,-0.6688144329896915,-0.42424242424242425,0.5227403569372483,0.0,2.0,3.66
STU-10476,0.6,0.0,-0.5471989035463432,0.10282776349614357,-0.8230240549828188,0.2969696969696965,-0.455958549222798,1.0,3.0,2.93
STU-12140,1.2,0.41493123772102175,-0.043515504540003774,0.6169665809768633,0.27061855670103097,-0.042424242424242586,-0.8566493955094993,1.0,2.0,4.9
STU-11307,0.0,-0.15559921414538316,-0.07298269659071523,0.8431876606683797,0.25214776632302377,0.5575757575757574,1.1445020149683363,1.0,0.0,5.13
STU-13930,-0.6,-0.13831041257367402,0.5499400376905939,0.16452442159382955,0.5270618556701032,-0.10303030303030296,0.7484168105929767,0.0,0.0,5.12
STU-10806,-1.0,-0.38506876227897835,0.03392153503512012,-1.0591259640102828,-0.6786941580756016,0.1212121212121213,2.155440414507772,0.0,4.0,3.57
STU-10144,-0.6,0.7858546168958744,0.7000171320884008,-0.06169665809768688,0.5270618556701032,0.02424242424242426,1.1283822682786413,1.0,0.0,5.57
STU-11389,0.4,0.24361493123772118,0.47387356518759577,-0.0514138817480727,0.5270618556701032,0.03636363636363612,-0.7576280944156593,0.0,3.0,4.93
STU-10596,-0.6,-0.25461689587426317,-0.5691279767003602,-0.8123393316195372,-0.984106529209623,0.25454545454545446,-0.07369027058146216,0.0,0.0,2.82
STU-13721,0.2,-0.47308447937131637,0.83707383930101,-0.3701799485861185,-0.22594501718213092,0.4303030303030302,0.013816925734024297,0.0,2.0,3.73
STU-10167,2.0,0.44479371316306493,0.4094569127976696,-0.35989717223650436,0.5270618556701032,-0.10909090909090943,-0.2579159470351181,0.0,3.0,5.31
STU-12512,-0.6,-0.4526522593320238,-0.10107932156929987,-0.8534704370179949,0.195446735395189,1.2060606060606054,0.0,0.0,3.0,3.87
STU-14104,-0.4,0.5265225933202358,0.02569813260236325,0.02056555269922835,0.5270618556701032,0.5090909090909089,-0.6516983304548072,0.0,4.0,5.11
STU-10943,0.4,0.23104125736738718,-0.4019187939009771,0.061696658097685965,-0.21219931271477666,1.151515151515151,0.0,0.0,4.0,4.4
STU-13117,0.8,-0.0031434184675834306,-0.6493061504197367,-0.7917737789203089,-0.1559278350515469,-0.19393939393939408,-0.2164651698330454,0.0,1.0,3.81
STU-12180,0.4,-0.12730844793713172,0.18742504711324207,-0.40102827763496196,0.3109965635738831,0.1878787878787876,0.0,0.0,4.0,4.23
STU-10269,0.8,0.5422396856581532,0.0,-0.26735218508997494,0.5270618556701032,-0.4545454545454545,0.10592976396085205,0.0,3.0,4.71
STU-11608,-0.4,-1.1866404715127703,0.1209525441151267,-0.4318766066838054,-0.444158075601375,-0.2424242424242426,2.1565918249856075,0.0,2.0,3.28
STU-14067,-0.2,-0.20432220039292745,0.35806064759294115,-0.4318766066838054,0.006013745704467382,0.6787878787878787,-0.2256764536557282,1.0,1.0,5.3
STU-10350,-0.6,0.6066797642436149,0.44509165667294776,0.4010282776349611,0.3260309278350513,-0.37575757575757573,-0.21416234887737476,0.0,3.0,4.64
STU-13521,1.4,0.050294695481336006,0.5965393181428805,-0.03084832904884344,-0.34063573883161563,-0.21818181818181834,0.10592976396085205,0.0,4.0,4.37
STU-12051,-0.4,0.0,0.9988007538118888,0.2776349614395882,0.5270618556701032,-1.0121212121212118,0.6332757628094419,0.0,4.0,5.8
STU-13915,1.4,0.40707269155206294,0.16344012335103586,-1.6349614395886896,0.1516323024054984,-0.36363636363636387,-0.8359240069084629,0.0,3.0,3.05
STU-14949,-1.0,0.933595284872299,0.04488607161212862,0.23650385604113058,0.5270618556701032,-0.8424242424242426,0.5457685664939552,0.0,3.0,5.02
STU-13146,-0.2,0.011001964636542285,-0.41356861401404904,0.22622107969151642,0.5253436426116838,0.6303030303030301,0.18883131836499722,0.0,4.0,4.56
STU-11181,0.2,0.8550098231827116,0.9988007538118888,1.2133676092544983,0.3831615120274917,-0.7636363636363639,0.7921704087507199,0.0,2.0,5.63
STU-14896,-1.0,0.11316306483300602,0.3875278396436516,1.3059125964010276,-0.40764604810996624,-0.4545454545454545,0.4605641911341394,1.0,2.0,4.49
STU-10084,-0.2,0.11473477406679773,-0.30597909885215124,-0.1953727506426739,-0.3612542955326467,0.07878787878787871,-0.1082325849165227,1.0,3.0,3.87
STU-13691,-0.6,0.1335952848722986,-0.2634915196162421,-0.6889460154241652,0.25816151202749116,0.12727272727272723,-0.895797351755901,0.0,3.0,4.64
STU-12781,0.4,1.257367387033399,-0.1024498886414257,0.0,0.5270618556701032,0.9999999999999994,-0.8566493955094993,0.0,3.0,4.62
STU-11548,0.2,-0.7151277013752456,-0.5300668151447671,-0.4524421593830338,-0.7452749140893479,1.1090909090909085,-0.26021876799078875,0.0,0.0,3.71
STU-11329,-0.6,0.6145383104125738,0.916566729484323,0.030848329048842524,0.5270618556701032,-1.8909090909090907,-0.35463442717328736,1.0,3.0,4.73
STU-14232,0.6,-1.1646365422396858,0.0,0.6272493573264775,0.5270618556701032,0.5757575757575757,1.1007484168105932,1.0,4.0,5.48
STU-11203,-0.2,1.0137524557956779,-0.011307178345040688,0.6683804627249351,0.5270618556701032,-0.5212121212121213,-0.9441565918249857,0.0,2.0,4.82
STU-11012,1.6,-0.009430255402750571,-0.3436696933356186,-0.2879177377892033,0.5270618556701032,0.8121212121212114,-0.37996545768566486,0.0,2.0,3.73
STU-12593,0.6,1.1693516699410613,-0.5773513791331171,0.16452442159382955,0.5270618556701032,0.3515151515151515,-0.4006908462867013,0.0,3.0,5.22
STU-10540,1.2,0.4950884086444009,0.9398663697104669,1.0694087403598962,0.5270618556701032,0.4303030303030302,-0.11514104778353484,1.0,4.0,5.89
STU-10053,1.0,0.1838899803536346,-0.573924961452802,0.4421593830334187,-0.5111683848797256,0.1878787878787876,-0.20955670696603346,1.0,4.0,3.83
STU-14713,-0.4,-0.8911591355599215,-0.5458283364742174,-0.9871465295629828,-0.32689003436426134,0.9393939393939391,1.2343120322394936,0.0,0.0,3.09
STU-14770,0.8,0.24361493123772118,0.45879732739420886,0.997429305912596,0.4673539518900344,-0.8181818181818183,-0.5572826712723087,0.0,3.0,4.94
STU-14795,0.4,0.21218074656188604,0.24841528182285322,1.3059125964010276,0.03049828178694133,0.3878787878787876,-0.6447898675877951,1.0,1.0,4.93
STU-11812,0.0,-0.20432220039292745,0.0,-1.3059125964010285,-0.5356529209621995,1.242424242424242,-0.27864133563615434,1.0,4.0,3.86
STU-14720,0.0,-0.51237721021611,-0.183998629432929,-0.26735218508997494,-0.8247422680412377,0.745454545454545,-0.5227403569372482,1.0,3.0,3.5
STU-12547,0.6,-0.7292730844793713,-0.2669179372965571,-0.596401028277635,-0.8389175257731964,0.04242424242424205,0.011514104778353443,0.0,4.0,3.23
STU-12309,-0.6,-0.10373280943025544,-1.4277882473873569,-0.7609254498714654,-0.8363402061855675,0.5575757575757574,-0.11974668969487615,1.0,2.0,3.67
STU-11391,0.2,0.1587426326129666,0.79664211067329,1.3059125964010276,0.24871134020618538,1.1272727272727272,-0.6148531951640761,0.0,0.0,5.35
STU-12840,-1.0,1.11434184675835,0.9988007538118888,0.15424164524421538,0.5270618556701032,0.03030303030303019,0.08290155440414516,1.0,3.0,5.32
STU-14628,1.8,0.0,0.36491348295357123,-0.35989717223650436,0.5270618556701032,0.36969696969696925,2.1565918249856075,0.0,0.0,4.54
STU-12954,0.0,1.224361493123772,0.9988007538118888,0.0,0.5270618556701032,-0.6,0.0,1.0,2.0,5.43
STU-11751,0.6,0.6333988212180749,0.31009080006852774,-0.3907455012853478,0.2951030927835049,1.8787878787878787,-0.6563039723661486,0.0,2.0,4.51
STU-10961,-0.6,0.8628683693516699,0.19016618125749468,1.3059125964010276,0.049828178694157954,-0.19393939393939408,1.0454807138744964,0.0,4.0,6.02
STU-12181,-0.4,0.51237721021611,0.3176289189652212,-0.2879177377892033,0.5270618556701032,-1.2848484848484847,-0.08750719631548647,0.0,2.0,3.51
STU-13149,-1.0,-0.21532416502946947,0.4087716292616062,1.1722365038560407,0.3032646048109968,0.6121212121212113,0.36614853195164077,0.0,2.0,4.64
STU-12557,0.4,-0.5909626719056975,-0.1970190166181267,0.22622107969151642,-1.2439862542955333,1.1393939393939392,-0.35002878526194586,0.0,3.0,3.26
STU-13569,-1.0,-0.757563850687623,0.4985437724858654,0.2776349614395882,-0.9020618556701036,-0.01818181818181833,-0.14738054116292454,1.0,2.0,4.02
STU-14169,0.6,-1.0844793713163068,-0.13123179715607375,-0.9974293059125969,0.07044673539518907,-1.4181818181818178,1.7731721358664367,0.0,0.0,3.62
STU-10141,0.6,0.2860510805500983,0.9988007538118888,0.20565552699228715,0.23281786941580776,0.6848484848484846,1.7156016119746693,0.0,2.0,4.49
STU-10889,1.8,-0.4872298624754421,-0.435497687168067,-0.3701799485861185,-0.03694158075601374,0.4363636363636361,-0.6540011514104779,0.0,2.0,3.42
